dataset_id	cell_id	original_barcode	source	truth	tumor_fraction	replicate
LLU_p80_r01	LLU_A__GATCAGTAGAGGGCTT	GATCAGTAGAGGGCTT	LLU_A	tumor	0.8	1
LLU_p80_r01	LLU_A__CGAACATCATTAACCG	CGAACATCATTAACCG	LLU_A	tumor	0.8	1
LLU_p80_r01	LLU_A__GTTCATTGTGCTAGCC	GTTCATTGTGCTAGCC	LLU_A	tumor	0.8	1
LLU_p80_r01	LLU_A__GTTTCTAGTCGGCACT	GTTTCTAGTCGGCACT	LLU_A	tumor	0.8	1
LLU_p80_r01	LLU_A__GATCGATGTTGCCTCT	GATCGATGTTGCCTCT	LLU_A	tumor	0.8	1
LLU_p80_r01	LLU_A__GGATTACGTAACGTTC	GGATTACGTAACGTTC	LLU_A	tumor	0.8	1
LLU_p80_r01	LLU_A__AGCTCTCGTTCGTTGA	AGCTCTCGTTCGTTGA	LLU_A	tumor	0.8	1
LLU_p80_r01	LLU_A__CATATTCTCATCGCTC	CATATTCTCATCGCTC	LLU_A	tumor	0.8	1
LLU_p80_r01	LLU_A__TACTTACCAGGCTCAC	TACTTACCAGGCTCAC	LLU_A	tumor	0.8	1
LLU_p80_r01	LLU_A__CTCAGAACACGACTCG	CTCAGAACACGACTCG	LLU_A	tumor	0.8	1
LLU_p80_r01	LLU_A__AGCAGCCGTCTAGCCG	AGCAGCCGTCTAGCCG	LLU_A	tumor	0.8	1
LLU_p80_r01	LLU_A__CCTTCCCTCACTGGGC	CCTTCCCTCACTGGGC	LLU_A	tumor	0.8	1
LLU_p80_r01	LLU_A__TCAACGACACATCCGG	TCAACGACACATCCGG	LLU_A	tumor	0.8	1
LLU_p80_r01	LLU_A__GCATACACACCATGTA	GCATACACACCATGTA	LLU_A	tumor	0.8	1
LLU_p80_r01	LLU_A__TTAACTCTCTGCGTAA	TTAACTCTCTGCGTAA	LLU_A	tumor	0.8	1
LLU_p80_r01	LLU_A__GGGCATCCACGGTTTA	GGGCATCCACGGTTTA	LLU_A	tumor	0.8	1
LLU_p80_r01	LLU_A__ACGTCAAAGGCAGGTT	ACGTCAAAGGCAGGTT	LLU_A	tumor	0.8	1
LLU_p80_r01	LLU_A__AGGCCGTTCCTTCAAT	AGGCCGTTCCTTCAAT	LLU_A	tumor	0.8	1
LLU_p80_r01	LLU_A__GCGCAACAGGTGGGTT	GCGCAACAGGTGGGTT	LLU_A	tumor	0.8	1
LLU_p80_r01	LLU_A__GGTATTGTCTGTTGAG	GGTATTGTCTGTTGAG	LLU_A	tumor	0.8	1
LLU_p80_r01	LLU_A__CATTATCGTACATCCA	CATTATCGTACATCCA	LLU_A	tumor	0.8	1
LLU_p80_r01	LLU_A__CACATTTGTTTAAGCC	CACATTTGTTTAAGCC	LLU_A	tumor	0.8	1
LLU_p80_r01	LLU_A__ACTGAACAGATTACCC	ACTGAACAGATTACCC	LLU_A	tumor	0.8	1
LLU_p80_r01	LLU_A__CCCAATCCATCGGACC	CCCAATCCATCGGACC	LLU_A	tumor	0.8	1
LLU_p80_r01	LLU_A__CCGGTAGGTGTAATGA	CCGGTAGGTGTAATGA	LLU_A	tumor	0.8	1
LLU_p80_r01	LLU_A__CGATGTATCACAATGC	CGATGTATCACAATGC	LLU_A	tumor	0.8	1
LLU_p80_r01	LLU_A__CTCGGGATCTACTTAC	CTCGGGATCTACTTAC	LLU_A	tumor	0.8	1
LLU_p80_r01	LLU_A__CACACCTTCCAAGTAC	CACACCTTCCAAGTAC	LLU_A	tumor	0.8	1
LLU_p80_r01	LLU_A__CTGATAGGTTAGATGA	CTGATAGGTTAGATGA	LLU_A	tumor	0.8	1
LLU_p80_r01	LLU_A__ATCACGACAAGCTGTT	ATCACGACAAGCTGTT	LLU_A	tumor	0.8	1
LLU_p80_r01	LLU_A__CATATGGGTACAAGTA	CATATGGGTACAAGTA	LLU_A	tumor	0.8	1
LLU_p80_r01	LLU_A__CATATTCAGTGTACGG	CATATTCAGTGTACGG	LLU_A	tumor	0.8	1
LLU_p80_r01	LLU_A__TGACTAGCATGGGACA	TGACTAGCATGGGACA	LLU_A	tumor	0.8	1
LLU_p80_r01	LLU_A__GACGTGCCAGCATACT	GACGTGCCAGCATACT	LLU_A	tumor	0.8	1
LLU_p80_r01	LLU_A__ACGGAGACATGAAGTA	ACGGAGACATGAAGTA	LLU_A	tumor	0.8	1
LLU_p80_r01	LLU_A__GCTGGGTCAGTAAGAT	GCTGGGTCAGTAAGAT	LLU_A	tumor	0.8	1
LLU_p80_r01	LLU_A__AGTCTTTGTCAACTGT	AGTCTTTGTCAACTGT	LLU_A	tumor	0.8	1
LLU_p80_r01	LLU_A__GCAGTTACAATCGAAA	GCAGTTACAATCGAAA	LLU_A	tumor	0.8	1
LLU_p80_r01	LLU_A__TGCACCTTCCGCGCAA	TGCACCTTCCGCGCAA	LLU_A	tumor	0.8	1
LLU_p80_r01	LLU_A__TGACTTTTCATCATTC	TGACTTTTCATCATTC	LLU_A	tumor	0.8	1
LLU_p80_r01	LLU_A__TCAATCTGTCTAGTCA	TCAATCTGTCTAGTCA	LLU_A	tumor	0.8	1
LLU_p80_r01	LLU_A__CATCGAAGTTTGACTG	CATCGAAGTTTGACTG	LLU_A	tumor	0.8	1
LLU_p80_r01	LLU_A__GGTGCGTCACATTCGA	GGTGCGTCACATTCGA	LLU_A	tumor	0.8	1
LLU_p80_r01	LLU_A__ATAGACCCATTCTTAC	ATAGACCCATTCTTAC	LLU_A	tumor	0.8	1
LLU_p80_r01	LLU_A__AGTGGGACAATAGCAA	AGTGGGACAATAGCAA	LLU_A	tumor	0.8	1
LLU_p80_r01	LLU_A__CCAGCGAGTGAAAGAG	CCAGCGAGTGAAAGAG	LLU_A	tumor	0.8	1
LLU_p80_r01	LLU_A__TCACGAACACAGGTTT	TCACGAACACAGGTTT	LLU_A	tumor	0.8	1
LLU_p80_r01	LLU_A__ACTGTCCCAATCCGAT	ACTGTCCCAATCCGAT	LLU_A	tumor	0.8	1
LLU_p80_r01	LLU_A__TGCCCATAGTGAATTG	TGCCCATAGTGAATTG	LLU_A	tumor	0.8	1
LLU_p80_r01	LLU_A__GTCGGGTTCGCATGAT	GTCGGGTTCGCATGAT	LLU_A	tumor	0.8	1
LLU_p80_r01	LLU_A__CTACATTAGAGTGAGA	CTACATTAGAGTGAGA	LLU_A	tumor	0.8	1
LLU_p80_r01	LLU_A__GGTGTTAGTCAGAGGT	GGTGTTAGTCAGAGGT	LLU_A	tumor	0.8	1
LLU_p80_r01	LLU_A__GACTGCGTCTTTACAC	GACTGCGTCTTTACAC	LLU_A	tumor	0.8	1
LLU_p80_r01	LLU_A__GGGTTGCAGGACACCA	GGGTTGCAGGACACCA	LLU_A	tumor	0.8	1
LLU_p80_r01	LLU_A__GCTTCCACAAGTTAAG	GCTTCCACAAGTTAAG	LLU_A	tumor	0.8	1
LLU_p80_r01	LLU_A__TTTATGCGTACATCCA	TTTATGCGTACATCCA	LLU_A	tumor	0.8	1
LLU_p80_r01	LLU_A__CAGTAACGTTGGTAAA	CAGTAACGTTGGTAAA	LLU_A	tumor	0.8	1
LLU_p80_r01	LLU_A__TCTATTGGTGCATCTA	TCTATTGGTGCATCTA	LLU_A	tumor	0.8	1
LLU_p80_r01	LLU_A__TCAACGAGTAGCGCTC	TCAACGAGTAGCGCTC	LLU_A	tumor	0.8	1
LLU_p80_r01	LLU_A__GATCGATCATTTGCTT	GATCGATCATTTGCTT	LLU_A	tumor	0.8	1
LLU_p80_r01	LLU_A__CGAACATGTAGCGTAG	CGAACATGTAGCGTAG	LLU_A	tumor	0.8	1
LLU_p80_r01	LLU_A__TCCACACTCCAAGTAC	TCCACACTCCAAGTAC	LLU_A	tumor	0.8	1
LLU_p80_r01	LLU_A__AGCGTCGCACCACCAG	AGCGTCGCACCACCAG	LLU_A	tumor	0.8	1
LLU_p80_r01	LLU_A__CTCAGAAGTGAGCGAT	CTCAGAAGTGAGCGAT	LLU_A	tumor	0.8	1
LLU_p80_r01	LLU_A__CCTACACCAAGCTGGA	CCTACACCAAGCTGGA	LLU_A	tumor	0.8	1
LLU_p80_r01	LLU_A__CTAGTGAAGAACTCGG	CTAGTGAAGAACTCGG	LLU_A	tumor	0.8	1
LLU_p80_r01	LLU_A__AACTCTTAGTAACCCT	AACTCTTAGTAACCCT	LLU_A	tumor	0.8	1
LLU_p80_r01	LLU_A__ACCAGTAGTGATAAAC	ACCAGTAGTGATAAAC	LLU_A	tumor	0.8	1
LLU_p80_r01	LLU_A__TACTCGCGTGCAGGTA	TACTCGCGTGCAGGTA	LLU_A	tumor	0.8	1
LLU_p80_r01	LLU_A__CATGGCGTCGGCGCTA	CATGGCGTCGGCGCTA	LLU_A	tumor	0.8	1
LLU_p80_r01	LLU_A__TCAGGTAGTCGAACAG	TCAGGTAGTCGAACAG	LLU_A	tumor	0.8	1
LLU_p80_r01	LLU_A__CCCATACCATGAACCT	CCCATACCATGAACCT	LLU_A	tumor	0.8	1
LLU_p80_r01	LLU_A__ATCATCTGTGCTAGCC	ATCATCTGTGCTAGCC	LLU_A	tumor	0.8	1
LLU_p80_r01	LLU_A__CGTTGGGTCGAGCCCA	CGTTGGGTCGAGCCCA	LLU_A	tumor	0.8	1
LLU_p80_r01	LLU_A__CTTAACTCATCCCACT	CTTAACTCATCCCACT	LLU_A	tumor	0.8	1
LLU_p80_r01	LLU_A__AAGCCGCAGGACTGGT	AAGCCGCAGGACTGGT	LLU_A	tumor	0.8	1
LLU_p80_r01	LLU_A__GGGTTGCGTAACGCGA	GGGTTGCGTAACGCGA	LLU_A	tumor	0.8	1
LLU_p80_r01	LLU_A__CGAACATAGTACCGGA	CGAACATAGTACCGGA	LLU_A	tumor	0.8	1
LLU_p80_r01	LLU_A__GTGCAGCCATGCCACG	GTGCAGCCATGCCACG	LLU_A	tumor	0.8	1
LLU_p80_r01	LLU_A__TGAAAGACAGTACACT	TGAAAGACAGTACACT	LLU_A	tumor	0.8	1
LLU_p80_r01	LLU_A__CAGTCCTGTTTGGGCC	CAGTCCTGTTTGGGCC	LLU_A	tumor	0.8	1
LLU_p80_r01	LLU_A__AGCGGTCGTATTCTCT	AGCGGTCGTATTCTCT	LLU_A	tumor	0.8	1
LLU_p80_r01	LLU_A__CCGGTAGCAACACGCC	CCGGTAGCAACACGCC	LLU_A	tumor	0.8	1
LLU_p80_r01	LLU_A__ACATGGTTCTTGGGTA	ACATGGTTCTTGGGTA	LLU_A	tumor	0.8	1
LLU_p80_r01	LLU_A__CTGAAACCAGCTTCGG	CTGAAACCAGCTTCGG	LLU_A	tumor	0.8	1
LLU_p80_r01	LLU_A__GTCATTTCAGACGCCT	GTCATTTCAGACGCCT	LLU_A	tumor	0.8	1
LLU_p80_r01	LLU_A__GACGTTAGTCATCGGC	GACGTTAGTCATCGGC	LLU_A	tumor	0.8	1
LLU_p80_r01	LLU_A__GCGCGATGTCCGTCAG	GCGCGATGTCCGTCAG	LLU_A	tumor	0.8	1
LLU_p80_r01	LLU_A__GACTGCGCACATTCGA	GACTGCGCACATTCGA	LLU_A	tumor	0.8	1
LLU_p80_r01	LLU_A__GCGGGTTCACGGCGTT	GCGGGTTCACGGCGTT	LLU_A	tumor	0.8	1
LLU_p80_r01	LLU_A__CGGCTAGAGGGCTTGA	CGGCTAGAGGGCTTGA	LLU_A	tumor	0.8	1
LLU_p80_r01	LLU_A__CAGTCCTCACGAAACG	CAGTCCTCACGAAACG	LLU_A	tumor	0.8	1
LLU_p80_r01	LLU_A__TTCGGTCCATACGCCG	TTCGGTCCATACGCCG	LLU_A	tumor	0.8	1
LLU_p80_r01	LLU_A__AGCTTGAGTGGTCCGT	AGCTTGAGTGGTCCGT	LLU_A	tumor	0.8	1
LLU_p80_r01	LLU_A__TGAGGGAAGAGCTGGT	TGAGGGAAGAGCTGGT	LLU_A	tumor	0.8	1
LLU_p80_r01	LLU_A__GGACATTAGCAAATCA	GGACATTAGCAAATCA	LLU_A	tumor	0.8	1
LLU_p80_r01	LLU_A__GCGCAACTCATAACCG	GCGCAACTCATAACCG	LLU_A	tumor	0.8	1
LLU_p80_r01	LLU_A__CCTTTCTTCGTTGCCT	CCTTTCTTCGTTGCCT	LLU_A	tumor	0.8	1
LLU_p80_r01	LLU_A__CACCACTAGGTAGCCA	CACCACTAGGTAGCCA	LLU_A	tumor	0.8	1
LLU_p80_r01	LLU_A__TACCTTATCTACGAGT	TACCTTATCTACGAGT	LLU_A	tumor	0.8	1
LLU_p80_r01	LLU_A__TCAGATGAGGCCCGTT	TCAGATGAGGCCCGTT	LLU_A	tumor	0.8	1
LLU_p80_r01	LLU_A__CTCCTAGAGGTCGGAT	CTCCTAGAGGTCGGAT	LLU_A	tumor	0.8	1
LLU_p80_r01	LLU_A__GCTTGAAGTTAAGATG	GCTTGAAGTTAAGATG	LLU_A	tumor	0.8	1
LLU_p80_r01	LLU_A__GGCCGATAGTGTTTGC	GGCCGATAGTGTTTGC	LLU_A	tumor	0.8	1
LLU_p80_r01	LLU_A__AGCAGCCAGAGTACAT	AGCAGCCAGAGTACAT	LLU_A	tumor	0.8	1
LLU_p80_r01	LLU_A__CCGTACTGTTAAGACA	CCGTACTGTTAAGACA	LLU_A	tumor	0.8	1
LLU_p80_r01	LLU_A__TTCTTAGAGATAGTCA	TTCTTAGAGATAGTCA	LLU_A	tumor	0.8	1
LLU_p80_r01	LLU_A__CGCTATCTCGCAAGCC	CGCTATCTCGCAAGCC	LLU_A	tumor	0.8	1
LLU_p80_r01	LLU_A__TCATTTGAGAGGTACC	TCATTTGAGAGGTACC	LLU_A	tumor	0.8	1
LLU_p80_r01	LLU_A__CTTCTCTAGAATAGGG	CTTCTCTAGAATAGGG	LLU_A	tumor	0.8	1
LLU_p80_r01	LLU_A__TGAGGGATCGTTGCCT	TGAGGGATCGTTGCCT	LLU_A	tumor	0.8	1
LLU_p80_r01	LLU_A__ACACCGGGTTGCGTTA	ACACCGGGTTGCGTTA	LLU_A	tumor	0.8	1
LLU_p80_r01	LLU_A__GGTGCGTGTAGGGTAC	GGTGCGTGTAGGGTAC	LLU_A	tumor	0.8	1
LLU_p80_r01	LLU_A__ATAAGAGGTAGGGTAC	ATAAGAGGTAGGGTAC	LLU_A	tumor	0.8	1
LLU_p80_r01	LLU_A__CTACATTAGTGGACGT	CTACATTAGTGGACGT	LLU_A	tumor	0.8	1
LLU_p80_r01	LLU_A__CTCACACGTGGGTATG	CTCACACGTGGGTATG	LLU_A	tumor	0.8	1
LLU_p80_r01	LLU_A__CGTTGGGTCTCAACTT	CGTTGGGTCTCAACTT	LLU_A	tumor	0.8	1
LLU_p80_r01	LLU_A__ATCTGCCCAGCGTTCG	ATCTGCCCAGCGTTCG	LLU_A	tumor	0.8	1
LLU_p80_r01	LLU_A__CACACTCTCGCATGGC	CACACTCTCGCATGGC	LLU_A	tumor	0.8	1
LLU_p80_r01	LLU_A__GCGGGTTTCTTCTGGC	GCGGGTTTCTTCTGGC	LLU_A	tumor	0.8	1
LLU_p80_r01	LLU_A__CCATTCGAGGAGTTTA	CCATTCGAGGAGTTTA	LLU_A	tumor	0.8	1
LLU_p80_r01	LLU_A__TTCTCAACAAGGTGTG	TTCTCAACAAGGTGTG	LLU_A	tumor	0.8	1
LLU_p80_r01	LLU_A__ACGAGGAGTTAAGGGC	ACGAGGAGTTAAGGGC	LLU_A	tumor	0.8	1
LLU_p80_r01	LLU_A__CTCATTACACATTCGA	CTCATTACACATTCGA	LLU_A	tumor	0.8	1
LLU_p80_r01	LLU_A__GAGGTGACAGGGTACA	GAGGTGACAGGGTACA	LLU_A	tumor	0.8	1
LLU_p80_r01	LLU_A__GTCTTCGCAGGTCGTC	GTCTTCGCAGGTCGTC	LLU_A	tumor	0.8	1
LLU_p80_r01	LLU_A__AGGCCGTCAGGACGTA	AGGCCGTCAGGACGTA	LLU_A	tumor	0.8	1
LLU_p80_r01	LLU_A__GTAACGTGTCTTGTCC	GTAACGTGTCTTGTCC	LLU_A	tumor	0.8	1
LLU_p80_r01	LLU_A__GGAGCAAAGGCGACAT	GGAGCAAAGGCGACAT	LLU_A	tumor	0.8	1
LLU_p80_r01	LLU_A__GTAACTGGTAACGTTC	GTAACTGGTAACGTTC	LLU_A	tumor	0.8	1
LLU_p80_r01	LLU_A__AACCATGTCATGGTCA	AACCATGTCATGGTCA	LLU_A	tumor	0.8	1
LLU_p80_r01	LLU_A__CTAATGGTCCAGGGCT	CTAATGGTCCAGGGCT	LLU_A	tumor	0.8	1
LLU_p80_r01	LLU_A__GATCGTACACTTCTGC	GATCGTACACTTCTGC	LLU_A	tumor	0.8	1
LLU_p80_r01	LLU_A__TGTCCCAAGTTACCCA	TGTCCCAAGTTACCCA	LLU_A	tumor	0.8	1
LLU_p80_r01	LLU_A__CTTCTCTGTCCGAATT	CTTCTCTGTCCGAATT	LLU_A	tumor	0.8	1
LLU_p80_r01	LLU_A__GATTCAGGTCTCAACA	GATTCAGGTCTCAACA	LLU_A	tumor	0.8	1
LLU_p80_r01	LLU_A__GATCTAGTCACCCGAG	GATCTAGTCACCCGAG	LLU_A	tumor	0.8	1
LLU_p80_r01	LLU_A__GATCGTATCAGGCCCA	GATCGTATCAGGCCCA	LLU_A	tumor	0.8	1
LLU_p80_r01	LLU_A__TAAGAGAAGTAACCCT	TAAGAGAAGTAACCCT	LLU_A	tumor	0.8	1
LLU_p80_r01	LLU_A__AACACGTAGTGCGATG	AACACGTAGTGCGATG	LLU_A	tumor	0.8	1
LLU_p80_r01	LLU_A__AACGTTGGTCCGAATT	AACGTTGGTCCGAATT	LLU_A	tumor	0.8	1
LLU_p80_r01	LLU_A__TTCTTAGTCTGTCCGT	TTCTTAGTCTGTCCGT	LLU_A	tumor	0.8	1
LLU_p80_r01	LLU_A__CTCGTACAGACAGACC	CTCGTACAGACAGACC	LLU_A	tumor	0.8	1
LLU_p80_r01	LLU_A__CGTCAGGGTTTAAGCC	CGTCAGGGTTTAAGCC	LLU_A	tumor	0.8	1
LLU_p80_r01	LLU_A__CCTACCAAGTGCTGCC	CCTACCAAGTGCTGCC	LLU_A	tumor	0.8	1
LLU_p80_r01	LLU_A__AACTCAGAGCAACGGT	AACTCAGAGCAACGGT	LLU_A	tumor	0.8	1
LLU_p80_r01	LLU_A__CCTCAGTCAACTGGCC	CCTCAGTCAACTGGCC	LLU_A	tumor	0.8	1
LLU_p80_r01	LLU_A__CGTGAGCTCCGATATG	CGTGAGCTCCGATATG	LLU_A	tumor	0.8	1
LLU_p80_r01	LLU_A__CAGCATAAGATATACG	CAGCATAAGATATACG	LLU_A	tumor	0.8	1
LLU_p80_r01	LLU_A__TAAGTGCAGCAGCCTC	TAAGTGCAGCAGCCTC	LLU_A	tumor	0.8	1
LLU_p80_r01	LLU_A__CAGCTGGAGTCGATAA	CAGCTGGAGTCGATAA	LLU_A	tumor	0.8	1
LLU_p80_r01	LLU_A__GGGCATCGTTTGACAC	GGGCATCGTTTGACAC	LLU_A	tumor	0.8	1
LLU_p80_r01	LLU_A__GAGGTGAGTTGCTCCT	GAGGTGAGTTGCTCCT	LLU_A	tumor	0.8	1
LLU_p80_r01	LLU_A__TGTGTTTTCTCCGGTT	TGTGTTTTCTCCGGTT	LLU_A	tumor	0.8	1
LLU_p80_r01	LLU_A__GTCTTCGTCTCCGGTT	GTCTTCGTCTCCGGTT	LLU_A	tumor	0.8	1
LLU_p80_r01	LLU_A__GACACGCTCTTGTCAT	GACACGCTCTTGTCAT	LLU_A	tumor	0.8	1
LLU_p80_r01	LLU_A__GTCGTAAGTCGGATCC	GTCGTAAGTCGGATCC	LLU_A	tumor	0.8	1
LLU_p80_r01	LLU_A__CTCTACGAGCCAGAAC	CTCTACGAGCCAGAAC	LLU_A	tumor	0.8	1
LLU_p80_r01	LLU_A__TTCTCAATCGGCTACG	TTCTCAATCGGCTACG	LLU_A	tumor	0.8	1
LLU_p80_r01	LLU_A__ACTGCTCGTTACTGAC	ACTGCTCGTTACTGAC	LLU_A	tumor	0.8	1
LLU_p80_r01	LLU_A__ATCACGACATGCGCAC	ATCACGACATGCGCAC	LLU_A	tumor	0.8	1
LLU_p80_r01	LLU_A__TCTGAGACATCTATGG	TCTGAGACATCTATGG	LLU_A	tumor	0.8	1
LLU_p80_r01	LLU_A__TTCTCAAGTGTCCTCT	TTCTCAAGTGTCCTCT	LLU_A	tumor	0.8	1
LLU_p80_r01	LLU_A__CAGTCCTAGCTACCGC	CAGTCCTAGCTACCGC	LLU_A	tumor	0.8	1
LLU_p80_r01	LLU_A__TTTACTGGTTCAACCA	TTTACTGGTTCAACCA	LLU_A	tumor	0.8	1
LLU_p80_r01	LLU_A__TGGTTAGCATGTAAGA	TGGTTAGCATGTAAGA	LLU_A	tumor	0.8	1
LLU_p80_r01	LLU_A__CCAATCCTCCTTGCCA	CCAATCCTCCTTGCCA	LLU_A	tumor	0.8	1
LLU_p80_r01	LLU_A__CTAGTGACAAGCTGGA	CTAGTGACAAGCTGGA	LLU_A	tumor	0.8	1
LLU_p80_r01	LLU_A__GACCAATAGTAGGCCA	GACCAATAGTAGGCCA	LLU_A	tumor	0.8	1
LLU_p80_r01	LLU_A__CATGCCTTCGGATGGA	CATGCCTTCGGATGGA	LLU_A	tumor	0.8	1
LLU_p80_r01	LLU_A__GCTGGGTTCATTGCCC	GCTGGGTTCATTGCCC	LLU_A	tumor	0.8	1
LLU_p80_r01	LLU_A__AGGGATGCATATGCTG	AGGGATGCATATGCTG	LLU_A	tumor	0.8	1
LLU_p80_r01	LLU_A__TTCTACAGTCGCTTCT	TTCTACAGTCGCTTCT	LLU_A	tumor	0.8	1
LLU_p80_r01	LLU_A__TTAACTCTCCACGTTC	TTAACTCTCCACGTTC	LLU_A	tumor	0.8	1
LLU_p80_r01	LLU_A__GACGTTAAGTGTCCAT	GACGTTAAGTGTCCAT	LLU_A	tumor	0.8	1
LLU_p80_r01	LLU_A__ACATGGTGTTCCGTCT	ACATGGTGTTCCGTCT	LLU_A	tumor	0.8	1
LLU_p80_r01	LLU_A__CACATAGAGGCTCTTA	CACATAGAGGCTCTTA	LLU_A	tumor	0.8	1
LLU_p80_r01	LLU_A__ACCTTTACATGCGCAC	ACCTTTACATGCGCAC	LLU_A	tumor	0.8	1
LLU_p80_r01	LLU_A__ATTGGTGTCAGGTTCA	ATTGGTGTCAGGTTCA	LLU_A	tumor	0.8	1
LLU_p80_r01	LLU_A__ATCACGAAGCTGAAAT	ATCACGAAGCTGAAAT	LLU_A	tumor	0.8	1
LLU_p80_r01	LLU_A__ATTTCTGGTGATAAGT	ATTTCTGGTGATAAGT	LLU_A	tumor	0.8	1
LLU_p80_r01	LLU_A__CTAGTGACACTTACGA	CTAGTGACACTTACGA	LLU_A	tumor	0.8	1
LLU_p80_r01	LLU_A__ACTGTCCCATTCTCAT	ACTGTCCCATTCTCAT	LLU_A	tumor	0.8	1
LLU_p80_r01	LLU_A__CCTTCGAGTCCAGTAT	CCTTCGAGTCCAGTAT	LLU_A	tumor	0.8	1
LLU_p80_r01	LLU_A__AAACCTGGTGCGGTAA	AAACCTGGTGCGGTAA	LLU_A	tumor	0.8	1
LLU_p80_r01	LLU_A__GAGCAGACAATCGAAA	GAGCAGACAATCGAAA	LLU_A	tumor	0.8	1
LLU_p80_r01	LLU_A__GTGCAGCAGCCAGGAT	GTGCAGCAGCCAGGAT	LLU_A	tumor	0.8	1
LLU_p80_r01	LLU_A__TTGAACGGTACCAGTT	TTGAACGGTACCAGTT	LLU_A	tumor	0.8	1
LLU_p80_r01	LLU_A__TGCCCTATCTCAAACG	TGCCCTATCTCAAACG	LLU_A	tumor	0.8	1
LLU_p80_r01	LLU_A__GAAACTCCATGAAGTA	GAAACTCCATGAAGTA	LLU_A	tumor	0.8	1
LLU_p80_r01	LLU_A__GCTCTGTTCTATGTGG	GCTCTGTTCTATGTGG	LLU_A	tumor	0.8	1
LLU_p80_r01	LLU_A__CGTCCATTCTATGTGG	CGTCCATTCTATGTGG	LLU_A	tumor	0.8	1
LLU_p80_r01	LLU_A__GGAAAGCAGCGAGAAA	GGAAAGCAGCGAGAAA	LLU_A	tumor	0.8	1
LLU_p80_r01	LLU_A__AGACGTTTCTGGAGCC	AGACGTTTCTGGAGCC	LLU_A	tumor	0.8	1
LLU_p80_r01	LLU_A__GTAGTCAAGCAGCGTA	GTAGTCAAGCAGCGTA	LLU_A	tumor	0.8	1
LLU_p80_r01	LLU_A__TACTCGCTCGCGGATC	TACTCGCTCGCGGATC	LLU_A	tumor	0.8	1
LLU_p80_r01	LLU_A__TGGGAAGCATAAAGGT	TGGGAAGCATAAAGGT	LLU_A	tumor	0.8	1
LLU_p80_r01	LLU_A__TTTGTCACAGGTCGTC	TTTGTCACAGGTCGTC	LLU_A	tumor	0.8	1
LLU_p80_r01	LLU_A__ACGGCCAGTGATAAGT	ACGGCCAGTGATAAGT	LLU_A	tumor	0.8	1
LLU_p80_r01	LLU_A__TGCGCAGGTCATGCAT	TGCGCAGGTCATGCAT	LLU_A	tumor	0.8	1
LLU_p80_r01	LLU_A__TACGGATTCTAACCGA	TACGGATTCTAACCGA	LLU_A	tumor	0.8	1
LLU_p80_r01	LLU_A__TACGGATTCGATCCCT	TACGGATTCGATCCCT	LLU_A	tumor	0.8	1
LLU_p80_r01	LLU_A__AACACGTCAGCCACCA	AACACGTCAGCCACCA	LLU_A	tumor	0.8	1
LLU_p80_r01	LLU_A__CGTTCTGCAGGATCGA	CGTTCTGCAGGATCGA	LLU_A	tumor	0.8	1
LLU_p80_r01	LLU_A__GTTCGGGCAAACTGCT	GTTCGGGCAAACTGCT	LLU_A	tumor	0.8	1
LLU_p80_r01	LLU_A__CACCTTGTCACCGTAA	CACCTTGTCACCGTAA	LLU_A	tumor	0.8	1
LLU_p80_r01	LLU_A__GCGCCAAGTTGAACTC	GCGCCAAGTTGAACTC	LLU_A	tumor	0.8	1
LLU_p80_r01	LLU_A__AACTCTTCAGTTTACG	AACTCTTCAGTTTACG	LLU_A	tumor	0.8	1
LLU_p80_r01	LLU_A__AAATGCCGTGTGCGTC	AAATGCCGTGTGCGTC	LLU_A	tumor	0.8	1
LLU_p80_r01	LLU_A__AGCTCCTCAAACGCGA	AGCTCCTCAAACGCGA	LLU_A	tumor	0.8	1
LLU_p80_r01	LLU_A__TGAGGGACACCGTTGG	TGAGGGACACCGTTGG	LLU_A	tumor	0.8	1
LLU_p80_r01	LLU_A__TGCACCTAGTTGAGTA	TGCACCTAGTTGAGTA	LLU_A	tumor	0.8	1
LLU_p80_r01	LLU_A__ATTATCCAGATATGGT	ATTATCCAGATATGGT	LLU_A	tumor	0.8	1
LLU_p80_r01	LLU_A__ACATGGTGTCAGAAGC	ACATGGTGTCAGAAGC	LLU_A	tumor	0.8	1
LLU_p80_r01	LLU_A__CGTGTAAAGTACTTGC	CGTGTAAAGTACTTGC	LLU_A	tumor	0.8	1
LLU_p80_r01	LLU_A__TTGACTTCAACTGCTA	TTGACTTCAACTGCTA	LLU_A	tumor	0.8	1
LLU_p80_r01	LLU_A__ATGAGGGAGGACACCA	ATGAGGGAGGACACCA	LLU_A	tumor	0.8	1
LLU_p80_r01	LLU_A__ACTGAACAGCGATATA	ACTGAACAGCGATATA	LLU_A	tumor	0.8	1
LLU_p80_r01	LLU_A__ATGAGGGGTTCATGGT	ATGAGGGGTTCATGGT	LLU_A	tumor	0.8	1
LLU_p80_r01	LLU_A__TTCGAAGTCCGTCATC	TTCGAAGTCCGTCATC	LLU_A	tumor	0.8	1
LLU_p80_r01	LLU_A__TTTGGTTAGATGTGGC	TTTGGTTAGATGTGGC	LLU_A	tumor	0.8	1
LLU_p80_r01	LLU_A__CCAGCGACACTCGACG	CCAGCGACACTCGACG	LLU_A	tumor	0.8	1
LLU_p80_r01	LLU_A__AACTTTCGTGGCAAAC	AACTTTCGTGGCAAAC	LLU_A	tumor	0.8	1
LLU_p80_r01	LLU_A__GATCGCGAGACAGAGA	GATCGCGAGACAGAGA	LLU_A	tumor	0.8	1
LLU_p80_r01	LLU_A__ACAGCTAAGCCAACAG	ACAGCTAAGCCAACAG	LLU_A	tumor	0.8	1
LLU_p80_r01	LLU_A__CAGATCATCGACCAGC	CAGATCATCGACCAGC	LLU_A	tumor	0.8	1
LLU_p80_r01	LLU_A__CGACTTCCATTCGACA	CGACTTCCATTCGACA	LLU_A	tumor	0.8	1
LLU_p80_r01	LLU_A__TTCGGTCGTTCGAATC	TTCGGTCGTTCGAATC	LLU_A	tumor	0.8	1
LLU_p80_r01	LLU_A__CACACTCTCACAATGC	CACACTCTCACAATGC	LLU_A	tumor	0.8	1
LLU_p80_r01	LLU_A__TACTCGCGTTACGTCA	TACTCGCGTTACGTCA	LLU_A	tumor	0.8	1
LLU_p80_r01	LLU_A__CACACAAAGGATGTAT	CACACAAAGGATGTAT	LLU_A	tumor	0.8	1
LLU_p80_r01	LLU_A__AGCCTAACAATGGAAT	AGCCTAACAATGGAAT	LLU_A	tumor	0.8	1
LLU_p80_r01	LLU_A__CTACCCAAGTAGTGCG	CTACCCAAGTAGTGCG	LLU_A	tumor	0.8	1
LLU_p80_r01	LLU_A__CGGAGTCGTGTTTGTG	CGGAGTCGTGTTTGTG	LLU_A	tumor	0.8	1
LLU_p80_r01	LLU_A__CGTTCTGCAGGGTTAG	CGTTCTGCAGGGTTAG	LLU_A	tumor	0.8	1
LLU_p80_r01	LLU_A__GATGCTAAGCGTCTAT	GATGCTAAGCGTCTAT	LLU_A	tumor	0.8	1
LLU_p80_r01	LLU_A__CTAGCCTCATACTACG	CTAGCCTCATACTACG	LLU_A	tumor	0.8	1
LLU_p80_r01	LLU_A__AACCGCGAGGCGACAT	AACCGCGAGGCGACAT	LLU_A	tumor	0.8	1
LLU_p80_r01	LLU_A__CGACTTCGTGAGGCTA	CGACTTCGTGAGGCTA	LLU_A	tumor	0.8	1
LLU_p80_r01	LLU_A__CAGCATAAGGCATGGT	CAGCATAAGGCATGGT	LLU_A	tumor	0.8	1
LLU_p80_r01	LLU_A__AGGTCCGGTTGGTAAA	AGGTCCGGTTGGTAAA	LLU_A	tumor	0.8	1
LLU_p80_r01	LLU_A__CAGTCCTTCCAGAGGA	CAGTCCTTCCAGAGGA	LLU_A	tumor	0.8	1
LLU_p80_r01	LLU_A__AGCGGTCTCGGCATCG	AGCGGTCTCGGCATCG	LLU_A	tumor	0.8	1
LLU_p80_r01	LLU_A__GGGTTGCCAGTTCATG	GGGTTGCCAGTTCATG	LLU_A	tumor	0.8	1
LLU_p80_r01	LLU_A__TTTGGTTTCAGTCCCT	TTTGGTTTCAGTCCCT	LLU_A	tumor	0.8	1
LLU_p80_r01	LLU_A__CATCGAACAAACTGTC	CATCGAACAAACTGTC	LLU_A	tumor	0.8	1
LLU_p80_r01	LLU_A__TTCCCAGGTGCAACGA	TTCCCAGGTGCAACGA	LLU_A	tumor	0.8	1
LLU_p80_r01	LLU_A__TACCTATGTACGAAAT	TACCTATGTACGAAAT	LLU_A	tumor	0.8	1
LLU_p80_r01	LLU_A__TATCTCATCCCTAATT	TATCTCATCCCTAATT	LLU_A	tumor	0.8	1
LLU_p80_r01	LLU_A__ACGCAGCTCTTTCCTC	ACGCAGCTCTTTCCTC	LLU_A	tumor	0.8	1
LLU_p80_r01	LLU_A__AGGTCATGTCGCGGTT	AGGTCATGTCGCGGTT	LLU_A	tumor	0.8	1
LLU_p80_r01	LLU_A__CGGACACCATCGGAAG	CGGACACCATCGGAAG	LLU_A	tumor	0.8	1
LLU_p80_r01	LLU_A__CGGTTAACAGTAGAGC	CGGTTAACAGTAGAGC	LLU_A	tumor	0.8	1
LLU_p80_r01	LLU_A__ATCCACCGTGCCTGTG	ATCCACCGTGCCTGTG	LLU_A	tumor	0.8	1
LLU_p80_r01	LLU_A__GCGAGAAAGAAAGTGG	GCGAGAAAGAAAGTGG	LLU_A	tumor	0.8	1
LLU_p80_r01	LLU_A__ATTGGACAGATATGGT	ATTGGACAGATATGGT	LLU_A	tumor	0.8	1
LLU_p80_r01	LLU_A__ACATACGCATTTGCTT	ACATACGCATTTGCTT	LLU_A	tumor	0.8	1
LLU_p80_r01	LLU_A__CGCTATCAGAGCTTCT	CGCTATCAGAGCTTCT	LLU_A	tumor	0.8	1
LLU_p80_r01	LLU_A__GAACGGATCTAACTTC	GAACGGATCTAACTTC	LLU_A	tumor	0.8	1
LLU_p80_r01	LLU_A__CACACCTTCCCTTGTG	CACACCTTCCCTTGTG	LLU_A	tumor	0.8	1
LLU_p80_r01	LLU_A__ACTATCTGTGAAAGAG	ACTATCTGTGAAAGAG	LLU_A	tumor	0.8	1
LLU_p80_r01	LLU_A__CCTTACGAGCCCAATT	CCTTACGAGCCCAATT	LLU_A	tumor	0.8	1
LLU_p80_r01	LLU_A__CAGCATATCAAGGTAA	CAGCATATCAAGGTAA	LLU_A	tumor	0.8	1
LLU_p80_r01	LLU_A__CTGGTCTTCAAGCCTA	CTGGTCTTCAAGCCTA	LLU_A	tumor	0.8	1
LLU_p80_r01	LLU_A__CCATTCGTCCTGTAGA	CCATTCGTCCTGTAGA	LLU_A	tumor	0.8	1
LLU_p80_r01	LLU_A__ACCAGTAGTCGAGTTT	ACCAGTAGTCGAGTTT	LLU_A	tumor	0.8	1
LLU_p80_r01	LLU_A__CGAACATCAATAGCAA	CGAACATCAATAGCAA	LLU_A	tumor	0.8	1
LLU_p80_r01	LLU_A__GAAGCAGAGCGTGAGT	GAAGCAGAGCGTGAGT	LLU_A	tumor	0.8	1
LLU_p80_r01	LLU_A__CCTCAGTTCCCTAACC	CCTCAGTTCCCTAACC	LLU_A	tumor	0.8	1
LLU_p80_r01	LLU_A__TCAACGAGTGACTCAT	TCAACGAGTGACTCAT	LLU_A	tumor	0.8	1
LLU_p80_r01	LLU_A__ACACCGGAGTGTCTCA	ACACCGGAGTGTCTCA	LLU_A	tumor	0.8	1
LLU_p80_r01	LLU_A__GCATGTAAGTTACGGG	GCATGTAAGTTACGGG	LLU_A	tumor	0.8	1
LLU_p80_r01	LLU_A__TAGCCGGGTACCGTAT	TAGCCGGGTACCGTAT	LLU_A	tumor	0.8	1
LLU_p80_r01	LLU_A__CGGCTAGGTGTAATGA	CGGCTAGGTGTAATGA	LLU_A	tumor	0.8	1
LLU_p80_r01	LLU_A__CGTGAGCTCCCACTTG	CGTGAGCTCCCACTTG	LLU_A	tumor	0.8	1
LLU_p80_r01	LLU_A__CTACACCGTAGCCTAT	CTACACCGTAGCCTAT	LLU_A	tumor	0.8	1
LLU_p80_r01	LLU_A__GGCTCGATCTGGTTCC	GGCTCGATCTGGTTCC	LLU_A	tumor	0.8	1
LLU_p80_r01	LLU_A__AGGGATGCATCATCCC	AGGGATGCATCATCCC	LLU_A	tumor	0.8	1
LLU_p80_r01	LLU_A__AGGGATGCAAGAAGAG	AGGGATGCAAGAAGAG	LLU_A	tumor	0.8	1
LLU_p80_r01	LLU_A__ATAAGAGCATCCGGGT	ATAAGAGCATCCGGGT	LLU_A	tumor	0.8	1
LLU_p80_r01	LLU_A__CTTCTCTCAATGGAGC	CTTCTCTCAATGGAGC	LLU_A	tumor	0.8	1
LLU_p80_r01	LLU_A__CAGATCAAGAACAACT	CAGATCAAGAACAACT	LLU_A	tumor	0.8	1
LLU_p80_r01	LLU_A__GGACATTGTGATAAAC	GGACATTGTGATAAAC	LLU_A	tumor	0.8	1
LLU_p80_r01	LLU_A__CTAGTGAGTGATGATA	CTAGTGAGTGATGATA	LLU_A	tumor	0.8	1
LLU_p80_r01	LLU_A__CGTCAGGTCCTTTCTC	CGTCAGGTCCTTTCTC	LLU_A	tumor	0.8	1
LLU_p80_r01	LLU_A__ATAACGCGTGAGGGAG	ATAACGCGTGAGGGAG	LLU_A	tumor	0.8	1
LLU_p80_r01	LLU_A__AAGTCTGGTCTAAAGA	AAGTCTGGTCTAAAGA	LLU_A	tumor	0.8	1
LLU_p80_r01	LLU_A__AGAGTGGTCCCTAATT	AGAGTGGTCCCTAATT	LLU_A	tumor	0.8	1
LLU_p80_r01	LLU_A__CTTTGCGTCGGAAATA	CTTTGCGTCGGAAATA	LLU_A	tumor	0.8	1
LLU_p80_r01	LLU_A__ACTTGTTGTCTCAACA	ACTTGTTGTCTCAACA	LLU_A	tumor	0.8	1
LLU_p80_r01	LLU_A__AGGTCCGCAGATGGCA	AGGTCCGCAGATGGCA	LLU_A	tumor	0.8	1
LLU_p80_r01	LLU_A__TGGCTGGTCGCGTAGC	TGGCTGGTCGCGTAGC	LLU_A	tumor	0.8	1
LLU_p80_r01	LLU_A__CACATTTCATATACGC	CACATTTCATATACGC	LLU_A	tumor	0.8	1
LLU_p80_r01	LLU_A__TGTATTCAGCCTCGTG	TGTATTCAGCCTCGTG	LLU_A	tumor	0.8	1
LLU_p80_r01	LLU_A__TAGAGCTGTCAACTGT	TAGAGCTGTCAACTGT	LLU_A	tumor	0.8	1
LLU_p80_r01	LLU_A__TGGGAAGTCATGCAAC	TGGGAAGTCATGCAAC	LLU_A	tumor	0.8	1
LLU_p80_r01	LLU_A__GACACGCAGACAGACC	GACACGCAGACAGACC	LLU_A	tumor	0.8	1
LLU_p80_r01	LLU_A__GTAGGCCCATAACCTG	GTAGGCCCATAACCTG	LLU_A	tumor	0.8	1
LLU_p80_r01	LLU_A__TGCGGGTAGCGCTCCA	TGCGGGTAGCGCTCCA	LLU_A	tumor	0.8	1
LLU_p80_r01	LLU_A__GTTCTCGTCGCTTGTC	GTTCTCGTCGCTTGTC	LLU_A	tumor	0.8	1
LLU_p80_r01	LLU_A__CTTACCGTCCTACAGA	CTTACCGTCCTACAGA	LLU_A	tumor	0.8	1
LLU_p80_r01	LLU_A__TGCGCAGGTAAATGTG	TGCGCAGGTAAATGTG	LLU_A	tumor	0.8	1
LLU_p80_r01	LLU_A__CGAACATAGACATAAC	CGAACATAGACATAAC	LLU_A	tumor	0.8	1
LLU_p80_r01	LLU_A__TCATTTGGTCCAGTGC	TCATTTGGTCCAGTGC	LLU_A	tumor	0.8	1
LLU_p80_r01	LLU_A__CATCAAGGTTTCCACC	CATCAAGGTTTCCACC	LLU_A	tumor	0.8	1
LLU_p80_r01	LLU_A__GGCGTGTAGTCTCGGC	GGCGTGTAGTCTCGGC	LLU_A	tumor	0.8	1
LLU_p80_r01	LLU_A__GATGCTATCAGCAACT	GATGCTATCAGCAACT	LLU_A	tumor	0.8	1
LLU_p80_r01	LLU_A__GCGCAGTCAAGCTGAG	GCGCAGTCAAGCTGAG	LLU_A	tumor	0.8	1
LLU_p80_r01	LLU_A__CCGGGATGTCAGAATA	CCGGGATGTCAGAATA	LLU_A	tumor	0.8	1
LLU_p80_r01	LLU_A__ACCTTTACAGTGACAG	ACCTTTACAGTGACAG	LLU_A	tumor	0.8	1
LLU_p80_r01	LLU_A__GCTGCAGGTTGCGCAC	GCTGCAGGTTGCGCAC	LLU_A	tumor	0.8	1
LLU_p80_r01	LLU_A__ATGCGATTCCACGTTC	ATGCGATTCCACGTTC	LLU_A	tumor	0.8	1
LLU_p80_r01	LLU_A__AGATCTGTCATAGCAC	AGATCTGTCATAGCAC	LLU_A	tumor	0.8	1
LLU_p80_r01	LLU_A__GCATGTACACGACTCG	GCATGTACACGACTCG	LLU_A	tumor	0.8	1
LLU_p80_r01	LLU_A__TTCCCAGCATTGGTAC	TTCCCAGCATTGGTAC	LLU_A	tumor	0.8	1
LLU_p80_r01	LLU_A__CGTGAGCAGCCAGGAT	CGTGAGCAGCCAGGAT	LLU_A	tumor	0.8	1
LLU_p80_r01	LLU_A__ATCACGAAGACAGAGA	ATCACGAAGACAGAGA	LLU_A	tumor	0.8	1
LLU_p80_r01	LLU_A__CGTGTCTCAGCCTATA	CGTGTCTCAGCCTATA	LLU_A	tumor	0.8	1
LLU_p80_r01	LLU_A__AGATCTGAGGCCCTTG	AGATCTGAGGCCCTTG	LLU_A	tumor	0.8	1
LLU_p80_r01	LLU_A__GCTGGGTCACCTATCC	GCTGGGTCACCTATCC	LLU_A	tumor	0.8	1
LLU_p80_r01	LLU_A__GTCAAGTAGTGTCCAT	GTCAAGTAGTGTCCAT	LLU_A	tumor	0.8	1
LLU_p80_r01	LLU_A__CTGATCCAGGGTCGAT	CTGATCCAGGGTCGAT	LLU_A	tumor	0.8	1
LLU_p80_r01	LLU_A__TTAACTCCATCGGGTC	TTAACTCCATCGGGTC	LLU_A	tumor	0.8	1
LLU_p80_r01	LLU_A__GTCCTCATCGCGCCAA	GTCCTCATCGCGCCAA	LLU_A	tumor	0.8	1
LLU_p80_r01	LLU_A__CTTGGCTGTCGCATAT	CTTGGCTGTCGCATAT	LLU_A	tumor	0.8	1
LLU_p80_r01	LLU_A__CTACGTCCACGGCGTT	CTACGTCCACGGCGTT	LLU_A	tumor	0.8	1
LLU_p80_r01	LLU_A__GGCGTGTTCCCTGACT	GGCGTGTTCCCTGACT	LLU_A	tumor	0.8	1
LLU_p80_r01	LLU_A__GACGTTAAGGAACTGC	GACGTTAAGGAACTGC	LLU_A	tumor	0.8	1
LLU_p80_r01	LLU_A__TCCCGATTCTCATTCA	TCCCGATTCTCATTCA	LLU_A	tumor	0.8	1
LLU_p80_r01	LLU_A__CGTTAGAGTGAAGGCT	CGTTAGAGTGAAGGCT	LLU_A	tumor	0.8	1
LLU_p80_r01	LLU_A__CCTTACGTCAGCTGGC	CCTTACGTCAGCTGGC	LLU_A	tumor	0.8	1
LLU_p80_r01	LLU_A__GCGACCAAGGTGGGTT	GCGACCAAGGTGGGTT	LLU_A	tumor	0.8	1
LLU_p80_r01	LLU_A__CGTGAGCGTAAAGGAG	CGTGAGCGTAAAGGAG	LLU_A	tumor	0.8	1
LLU_p80_r01	LLU_A__CGATCGGGTCGACTAT	CGATCGGGTCGACTAT	LLU_A	tumor	0.8	1
LLU_p80_r01	LLU_A__GAACATCCAAGCGAGT	GAACATCCAAGCGAGT	LLU_A	tumor	0.8	1
LLU_p80_r01	LLU_A__TGTCCCAAGGCCATAG	TGTCCCAAGGCCATAG	LLU_A	tumor	0.8	1
LLU_p80_r01	LLU_A__TCAGGATCATACAGCT	TCAGGATCATACAGCT	LLU_A	tumor	0.8	1
LLU_p80_r01	LLU_A__GCTCTGTCATATACCG	GCTCTGTCATATACCG	LLU_A	tumor	0.8	1
LLU_p80_r01	LLU_A__CCCTCCTAGCGACGTA	CCCTCCTAGCGACGTA	LLU_A	tumor	0.8	1
LLU_p80_r01	LLU_A__TGCCCTACACCGAATT	TGCCCTACACCGAATT	LLU_A	tumor	0.8	1
LLU_p80_r01	LLU_A__CAGCATACAGGACCCT	CAGCATACAGGACCCT	LLU_A	tumor	0.8	1
LLU_p80_r01	LLU_A__CAAGATCGTCCAGTTA	CAAGATCGTCCAGTTA	LLU_A	tumor	0.8	1
LLU_p80_r01	LLU_A__ACGGGCTTCTAGCACA	ACGGGCTTCTAGCACA	LLU_A	tumor	0.8	1
LLU_p80_r01	LLU_A__CCGGGATTCTCACATT	CCGGGATTCTCACATT	LLU_A	tumor	0.8	1
LLU_p80_r01	LLU_A__GACCTGGTCCTTCAAT	GACCTGGTCCTTCAAT	LLU_A	tumor	0.8	1
LLU_p80_r01	LLU_A__CATCAGAAGCCACCTG	CATCAGAAGCCACCTG	LLU_A	tumor	0.8	1
LLU_p80_r01	LLU_A__GCCTCTACAGAAGCAC	GCCTCTACAGAAGCAC	LLU_A	tumor	0.8	1
LLU_p80_r01	LLU_A__TACCTATAGATCTGCT	TACCTATAGATCTGCT	LLU_A	tumor	0.8	1
LLU_p80_r01	LLU_A__CCTATTACACCAACCG	CCTATTACACCAACCG	LLU_A	tumor	0.8	1
LLU_p80_r01	LLU_A__ACTATCTCACATCCAA	ACTATCTCACATCCAA	LLU_A	tumor	0.8	1
LLU_p80_r01	LLU_A__GTATTCTCACTACAGT	GTATTCTCACTACAGT	LLU_A	tumor	0.8	1
LLU_p80_r01	LLU_A__CATCAAGTCAGGCCCA	CATCAAGTCAGGCCCA	LLU_A	tumor	0.8	1
LLU_p80_r01	LLU_A__GCAGCCAAGCTAGCCC	GCAGCCAAGCTAGCCC	LLU_A	tumor	0.8	1
LLU_p80_r01	LLU_A__TTCTACACAGGAATCG	TTCTACACAGGAATCG	LLU_A	tumor	0.8	1
LLU_p80_r01	LLU_A__CACCACTAGAACTCGG	CACCACTAGAACTCGG	LLU_A	tumor	0.8	1
LLU_p80_r01	LLU_A__ACTTGTTGTAACGACG	ACTTGTTGTAACGACG	LLU_A	tumor	0.8	1
LLU_p80_r01	LLU_A__ATGAGGGTCCTGCAGG	ATGAGGGTCCTGCAGG	LLU_A	tumor	0.8	1
LLU_p80_r01	LLU_A__GAAGCAGCAGCATGAG	GAAGCAGCAGCATGAG	LLU_A	tumor	0.8	1
LLU_p80_r01	LLU_A__CCGTTCAAGTGGAGTC	CCGTTCAAGTGGAGTC	LLU_A	tumor	0.8	1
LLU_p80_r01	LLU_A__ATCCGAAAGATCGGGT	ATCCGAAAGATCGGGT	LLU_A	tumor	0.8	1
LLU_p80_r01	LLU_A__ACTTGTTTCTTTAGGG	ACTTGTTTCTTTAGGG	LLU_A	tumor	0.8	1
LLU_p80_r01	LLU_A__TTTGCGCAGAAGGACA	TTTGCGCAGAAGGACA	LLU_A	tumor	0.8	1
LLU_p80_r01	LLU_A__TACTCATAGATGGCGT	TACTCATAGATGGCGT	LLU_A	tumor	0.8	1
LLU_p80_r01	LLU_A__ACCAGTAGTGACTACT	ACCAGTAGTGACTACT	LLU_A	tumor	0.8	1
LLU_p80_r01	LLU_A__GAACGGACACGACGAA	GAACGGACACGACGAA	LLU_A	tumor	0.8	1
LLU_p80_r01	LLU_A__ACCCACTTCCTTGACC	ACCCACTTCCTTGACC	LLU_A	tumor	0.8	1
LLU_p80_r01	LLU_A__GACGGCTTCCAGTAGT	GACGGCTTCCAGTAGT	LLU_A	tumor	0.8	1
LLU_p80_r01	LLU_A__TAGACCACATGTAAGA	TAGACCACATGTAAGA	LLU_A	tumor	0.8	1
LLU_p80_r01	LLU_A__ACGCCGACATACGCTA	ACGCCGACATACGCTA	LLU_A	tumor	0.8	1
LLU_p80_r01	LLU_A__CGTGAGCAGCCAGAAC	CGTGAGCAGCCAGAAC	LLU_A	tumor	0.8	1
LLU_p80_r01	LLU_A__AGGTCATTCGTTTAGG	AGGTCATTCGTTTAGG	LLU_A	tumor	0.8	1
LLU_p80_r01	LLU_A__CCCAATCGTGATGCCC	CCCAATCGTGATGCCC	LLU_A	tumor	0.8	1
LLU_p80_r01	LLU_A__GATGAAATCAAGCCTA	GATGAAATCAAGCCTA	LLU_A	tumor	0.8	1
LLU_p80_r01	LLU_A__CGCGTTTTCTCAAACG	CGCGTTTTCTCAAACG	LLU_A	tumor	0.8	1
LLU_p80_r01	LLU_A__TGAGCATTCGTCTGCT	TGAGCATTCGTCTGCT	LLU_A	tumor	0.8	1
LLU_p80_r01	LLU_A__CTTAACTTCGTTTAGG	CTTAACTTCGTTTAGG	LLU_A	tumor	0.8	1
LLU_p80_r01	LLU_A__GCCTCTAAGAGACTAT	GCCTCTAAGAGACTAT	LLU_A	tumor	0.8	1
LLU_p80_r01	LLU_A__ACGGGTCCAAGGACAC	ACGGGTCCAAGGACAC	LLU_A	tumor	0.8	1
LLU_p80_r01	LLU_A__CGGTTAAGTGGTGTAG	CGGTTAAGTGGTGTAG	LLU_A	tumor	0.8	1
LLU_p80_r01	LLU_A__CTGCTGTCACATAACC	CTGCTGTCACATAACC	LLU_A	tumor	0.8	1
LLU_p80_r01	LLU_A__GATCGTATCCGCGTTT	GATCGTATCCGCGTTT	LLU_A	tumor	0.8	1
LLU_p80_r01	LLU_A__TTTGGTTTCTATCCCG	TTTGGTTTCTATCCCG	LLU_A	tumor	0.8	1
LLU_p80_r01	LLU_A__TGATTTCTCTCAAGTG	TGATTTCTCTCAAGTG	LLU_A	tumor	0.8	1
LLU_p80_r01	LLU_A__CGTAGGCTCCTCCTAG	CGTAGGCTCCTCCTAG	LLU_A	tumor	0.8	1
LLU_p80_r01	LLU_A__CTGGTCTGTTTAGCTG	CTGGTCTGTTTAGCTG	LLU_A	tumor	0.8	1
LLU_p80_r01	LLU_A__GCCAAATGTCATATCG	GCCAAATGTCATATCG	LLU_A	tumor	0.8	1
LLU_p80_r01	LLU_A__CGAACATCAATGTAAG	CGAACATCAATGTAAG	LLU_A	tumor	0.8	1
LLU_p80_r01	LLU_A__GTCACGGGTCATTAGC	GTCACGGGTCATTAGC	LLU_A	tumor	0.8	1
LLU_p80_r01	LLU_A__GTCACGGCAAGGTGTG	GTCACGGCAAGGTGTG	LLU_A	tumor	0.8	1
LLU_p80_r01	LLU_A__ATAGACCGTTGCGCAC	ATAGACCGTTGCGCAC	LLU_A	tumor	0.8	1
LLU_p80_r01	LLU_A__TACGGATAGGAACTGC	TACGGATAGGAACTGC	LLU_A	tumor	0.8	1
LLU_p80_r01	LLU_A__AAGACCTAGGCATGGT	AAGACCTAGGCATGGT	LLU_A	tumor	0.8	1
LLU_p80_r01	LLU_A__GGTGTTAGTAGCTCCG	GGTGTTAGTAGCTCCG	LLU_A	tumor	0.8	1
LLU_p80_r01	LLU_A__TGGACGCTCCGTAGGC	TGGACGCTCCGTAGGC	LLU_A	tumor	0.8	1
LLU_p80_r01	LLU_A__CCTCAGTTCCCATTAT	CCTCAGTTCCCATTAT	LLU_A	tumor	0.8	1
LLU_p80_r01	LLU_A__AGAGTGGAGTGTTAGA	AGAGTGGAGTGTTAGA	LLU_A	tumor	0.8	1
LLU_p80_r01	LLU_A__GCTTGAACATTAACCG	GCTTGAACATTAACCG	LLU_A	tumor	0.8	1
LLU_p80_r01	LLU_A__TCTGGAAAGCGTAATA	TCTGGAAAGCGTAATA	LLU_A	tumor	0.8	1
LLU_p80_r01	LLU_A__GTCAAGTCAAACCCAT	GTCAAGTCAAACCCAT	LLU_A	tumor	0.8	1
LLU_p80_r01	LLU_A__TCAGGATGTTGCCTCT	TCAGGATGTTGCCTCT	LLU_A	tumor	0.8	1
LLU_p80_r01	LLU_A__GACAGAGCAATGGACG	GACAGAGCAATGGACG	LLU_A	tumor	0.8	1
LLU_p80_r01	LLU_A__TGCCCTAGTCAGGACA	TGCCCTAGTCAGGACA	LLU_A	tumor	0.8	1
LLU_p80_r01	LLU_A__TTAACTCCAGTCAGCC	TTAACTCCAGTCAGCC	LLU_A	tumor	0.8	1
LLU_p80_r01	LLU_A__ACTTTCAGTGAGTATA	ACTTTCAGTGAGTATA	LLU_A	tumor	0.8	1
LLU_p80_r01	LLU_A__CGATGGCAGGCGTACA	CGATGGCAGGCGTACA	LLU_A	tumor	0.8	1
LLU_p80_r01	LLU_A__ATTTCTGAGAATTGTG	ATTTCTGAGAATTGTG	LLU_A	tumor	0.8	1
LLU_p80_r01	LLU_A__CGGCTAGAGCGCTTAT	CGGCTAGAGCGCTTAT	LLU_A	tumor	0.8	1
LLU_p80_r01	LLU_A__GAAGCAGAGTGGTAAT	GAAGCAGAGTGGTAAT	LLU_A	tumor	0.8	1
LLU_p80_r01	LLU_A__ACGGGTCAGTTGTCGT	ACGGGTCAGTTGTCGT	LLU_A	tumor	0.8	1
LLU_p80_r01	LLU_A__TGAAAGACAGTCGATT	TGAAAGACAGTCGATT	LLU_A	tumor	0.8	1
LLU_p80_r01	LLU_A__CCTTCCCGTTCAACCA	CCTTCCCGTTCAACCA	LLU_A	tumor	0.8	1
LLU_p80_r01	LLU_A__CCGTTCAAGGGATCTG	CCGTTCAAGGGATCTG	LLU_A	tumor	0.8	1
LLU_p80_r01	LLU_A__CTTGGCTTCGCCGTGA	CTTGGCTTCGCCGTGA	LLU_A	tumor	0.8	1
LLU_p80_r01	LLU_A__GACGTGCCATACAGCT	GACGTGCCATACAGCT	LLU_A	tumor	0.8	1
LLU_p80_r01	LLU_A__GGAACTTTCAAACAAG	GGAACTTTCAAACAAG	LLU_A	tumor	0.8	1
LLU_p80_r01	LLU_A__CCTTACGTCCTTTCTC	CCTTACGTCCTTTCTC	LLU_A	tumor	0.8	1
LLU_p80_r01	LLU_A__GAAACTCGTAGCCTAT	GAAACTCGTAGCCTAT	LLU_A	tumor	0.8	1
LLU_p80_r01	LLU_A__AACCGCGTCCTAGGGC	AACCGCGTCCTAGGGC	LLU_A	tumor	0.8	1
LLU_p80_r01	LLU_A__GTTCGGGAGGCACATG	GTTCGGGAGGCACATG	LLU_A	tumor	0.8	1
LLU_p80_r01	LLU_A__CAGCTGGCACGTTGGC	CAGCTGGCACGTTGGC	LLU_A	tumor	0.8	1
LLU_p80_r01	LLU_A__TAAGAGATCACAGGCC	TAAGAGATCACAGGCC	LLU_A	tumor	0.8	1
LLU_p80_r01	LLU_A__GTGAAGGTCATCATTC	GTGAAGGTCATCATTC	LLU_A	tumor	0.8	1
LLU_p80_r01	LLU_A__CTCGTACCAGCGAACA	CTCGTACCAGCGAACA	LLU_A	tumor	0.8	1
LLU_p80_r01	LLU_A__TTTCCTCGTGTGACGA	TTTCCTCGTGTGACGA	LLU_A	tumor	0.8	1
LLU_p80_r01	LLU_A__GTACTCCAGGATGCGT	GTACTCCAGGATGCGT	LLU_A	tumor	0.8	1
LLU_p80_r01	LLU_A__GGGCACTCAGTAGAGC	GGGCACTCAGTAGAGC	LLU_A	tumor	0.8	1
LLU_p80_r01	LLU_A__CTGATCCAGCACCGTC	CTGATCCAGCACCGTC	LLU_A	tumor	0.8	1
LLU_p80_r01	LLU_A__CAAGAAAAGGATGCGT	CAAGAAAAGGATGCGT	LLU_A	tumor	0.8	1
LLU_p80_r01	LLU_A__ACGTCAAGTTCCCTTG	ACGTCAAGTTCCCTTG	LLU_A	tumor	0.8	1
LLU_p80_r01	LLU_A__GTCTCGTGTCCCTTGT	GTCTCGTGTCCCTTGT	LLU_A	tumor	0.8	1
LLU_p80_r01	LLU_A__ACTGATGTCGTGACAT	ACTGATGTCGTGACAT	LLU_A	tumor	0.8	1
LLU_p80_r01	LLU_A__GACGTGCGTCGGGTCT	GACGTGCGTCGGGTCT	LLU_A	tumor	0.8	1
LLU_p80_r01	LLU_A__GCAGTTAGTTGCTCCT	GCAGTTAGTTGCTCCT	LLU_A	tumor	0.8	1
LLU_p80_r01	LLU_A__TTCCCAGTCGTCTGCT	TTCCCAGTCGTCTGCT	LLU_A	tumor	0.8	1
LLU_p80_r01	LLU_A__GGAAAGCCAGCGTCCA	GGAAAGCCAGCGTCCA	LLU_A	tumor	0.8	1
LLU_p80_r01	LLU_A__CATTATCGTGTGAAAT	CATTATCGTGTGAAAT	LLU_A	tumor	0.8	1
LLU_p80_r01	LLU_A__GTTTCTATCTTATCTG	GTTTCTATCTTATCTG	LLU_A	tumor	0.8	1
LLU_p80_r01	LLU_A__CAGGTGCTCTGGCGTG	CAGGTGCTCTGGCGTG	LLU_A	tumor	0.8	1
LLU_p80_r01	LLU_A__GACTGCGAGGAGTCTG	GACTGCGAGGAGTCTG	LLU_A	tumor	0.8	1
LLU_p80_r01	LLU_A__TAAGTGCAGATACACA	TAAGTGCAGATACACA	LLU_A	tumor	0.8	1
LLU_p80_r01	LLU_A__CGTGAGCTCAACACAC	CGTGAGCTCAACACAC	LLU_A	tumor	0.8	1
LLU_p80_r01	LLU_A__CGTGAGCCAGTTCCCT	CGTGAGCCAGTTCCCT	LLU_A	tumor	0.8	1
LLU_p80_r01	LLU_A__AACCATGAGTCAAGCG	AACCATGAGTCAAGCG	LLU_A	tumor	0.8	1
LLU_p80_r01	LLU_A__CAACCAATCTTAGAGC	CAACCAATCTTAGAGC	LLU_A	tumor	0.8	1
LLU_p80_r01	LLU_A__GTGCAGCAGTGTCCAT	GTGCAGCAGTGTCCAT	LLU_A	tumor	0.8	1
LLU_p80_r01	LLU_A__GACGCGTAGTTACCCA	GACGCGTAGTTACCCA	LLU_A	tumor	0.8	1
LLU_p80_r01	LLU_A__GTCGGGTTCACATACG	GTCGGGTTCACATACG	LLU_A	tumor	0.8	1
LLU_p80_r01	LLU_A__GCTGCTTGTTCCACTC	GCTGCTTGTTCCACTC	LLU_A	tumor	0.8	1
LLU_p80_r01	LLU_A__AAGCCGCAGCCCAGCT	AAGCCGCAGCCCAGCT	LLU_A	tumor	0.8	1
LLU_p80_r01	LLU_A__CACACCTAGAGACGAA	CACACCTAGAGACGAA	LLU_A	tumor	0.8	1
LLU_p80_r01	LLU_A__GACACGCCACAGAGGT	GACACGCCACAGAGGT	LLU_A	tumor	0.8	1
LLU_p80_r01	LLU_A__TAGCCGGAGATCCCGC	TAGCCGGAGATCCCGC	LLU_A	tumor	0.8	1
LLU_p80_r01	LLU_A__CGCGTTTAGATCCTGT	CGCGTTTAGATCCTGT	LLU_A	tumor	0.8	1
LLU_p80_r01	LLU_A__GTCATTTGTTGTGGAG	GTCATTTGTTGTGGAG	LLU_A	tumor	0.8	1
LLU_p80_r01	LLU_A__TTCCCAGGTTTGTGTG	TTCCCAGGTTTGTGTG	LLU_A	tumor	0.8	1
LLU_p80_r01	LLU_A__CTCGAGGGTGTAATGA	CTCGAGGGTGTAATGA	LLU_A	tumor	0.8	1
LLU_p80_r01	LLU_A__TCGGTAACAATCGGTT	TCGGTAACAATCGGTT	LLU_A	tumor	0.8	1
LLU_p80_r01	LLU_A__GACACGCGTGTTGAGG	GACACGCGTGTTGAGG	LLU_A	tumor	0.8	1
LLU_p80_r01	LLU_A__GTATTCTGTTCCCTTG	GTATTCTGTTCCCTTG	LLU_A	tumor	0.8	1
LLU_p80_r01	LLU_A__CTACACCAGAGTGACC	CTACACCAGAGTGACC	LLU_A	tumor	0.8	1
LLU_p80_r01	LLU_A__CGTGAGCGTAGGGACT	CGTGAGCGTAGGGACT	LLU_A	tumor	0.8	1
LLU_p80_r01	LLU_A__GGGACCTCAGTATCTG	GGGACCTCAGTATCTG	LLU_A	tumor	0.8	1
LLU_p80_r01	LLU_A__CGGAGTCTCGGCTACG	CGGAGTCTCGGCTACG	LLU_A	tumor	0.8	1
LLU_p80_r01	LLU_A__TTGGCAACAGCCACCA	TTGGCAACAGCCACCA	LLU_A	tumor	0.8	1
LLU_p80_r01	LLU_A__AAGGTTCGTACATGTC	AAGGTTCGTACATGTC	LLU_A	tumor	0.8	1
LLU_p80_r01	LLU_A__CATCGAACAGGTCGTC	CATCGAACAGGTCGTC	LLU_A	tumor	0.8	1
LLU_p80_r01	LLU_A__CAGCTAACAAAGGCGT	CAGCTAACAAAGGCGT	LLU_A	tumor	0.8	1
LLU_p80_r01	LLU_A__TGAGCATTCACTGGGC	TGAGCATTCACTGGGC	LLU_A	tumor	0.8	1
LLU_p80_r01	LLU_A__AACTCTTAGCCAGTAG	AACTCTTAGCCAGTAG	LLU_A	tumor	0.8	1
LLU_p80_r01	LLU_A__CGGCTAGCAGCGAACA	CGGCTAGCAGCGAACA	LLU_A	tumor	0.8	1
LLU_p80_r01	LLU_A__TGGGCGTAGTGCGTGA	TGGGCGTAGTGCGTGA	LLU_A	tumor	0.8	1
LLU_p80_r01	LLU_A__TTTGCGCAGCCAACAG	TTTGCGCAGCCAACAG	LLU_A	tumor	0.8	1
LLU_p80_r01	LLU_A__TTGGAACAGACTGGGT	TTGGAACAGACTGGGT	LLU_A	tumor	0.8	1
LLU_p80_r01	LLU_A__TTCCCAGAGATGAGAG	TTCCCAGAGATGAGAG	LLU_A	tumor	0.8	1
LLU_p80_r01	LLU_A__CATCAGAAGTAATCCC	CATCAGAAGTAATCCC	LLU_A	tumor	0.8	1
LLU_p80_r01	LLU_A__GAATAAGGTGTTGAGG	GAATAAGGTGTTGAGG	LLU_A	tumor	0.8	1
LLU_p80_r01	LLU_A__TGCCAAACACAGTCGC	TGCCAAACACAGTCGC	LLU_A	tumor	0.8	1
LLU_p80_r01	LLU_A__AACTCAGGTTCACCTC	AACTCAGGTTCACCTC	LLU_A	tumor	0.8	1
LLU_p80_r01	LLU_A__CTCAGAAAGGGTCGAT	CTCAGAAAGGGTCGAT	LLU_A	tumor	0.8	1
LLU_p80_r01	LLU_A__GCCAAATCAAATTGCC	GCCAAATCAAATTGCC	LLU_A	tumor	0.8	1
LLU_p80_r01	LLU_A__GTGTGCGTCGCATGAT	GTGTGCGTCGCATGAT	LLU_A	tumor	0.8	1
LLU_p80_r01	LLU_A__CATCAAGTCTCGCTTG	CATCAAGTCTCGCTTG	LLU_A	tumor	0.8	1
LLU_p80_r01	LLU_A__CTACACCCACATCCAA	CTACACCCACATCCAA	LLU_A	tumor	0.8	1
LLU_p80_r01	LLU_A__ACGCCAGAGCTAGGCA	ACGCCAGAGCTAGGCA	LLU_A	tumor	0.8	1
LLU_p80_r01	LLU_A__CTGAAACCAACACCTA	CTGAAACCAACACCTA	LLU_A	tumor	0.8	1
LLU_p80_r01	LLU_A__TTGGCAACAAGTAATG	TTGGCAACAAGTAATG	LLU_A	tumor	0.8	1
LLU_p80_r01	LLU_A__GTCACGGCAGTTAACC	GTCACGGCAGTTAACC	LLU_A	tumor	0.8	1
LLU_p80_r01	LLU_A__CCTCAGTCAAGCGTAG	CCTCAGTCAAGCGTAG	LLU_A	tumor	0.8	1
LLU_p80_r01	LLU_A__CTGATCCAGTTAAGTG	CTGATCCAGTTAAGTG	LLU_A	tumor	0.8	1
LLU_p80_r01	LLU_A__CTAACTTCATACCATG	CTAACTTCATACCATG	LLU_A	tumor	0.8	1
LLU_p80_r01	LLU_A__CCTTTCTGTGGTGTAG	CCTTTCTGTGGTGTAG	LLU_A	tumor	0.8	1
LLU_p80_r01	LLU_A__CTACGTCGTTGCCTCT	CTACGTCGTTGCCTCT	LLU_A	tumor	0.8	1
LLU_p80_r01	LLU_A__GGCTCGATCCACGTTC	GGCTCGATCCACGTTC	LLU_A	tumor	0.8	1
LLU_p80_r01	LLU_A__CAAGTTGGTCCAGTAT	CAAGTTGGTCCAGTAT	LLU_A	tumor	0.8	1
LLU_p80_r01	LLU_A__TTCTACAAGAAACCTA	TTCTACAAGAAACCTA	LLU_A	tumor	0.8	1
LLU_p80_r01	LLU_A__AAAGATGAGCGGCTTC	AAAGATGAGCGGCTTC	LLU_A	tumor	0.8	1
LLU_p80_r01	LLU_A__ATAGACCGTTAAGTAG	ATAGACCGTTAAGTAG	LLU_A	tumor	0.8	1
LLU_p80_r01	LLU_A__TCTTTCCTCGTTTATC	TCTTTCCTCGTTTATC	LLU_A	tumor	0.8	1
LLU_p80_r01	LLU_A__TGACGGCTCAGGTTCA	TGACGGCTCAGGTTCA	LLU_A	tumor	0.8	1
LLU_p80_r01	LLU_A__TTTCCTCGTCCAGTTA	TTTCCTCGTCCAGTTA	LLU_A	tumor	0.8	1
LLU_p80_r01	LLU_A__CTTTGCGGTCTAGTCA	CTTTGCGGTCTAGTCA	LLU_A	tumor	0.8	1
LLU_p80_r01	LLU_A__AGACGTTAGCGCTTAT	AGACGTTAGCGCTTAT	LLU_A	tumor	0.8	1
LLU_p80_r01	LLU_A__CCTACCACACCAGGTC	CCTACCACACCAGGTC	LLU_A	tumor	0.8	1
LLU_p80_r01	LLU_A__ACGAGCCAGCTGCGAA	ACGAGCCAGCTGCGAA	LLU_A	tumor	0.8	1
LLU_p80_r01	LLU_A__TCATTACGTGCCTGTG	TCATTACGTGCCTGTG	LLU_A	tumor	0.8	1
LLU_p80_r01	LLU_A__CGCTGGACACGACGAA	CGCTGGACACGACGAA	LLU_A	tumor	0.8	1
LLU_p80_r01	LLU_A__TGCCCTACAGGGATTG	TGCCCTACAGGGATTG	LLU_A	tumor	0.8	1
LLU_p80_r01	LLU_A__GCGCAACGTAGCTAAA	GCGCAACGTAGCTAAA	LLU_A	tumor	0.8	1
LLU_p80_r01	LLU_A__GAACCTACACTATCTT	GAACCTACACTATCTT	LLU_A	tumor	0.8	1
LLU_p80_r01	LLU_A__CAAGTTGTCATTATCC	CAAGTTGTCATTATCC	LLU_A	tumor	0.8	1
LLU_p80_r01	LLU_A__GGGACCTTCACCCGAG	GGGACCTTCACCCGAG	LLU_A	tumor	0.8	1
LLU_p80_r01	LLU_A__AGACGTTTCATATCGG	AGACGTTTCATATCGG	LLU_A	tumor	0.8	1
LLU_p80_r01	LLU_A__TGGTTAGCATCACGTA	TGGTTAGCATCACGTA	LLU_A	tumor	0.8	1
LLU_p80_r01	LLU_A__GCGCAACAGAAGGGTA	GCGCAACAGAAGGGTA	LLU_A	tumor	0.8	1
LLU_p80_r01	LLU_A__TTGCCGTAGCTGAACG	TTGCCGTAGCTGAACG	LLU_A	tumor	0.8	1
LLU_p80_r01	LLU_A__TGCCAAAAGTACGACG	TGCCAAAAGTACGACG	LLU_A	tumor	0.8	1
LLU_p80_r01	LLU_A__ACAGCTAAGATGAGAG	ACAGCTAAGATGAGAG	LLU_A	tumor	0.8	1
LLU_p80_r01	LLU_A__CCACTACTCCTTGACC	CCACTACTCCTTGACC	LLU_A	tumor	0.8	1
LLU_p80_r01	LLU_A__TTAGGACTCGATCCCT	TTAGGACTCGATCCCT	LLU_A	tumor	0.8	1
LLU_p80_r01	LLU_A__CGCCAAGCAGATTGCT	CGCCAAGCAGATTGCT	LLU_A	tumor	0.8	1
LLU_p80_r01	LLU_A__TCAACGACAGTAAGCG	TCAACGACAGTAAGCG	LLU_A	tumor	0.8	1
LLU_p80_r01	LLU_A__TTGCGTCAGGGAAACA	TTGCGTCAGGGAAACA	LLU_A	tumor	0.8	1
LLU_p80_r01	LLU_A__CAGGTGCAGGTGCTAG	CAGGTGCAGGTGCTAG	LLU_A	tumor	0.8	1
LLU_p80_r01	LLU_A__ACACCGGTCTCGGACG	ACACCGGTCTCGGACG	LLU_A	tumor	0.8	1
LLU_p80_r01	LLU_A__AGTCTTTCACCACCAG	AGTCTTTCACCACCAG	LLU_A	tumor	0.8	1
LLU_p80_r01	LLU_A__AGAATAGCACGAGGTA	AGAATAGCACGAGGTA	LLU_A	tumor	0.8	1
LLU_p80_r01	LLU_A__CCACTACTCACTCTTA	CCACTACTCACTCTTA	LLU_A	tumor	0.8	1
LLU_p80_r01	LLU_A__ACTATCTTCAGAGACG	ACTATCTTCAGAGACG	LLU_A	tumor	0.8	1
LLU_p80_r01	LLU_A__ACAGCCGGTCGCATCG	ACAGCCGGTCGCATCG	LLU_A	tumor	0.8	1
LLU_p80_r01	LLU_A__TGGTTCCCATCATCCC	TGGTTCCCATCATCCC	LLU_A	tumor	0.8	1
LLU_p80_r01	LLU_A__CATATGGCAGACGCTC	CATATGGCAGACGCTC	LLU_A	tumor	0.8	1
LLU_p80_r01	LLU_A__CAAGAAAGTTAAGGGC	CAAGAAAGTTAAGGGC	LLU_A	tumor	0.8	1
LLU_p80_r01	LLU_A__AAATGCCCAGTCAGAG	AAATGCCCAGTCAGAG	LLU_A	tumor	0.8	1
LLU_p80_r01	LLU_A__GCATGCGCAAGTTCTG	GCATGCGCAAGTTCTG	LLU_A	tumor	0.8	1
LLU_p80_r01	LLU_A__GAAGCAGCACGGATAG	GAAGCAGCACGGATAG	LLU_A	tumor	0.8	1
LLU_p80_r01	LLU_A__CTCGAGGTCCTGCTTG	CTCGAGGTCCTGCTTG	LLU_A	tumor	0.8	1
LLU_p80_r01	LLU_A__AACTGGTGTCCTCCAT	AACTGGTGTCCTCCAT	LLU_A	tumor	0.8	1
LLU_p80_r01	LLU_A__CTCATTAGTCTCTTTA	CTCATTAGTCTCTTTA	LLU_A	tumor	0.8	1
LLU_p80_r01	LLU_A__TAAGTGCCAATGGAAT	TAAGTGCCAATGGAAT	LLU_A	tumor	0.8	1
LLU_p80_r01	LLU_A__CGCGGTAAGGATGTAT	CGCGGTAAGGATGTAT	LLU_A	tumor	0.8	1
LLU_p80_r01	LLU_A__TGTGGTATCACAGGCC	TGTGGTATCACAGGCC	LLU_A	tumor	0.8	1
LLU_p80_r01	LLU_A__CTTAGGACACGGCCAT	CTTAGGACACGGCCAT	LLU_A	tumor	0.8	1
LLU_p80_r01	LLU_A__AGGCCACCACAAGTAA	AGGCCACCACAAGTAA	LLU_A	tumor	0.8	1
LLU_p80_r01	LLU_A__TCGGTAAGTCTAGTCA	TCGGTAAGTCTAGTCA	LLU_A	tumor	0.8	1
LLU_p80_r01	LLU_A__CTCGTACCAAGGTTCT	CTCGTACCAAGGTTCT	LLU_A	tumor	0.8	1
LLU_p80_r01	LLU_A__ATGAGGGCATGAAGTA	ATGAGGGCATGAAGTA	LLU_A	tumor	0.8	1
LLU_p80_r01	LLU_A__TTTATGCAGGCATGTG	TTTATGCAGGCATGTG	LLU_A	tumor	0.8	1
LLU_p80_r01	LLU_A__GACCTGGCAGACGCTC	GACCTGGCAGACGCTC	LLU_A	tumor	0.8	1
LLU_p80_r01	LLU_A__TCTGGAACAGTTCCCT	TCTGGAACAGTTCCCT	LLU_A	tumor	0.8	1
LLU_p80_r01	LLU_A__AGGTCATCACGGCGTT	AGGTCATCACGGCGTT	LLU_A	tumor	0.8	1
LLU_p80_r01	LLU_A__GGTGAAGGTCCGTTAA	GGTGAAGGTCCGTTAA	LLU_A	tumor	0.8	1
LLU_p80_r01	LLU_A__TATGCCCCAGTCTTCC	TATGCCCCAGTCTTCC	LLU_A	tumor	0.8	1
LLU_p80_r01	LLU_A__CTAAGACTCCTCCTAG	CTAAGACTCCTCCTAG	LLU_A	tumor	0.8	1
LLU_p80_r01	LLU_A__ACGGAGACACTAGTAC	ACGGAGACACTAGTAC	LLU_A	tumor	0.8	1
LLU_p80_r01	LLU_A__GAAACTCTCCAGTATG	GAAACTCTCCAGTATG	LLU_A	tumor	0.8	1
LLU_p80_r01	LLU_A__ACGCCGACAGTTAACC	ACGCCGACAGTTAACC	LLU_A	tumor	0.8	1
LLU_p80_r01	LLU_A__TGACGGCCATGCTAGT	TGACGGCCATGCTAGT	LLU_A	tumor	0.8	1
LLU_p80_r01	LLU_A__GGGACCTGTCTGGTCG	GGGACCTGTCTGGTCG	LLU_A	tumor	0.8	1
LLU_p80_r01	LLU_A__GCGCAACTCTCCCTGA	GCGCAACTCTCCCTGA	LLU_A	tumor	0.8	1
LLU_p80_r01	LLU_A__GAGGTGACAGGGATTG	GAGGTGACAGGGATTG	LLU_A	tumor	0.8	1
LLU_p80_r01	LLU_A__CAAGATCTCGCTAGCG	CAAGATCTCGCTAGCG	LLU_A	tumor	0.8	1
LLU_p80_r01	LLU_A__AGAATAGTCTAACTCT	AGAATAGTCTAACTCT	LLU_A	tumor	0.8	1
LLU_p80_r01	LLU_A__TTGAACGCATATGAGA	TTGAACGCATATGAGA	LLU_A	tumor	0.8	1
LLU_p80_r01	LLU_A__CAACTAGAGAAAGTGG	CAACTAGAGAAAGTGG	LLU_A	tumor	0.8	1
LLU_p80_r01	LLU_A__CTGATAGTCCTAGAAC	CTGATAGTCCTAGAAC	LLU_A	tumor	0.8	1
LLU_p80_r01	LLU_A__CAAGGCCGTTACCGAT	CAAGGCCGTTACCGAT	LLU_A	tumor	0.8	1
LLU_p80_r01	LLU_A__ACTTACTAGGCTCAGA	ACTTACTAGGCTCAGA	LLU_A	tumor	0.8	1
LLU_p80_r01	LLU_A__TTGACTTCAGGGTATG	TTGACTTCAGGGTATG	LLU_A	tumor	0.8	1
LLU_p80_r01	LLU_A__TACAGTGGTAAACACA	TACAGTGGTAAACACA	LLU_A	tumor	0.8	1
LLU_p80_r01	LLU_A__ACATACGCAAGGTTTC	ACATACGCAAGGTTTC	LLU_A	tumor	0.8	1
LLU_p80_r01	LLU_A__CTACGTCTCGTCCGTT	CTACGTCTCGTCCGTT	LLU_A	tumor	0.8	1
LLU_p80_r01	LLU_A__CGTGAGCCATTACCTT	CGTGAGCCATTACCTT	LLU_A	tumor	0.8	1
LLU_p80_r01	LLU_A__CATCCACAGCACCGCT	CATCCACAGCACCGCT	LLU_A	tumor	0.8	1
LLU_p80_r01	LLU_A__TCGCGAGGTTTAGGAA	TCGCGAGGTTTAGGAA	LLU_A	tumor	0.8	1
LLU_p80_r01	LLU_A__TTGTAGGAGAGGTAGA	TTGTAGGAGAGGTAGA	LLU_A	tumor	0.8	1
LLU_p80_r01	LLU_A__CGAGAAGTCGTGGTCG	CGAGAAGTCGTGGTCG	LLU_A	tumor	0.8	1
LLU_p80_r01	LLU_A__GCTGCTTCATCGGAAG	GCTGCTTCATCGGAAG	LLU_A	tumor	0.8	1
LLU_p80_r01	LLU_A__ATAAGAGAGCGAAGGG	ATAAGAGAGCGAAGGG	LLU_A	tumor	0.8	1
LLU_p80_r01	LLU_A__CGTCCATAGGACCACA	CGTCCATAGGACCACA	LLU_A	tumor	0.8	1
LLU_p80_r01	LLU_A__CGGAGCTGTGTATGGG	CGGAGCTGTGTATGGG	LLU_A	tumor	0.8	1
LLU_p80_r01	LLU_A__AATCGGTTCCACGTTC	AATCGGTTCCACGTTC	LLU_A	tumor	0.8	1
LLU_p80_r01	LLU_A__TTCGGTCCAAAGGAAG	TTCGGTCCAAAGGAAG	LLU_A	tumor	0.8	1
LLU_p80_r01	LLU_A__TCATTACTCACCTTAT	TCATTACTCACCTTAT	LLU_A	tumor	0.8	1
LLU_p80_r01	LLU_A__CACTCCAAGACTACAA	CACTCCAAGACTACAA	LLU_A	tumor	0.8	1
LLU_p80_r01	LLU_A__GGAACTTCATGGGAAC	GGAACTTCATGGGAAC	LLU_A	tumor	0.8	1
LLU_p80_r01	LLU_A__TCGTACCCAGTCACTA	TCGTACCCAGTCACTA	LLU_A	tumor	0.8	1
LLU_p80_r01	LLU_A__GTAACGTTCTGTGCAA	GTAACGTTCTGTGCAA	LLU_A	tumor	0.8	1
LLU_p80_r01	LLU_A__TGACTAGGTAGTGAAT	TGACTAGGTAGTGAAT	LLU_A	tumor	0.8	1
LLU_p80_r01	LLU_A__TACGGTAAGATGTGGC	TACGGTAAGATGTGGC	LLU_A	tumor	0.8	1
LLU_p80_r01	LLU_A__GCAGTTAAGCCAGGAT	GCAGTTAAGCCAGGAT	LLU_A	tumor	0.8	1
LLU_p80_r01	LLU_A__GTCGTAAGTATAGTAG	GTCGTAAGTATAGTAG	LLU_A	tumor	0.8	1
LLU_p80_r01	LLU_A__TGGGAAGGTTCACGGC	TGGGAAGGTTCACGGC	LLU_A	tumor	0.8	1
LLU_p80_r01	LLU_A__AGTGGGAAGCCGGTAA	AGTGGGAAGCCGGTAA	LLU_A	tumor	0.8	1
LLU_p80_r01	LLU_A__CCACTACGTGCCTGTG	CCACTACGTGCCTGTG	LLU_A	tumor	0.8	1
LLU_p80_r01	LLU_A__CCTCTGACAAAGGCGT	CCTCTGACAAAGGCGT	LLU_A	tumor	0.8	1
LLU_p80_r01	LLU_A__GGTGTTACAGTCGTGC	GGTGTTACAGTCGTGC	LLU_A	tumor	0.8	1
LLU_p80_r01	LLU_A__CGATGGCCATTTGCTT	CGATGGCCATTTGCTT	LLU_A	tumor	0.8	1
LLU_p80_r01	LLU_A__AAAGATGAGTATGACA	AAAGATGAGTATGACA	LLU_A	tumor	0.8	1
LLU_p80_r01	LLU_A__ACTGAGTAGTGGAGAA	ACTGAGTAGTGGAGAA	LLU_A	tumor	0.8	1
LLU_p80_r01	LLU_A__CACACTCAGTGACATA	CACACTCAGTGACATA	LLU_A	tumor	0.8	1
LLU_p80_r01	LLU_A__GATGAAAAGGGATCTG	GATGAAAAGGGATCTG	LLU_A	tumor	0.8	1
LLU_p80_r01	LLU_A__CCATGTCAGCGTAATA	CCATGTCAGCGTAATA	LLU_A	tumor	0.8	1
LLU_p80_r01	LLU_A__GCGCGATGTCGCATAT	GCGCGATGTCGCATAT	LLU_A	tumor	0.8	1
LLU_p80_r01	LLU_A__ACTTGTTAGAAACGAG	ACTTGTTAGAAACGAG	LLU_A	tumor	0.8	1
LLU_p80_r01	LLU_A__TGAGAGGCATACCATG	TGAGAGGCATACCATG	LLU_A	tumor	0.8	1
LLU_p80_r01	LLU_A__AATCCAGGTAGGCTGA	AATCCAGGTAGGCTGA	LLU_A	tumor	0.8	1
LLU_p80_r01	LLU_A__TCTCTAAAGGCCCGTT	TCTCTAAAGGCCCGTT	LLU_A	tumor	0.8	1
LLU_p80_r01	LLU_A__ACTGAGTCACCCATTC	ACTGAGTCACCCATTC	LLU_A	tumor	0.8	1
LLU_p80_r01	LLU_A__GACTGCGTCAACACAC	GACTGCGTCAACACAC	LLU_A	tumor	0.8	1
LLU_p80_r01	LLU_A__GACAGAGAGTCCATAC	GACAGAGAGTCCATAC	LLU_A	tumor	0.8	1
LLU_p80_r01	LLU_A__TTTACTGTCGACCAGC	TTTACTGTCGACCAGC	LLU_A	tumor	0.8	1
LLU_p80_r01	LLU_A__GTGCTTCGTACCGTAT	GTGCTTCGTACCGTAT	LLU_A	tumor	0.8	1
LLU_p80_r01	LLU_A__CACAGGCCAGGCTGAA	CACAGGCCAGGCTGAA	LLU_A	tumor	0.8	1
LLU_p80_r01	LLU_A__TTCTCCTTCTTCTGGC	TTCTCCTTCTTCTGGC	LLU_A	tumor	0.8	1
LLU_p80_r01	LLU_A__TGGGAAGTCGTAGGTT	TGGGAAGTCGTAGGTT	LLU_A	tumor	0.8	1
LLU_p80_r01	LLU_A__TGGCGCATCCTTTCGG	TGGCGCATCCTTTCGG	LLU_A	tumor	0.8	1
LLU_p80_r01	LLU_A__AGCTTGAAGACGCACA	AGCTTGAAGACGCACA	LLU_A	tumor	0.8	1
LLU_p80_r01	LLU_A__CACACTCGTCCTCTTG	CACACTCGTCCTCTTG	LLU_A	tumor	0.8	1
LLU_p80_r01	LLU_A__ACCAGTAAGGCCATAG	ACCAGTAAGGCCATAG	LLU_A	tumor	0.8	1
LLU_p80_r01	LLU_A__TCGTAGAAGCCTCGTG	TCGTAGAAGCCTCGTG	LLU_A	tumor	0.8	1
LLU_p80_r01	LLU_A__TGACTTTGTGAACCTT	TGACTTTGTGAACCTT	LLU_A	tumor	0.8	1
LLU_p80_r01	LLU_A__CACTCCATCATTGCGA	CACTCCATCATTGCGA	LLU_A	tumor	0.8	1
LLU_p80_r01	LLU_A__TTGGAACGTGCACTTA	TTGGAACGTGCACTTA	LLU_A	tumor	0.8	1
LLU_p80_r01	LLU_A__TCAACGACAATCTGCA	TCAACGACAATCTGCA	LLU_A	tumor	0.8	1
LLU_p80_r01	LLU_A__CCTCAGTAGTACGTAA	CCTCAGTAGTACGTAA	LLU_A	tumor	0.8	1
LLU_p80_r01	LLU_A__CTGAAACTCATTGCCC	CTGAAACTCATTGCCC	LLU_A	tumor	0.8	1
LLU_p80_r01	LLU_A__AAAGATGAGACTAGAT	AAAGATGAGACTAGAT	LLU_A	tumor	0.8	1
LLU_p80_r01	LLU_A__AAACGGGGTTCTCATT	AAACGGGGTTCTCATT	LLU_A	tumor	0.8	1
LLU_p80_r01	LLU_A__CTTTGCGAGTATCGAA	CTTTGCGAGTATCGAA	LLU_A	tumor	0.8	1
LLU_p80_r01	LLU_A__AATCCAGCAGCATGAG	AATCCAGCAGCATGAG	LLU_A	tumor	0.8	1
LLU_p80_r01	LLU_A__ATAACGCGTTTGTGTG	ATAACGCGTTTGTGTG	LLU_A	tumor	0.8	1
LLU_p80_r01	LLU_A__AGACGTTCATGCAATC	AGACGTTCATGCAATC	LLU_A	tumor	0.8	1
LLU_p80_r01	LLU_A__ATGAGGGAGGGTGTTG	ATGAGGGAGGGTGTTG	LLU_A	tumor	0.8	1
LLU_p80_r01	LLU_A__ATCTGCCTCCACTGGG	ATCTGCCTCCACTGGG	LLU_A	tumor	0.8	1
LLU_p80_r01	LLU_A__CGTGAGCTCAATCACG	CGTGAGCTCAATCACG	LLU_A	tumor	0.8	1
LLU_p80_r01	LLU_A__CCGTTCAGTCCAGTAT	CCGTTCAGTCCAGTAT	LLU_A	tumor	0.8	1
LLU_p80_r01	LLU_A__TAAGTGCAGAATGTTG	TAAGTGCAGAATGTTG	LLU_A	tumor	0.8	1
LLU_p80_r01	LLU_A__CTGTTTATCTTGAGGT	CTGTTTATCTTGAGGT	LLU_A	tumor	0.8	1
LLU_p80_r01	LLU_A__GAACGGAGTCTTCTCG	GAACGGAGTCTTCTCG	LLU_A	tumor	0.8	1
LLU_p80_r01	LLU_A__GTACTTTGTAGTACCT	GTACTTTGTAGTACCT	LLU_A	tumor	0.8	1
LLU_p80_r01	LLU_A__GCTTGAATCTTCATGT	GCTTGAATCTTCATGT	LLU_A	tumor	0.8	1
LLU_p80_r01	LLU_A__AACCGCGAGGCATTGG	AACCGCGAGGCATTGG	LLU_A	tumor	0.8	1
LLU_p80_r01	LLU_A__ATAAGAGAGTGTCCCG	ATAAGAGAGTGTCCCG	LLU_A	tumor	0.8	1
LLU_p80_r01	LLU_A__ATGCGATCATACGCTA	ATGCGATCATACGCTA	LLU_A	tumor	0.8	1
LLU_p80_r01	LLU_A__AGCTTGAGTGTTCGAT	AGCTTGAGTGTTCGAT	LLU_A	tumor	0.8	1
LLU_p80_r01	LLU_A__AGCGTATCAGATGGGT	AGCGTATCAGATGGGT	LLU_A	tumor	0.8	1
LLU_p80_r01	LLU_A__CTGGTCTCACACCGCA	CTGGTCTCACACCGCA	LLU_A	tumor	0.8	1
LLU_p80_r01	LLU_A__CGTTCTGGTTCGTCTC	CGTTCTGGTTCGTCTC	LLU_A	tumor	0.8	1
LLU_p80_r01	LLU_A__CTACCCAAGTCGCCGT	CTACCCAAGTCGCCGT	LLU_A	tumor	0.8	1
LLU_p80_r01	LLU_A__CGACTTCGTAAGCACG	CGACTTCGTAAGCACG	LLU_A	tumor	0.8	1
LLU_p80_r01	LLU_A__CAGCATATCGGTTAAC	CAGCATATCGGTTAAC	LLU_A	tumor	0.8	1
LLU_p80_r01	LLU_A__GTCACGGCAGTCGTGC	GTCACGGCAGTCGTGC	LLU_A	tumor	0.8	1
LLU_p80_r01	LLU_A__TGCTACCGTTCTGAAC	TGCTACCGTTCTGAAC	LLU_A	tumor	0.8	1
LLU_p80_r01	LLU_A__CGTAGGCAGACATAAC	CGTAGGCAGACATAAC	LLU_A	tumor	0.8	1
LLU_p80_r01	LLU_A__TACAGTGTCACTCTTA	TACAGTGTCACTCTTA	LLU_A	tumor	0.8	1
LLU_p80_r01	LLU_A__CATGGCGCAGGTCCAC	CATGGCGCAGGTCCAC	LLU_A	tumor	0.8	1
LLU_p80_r01	LLU_A__CATGCCTGTCGCCATG	CATGCCTGTCGCCATG	LLU_A	tumor	0.8	1
LLU_p80_r01	LLU_A__GACGTTAAGCCAGAAC	GACGTTAAGCCAGAAC	LLU_A	tumor	0.8	1
LLU_p80_r01	LLU_A__CGCTTCATCCGAACGC	CGCTTCATCCGAACGC	LLU_A	tumor	0.8	1
LLU_p80_r01	LLU_A__GCACATATCTTAGCCC	GCACATATCTTAGCCC	LLU_A	tumor	0.8	1
LLU_p80_r01	LLU_A__CCGGGATCATCCGCGA	CCGGGATCATCCGCGA	LLU_A	tumor	0.8	1
LLU_p80_r01	LLU_A__GCTCCTATCATGTCCC	GCTCCTATCATGTCCC	LLU_A	tumor	0.8	1
LLU_p80_r01	LLU_A__GATCGCGGTTAAAGAC	GATCGCGGTTAAAGAC	LLU_A	tumor	0.8	1
LLU_p80_r01	LLU_A__TGCCCTACACAAGCCC	TGCCCTACACAAGCCC	LLU_A	tumor	0.8	1
LLU_p80_r01	LLU_A__TGTATTCTCGAGCCCA	TGTATTCTCGAGCCCA	LLU_A	tumor	0.8	1
LLU_p80_r01	LLU_A__GGGCATCGTATGAATG	GGGCATCGTATGAATG	LLU_A	tumor	0.8	1
LLU_p80_r01	LLU_A__GTGAAGGCACTAGTAC	GTGAAGGCACTAGTAC	LLU_A	tumor	0.8	1
LLU_p80_r01	LLU_A__TTTGCGCAGGGCTTGA	TTTGCGCAGGGCTTGA	LLU_A	tumor	0.8	1
LLU_p80_r01	LLU_A__GGGTCTGCACCAACCG	GGGTCTGCACCAACCG	LLU_A	tumor	0.8	1
LLU_p80_r01	LLU_A__CTAGTGAAGCACCGCT	CTAGTGAAGCACCGCT	LLU_A	tumor	0.8	1
LLU_p80_r01	LLU_A__CGTCTACTCGCGATCG	CGTCTACTCGCGATCG	LLU_A	tumor	0.8	1
LLU_p80_r01	LLU_A__ATCATCTAGTTTCCTT	ATCATCTAGTTTCCTT	LLU_A	tumor	0.8	1
LLU_p80_r01	LLU_A__GTGCATAGTCGACTAT	GTGCATAGTCGACTAT	LLU_A	tumor	0.8	1
LLU_p80_r01	LLU_A__GATCGCGTCCAAACTG	GATCGCGTCCAAACTG	LLU_A	tumor	0.8	1
LLU_p80_r01	LLU_A__CGGGTCAAGGACCACA	CGGGTCAAGGACCACA	LLU_A	tumor	0.8	1
LLU_p80_r01	LLU_A__GCGCGATTCCTACAGA	GCGCGATTCCTACAGA	LLU_A	tumor	0.8	1
LLU_p80_r01	LLU_A__GCAAACTCAACACCCG	GCAAACTCAACACCCG	LLU_A	tumor	0.8	1
LLU_p80_r01	LLU_A__TGGTTCCAGCGTGAAC	TGGTTCCAGCGTGAAC	LLU_A	tumor	0.8	1
LLU_p80_r01	LLU_A__CTAGCCTAGACAAAGG	CTAGCCTAGACAAAGG	LLU_A	tumor	0.8	1
LLU_p80_r01	LLU_A__CTCGGAGAGTGAACGC	CTCGGAGAGTGAACGC	LLU_A	tumor	0.8	1
LLU_p80_r01	LLU_A__CTGCTGTAGCTGGAAC	CTGCTGTAGCTGGAAC	LLU_A	tumor	0.8	1
LLU_p80_r01	LLU_A__TTCGGTCCAAGGTTTC	TTCGGTCCAAGGTTTC	LLU_A	tumor	0.8	1
LLU_p80_r01	LLU_A__AAGCCGCGTGCTAGCC	AAGCCGCGTGCTAGCC	LLU_A	tumor	0.8	1
LLU_p80_r01	LLU_A__GTTCTCGCATGGTTGT	GTTCTCGCATGGTTGT	LLU_A	tumor	0.8	1
LLU_p80_r01	LLU_A__ACATACGGTATGAATG	ACATACGGTATGAATG	LLU_A	tumor	0.8	1
LLU_p80_r01	LLU_A__ACTGATGTCGGAAACG	ACTGATGTCGGAAACG	LLU_A	tumor	0.8	1
LLU_p80_r01	LLU_A__ATTGGACCACTTAAGC	ATTGGACCACTTAAGC	LLU_A	tumor	0.8	1
LLU_p80_r01	LLU_A__GGCAATTTCTGTACGA	GGCAATTTCTGTACGA	LLU_A	tumor	0.8	1
LLU_p80_r01	LLU_A__GTCACGGCATGACGGA	GTCACGGCATGACGGA	LLU_A	tumor	0.8	1
LLU_p80_r01	LLU_A__GTCACGGTCTCTGAGA	GTCACGGTCTCTGAGA	LLU_A	tumor	0.8	1
LLU_p80_r01	LLU_A__CTAGCCTAGACTGTAA	CTAGCCTAGACTGTAA	LLU_A	tumor	0.8	1
LLU_p80_r01	LLU_A__AGACGTTAGGGTCGAT	AGACGTTAGGGTCGAT	LLU_A	tumor	0.8	1
LLU_p80_r01	LLU_A__CATGACACACAGGAGT	CATGACACACAGGAGT	LLU_A	tumor	0.8	1
LLU_p80_r01	LLU_A__ATAACGCCACTCTGTC	ATAACGCCACTCTGTC	LLU_A	tumor	0.8	1
LLU_p80_r01	LLU_A__TACCTATCAGTAAGAT	TACCTATCAGTAAGAT	LLU_A	tumor	0.8	1
LLU_p80_r01	LLU_A__CGTGTAATCTGTCTAT	CGTGTAATCTGTCTAT	LLU_A	tumor	0.8	1
LLU_p80_r01	LLU_A__GTTCGGGCACCGTTGG	GTTCGGGCACCGTTGG	LLU_A	tumor	0.8	1
LLU_p80_r01	LLU_A__ACAGCTACAAGTAGTA	ACAGCTACAAGTAGTA	LLU_A	tumor	0.8	1
LLU_p80_r01	LLU_A__ACACCGGTCCCAGGTG	ACACCGGTCCCAGGTG	LLU_A	tumor	0.8	1
LLU_p80_r01	LLU_A__AGTGGGATCATGTCCC	AGTGGGATCATGTCCC	LLU_A	tumor	0.8	1
LLU_p80_r01	LLU_A__CGGACTGGTCCGTGAC	CGGACTGGTCCGTGAC	LLU_A	tumor	0.8	1
LLU_p80_r01	LLU_A__ACACCAAAGTGAAGTT	ACACCAAAGTGAAGTT	LLU_A	tumor	0.8	1
LLU_p80_r01	LLU_A__CCCAATCAGTCTTGCA	CCCAATCAGTCTTGCA	LLU_A	tumor	0.8	1
LLU_p80_r01	LLU_A__GACACGCAGGACTGGT	GACACGCAGGACTGGT	LLU_A	tumor	0.8	1
LLU_p80_r01	LLU_A__CAGCATAGTGTAACGG	CAGCATAGTGTAACGG	LLU_A	tumor	0.8	1
LLU_p80_r01	LLU_A__GGCAATTCATCAGTAC	GGCAATTCATCAGTAC	LLU_A	tumor	0.8	1
LLU_p80_r01	LLU_A__TTGGCAACAAATTGCC	TTGGCAACAAATTGCC	LLU_A	tumor	0.8	1
LLU_p80_r01	LLU_A__TTGGAACGTTCCACGG	TTGGAACGTTCCACGG	LLU_A	tumor	0.8	1
LLU_p80_r01	LLU_A__GTCAAGTGTCCGAACC	GTCAAGTGTCCGAACC	LLU_A	tumor	0.8	1
LLU_p80_r01	LLU_A__AGGGTGAAGACACTAA	AGGGTGAAGACACTAA	LLU_A	tumor	0.8	1
LLU_p80_r01	LLU_A__AACCATGAGGCTACGA	AACCATGAGGCTACGA	LLU_A	tumor	0.8	1
LLU_p80_r01	LLU_A__TGTATTCCAATAACGA	TGTATTCCAATAACGA	LLU_A	tumor	0.8	1
LLU_p80_r01	LLU_A__CATGGCGGTGTATGGG	CATGGCGGTGTATGGG	LLU_A	tumor	0.8	1
LLU_p80_r01	LLU_A__ACGAGGAGTGTGAATA	ACGAGGAGTGTGAATA	LLU_A	tumor	0.8	1
LLU_p80_r01	LLU_A__ATTGGACCATCCGGGT	ATTGGACCATCCGGGT	LLU_A	tumor	0.8	1
LLU_p80_r01	LLU_A__GAGTCCGCACCTCGTT	GAGTCCGCACCTCGTT	LLU_A	tumor	0.8	1
LLU_p80_r01	LLU_A__AGAGTGGCATCCGGGT	AGAGTGGCATCCGGGT	LLU_A	tumor	0.8	1
LLU_p80_r01	LLU_A__GTCAAGTGTGTCGCTG	GTCAAGTGTGTCGCTG	LLU_A	tumor	0.8	1
LLU_p80_r01	LLU_A__TGACTAGGTTGTACAC	TGACTAGGTTGTACAC	LLU_A	tumor	0.8	1
LLU_p80_r01	LLU_A__CAAGTTGGTAAGTAGT	CAAGTTGGTAAGTAGT	LLU_A	tumor	0.8	1
LLU_p80_r01	LLU_A__CCTCAGTAGTCGATAA	CCTCAGTAGTCGATAA	LLU_A	tumor	0.8	1
LLU_p80_r01	LLU_A__GTCGTAAGTTCAACCA	GTCGTAAGTTCAACCA	LLU_A	tumor	0.8	1
LLU_p80_r01	LLU_A__GTGCATAAGAGTAAGG	GTGCATAAGAGTAAGG	LLU_A	tumor	0.8	1
LLU_p80_r01	LLU_A__ACTTACTCATTTCAGG	ACTTACTCATTTCAGG	LLU_A	tumor	0.8	1
LLU_p80_r01	LLU_A__CTACATTTCCTAGAAC	CTACATTTCCTAGAAC	LLU_A	tumor	0.8	1
LLU_p80_r01	LLU_A__GCAAACTGTTCTGTTT	GCAAACTGTTCTGTTT	LLU_A	tumor	0.8	1
LLU_p80_r01	LLU_A__AGTAGTCCACTGTCGG	AGTAGTCCACTGTCGG	LLU_A	tumor	0.8	1
LLU_p80_r01	LLU_A__GGACAAGGTCCAGTAT	GGACAAGGTCCAGTAT	LLU_A	tumor	0.8	1
LLU_p80_r01	LLU_A__CGAGCCAGTGACCAAG	CGAGCCAGTGACCAAG	LLU_A	tumor	0.8	1
LLU_p80_r01	LLU_A__AGTGTCAGTATTAGCC	AGTGTCAGTATTAGCC	LLU_A	tumor	0.8	1
LLU_p80_r01	LLU_A__TATCTCAAGCTCCTTC	TATCTCAAGCTCCTTC	LLU_A	tumor	0.8	1
LLU_p80_r01	LLU_A__TGACGGCGTAGTAGTA	TGACGGCGTAGTAGTA	LLU_A	tumor	0.8	1
LLU_p80_r01	LLU_A__AGGCCACGTTCTGAAC	AGGCCACGTTCTGAAC	LLU_A	tumor	0.8	1
LLU_p80_r01	LLU_A__GGGTTGCTCCTGTAGA	GGGTTGCTCCTGTAGA	LLU_A	tumor	0.8	1
LLU_p80_r01	LLU_A__GGAGCAAGTTCCGTCT	GGAGCAAGTTCCGTCT	LLU_A	tumor	0.8	1
LLU_p80_r01	LLU_A__GAGTCCGGTATGGTTC	GAGTCCGGTATGGTTC	LLU_A	tumor	0.8	1
LLU_p80_r01	LLU_A__CGTCACTTCTGTCTCG	CGTCACTTCTGTCTCG	LLU_A	tumor	0.8	1
LLU_p80_r01	LLU_A__TGCGTGGCAGCTGTTA	TGCGTGGCAGCTGTTA	LLU_A	tumor	0.8	1
LLU_p80_r01	LLU_A__TCAGATGCAATGTTGC	TCAGATGCAATGTTGC	LLU_A	tumor	0.8	1
LLU_p80_r01	LLU_A__AACTCTTGTCTAGAGG	AACTCTTGTCTAGAGG	LLU_A	tumor	0.8	1
LLU_p80_r01	LLU_A__TCTGGAAGTGTGAAAT	TCTGGAAGTGTGAAAT	LLU_A	tumor	0.8	1
LLU_p80_r01	LLU_A__TGCACCTTCGTAGATC	TGCACCTTCGTAGATC	LLU_A	tumor	0.8	1
LLU_p80_r01	LLU_A__AACTTTCGTGATGCCC	AACTTTCGTGATGCCC	LLU_A	tumor	0.8	1
LLU_p80_r01	LLU_A__CACCAGGTCCGCAGTG	CACCAGGTCCGCAGTG	LLU_A	tumor	0.8	1
LLU_p80_r01	LLU_A__GCCAAATGTCTCTCGT	GCCAAATGTCTCTCGT	LLU_A	tumor	0.8	1
LLU_p80_r01	LLU_A__TTTCCTCAGGGCATGT	TTTCCTCAGGGCATGT	LLU_A	tumor	0.8	1
LLU_p80_r01	LLU_A__TTTGTCAGTCCGAATT	TTTGTCAGTCCGAATT	LLU_A	tumor	0.8	1
LLU_p80_r01	LLU_A__CCGTACTAGTGTACGG	CCGTACTAGTGTACGG	LLU_A	tumor	0.8	1
LLU_p80_r01	LLU_A__CTAATGGCAAGGTTTC	CTAATGGCAAGGTTTC	LLU_A	tumor	0.8	1
LLU_p80_r01	LLU_A__CGAACATCACTTGGAT	CGAACATCACTTGGAT	LLU_A	tumor	0.8	1
LLU_p80_r01	LLU_A__TCGGGACTCTTGAGGT	TCGGGACTCTTGAGGT	LLU_A	tumor	0.8	1
LLU_p80_r01	LLU_A__GTGCGGTGTGTGCCTG	GTGCGGTGTGTGCCTG	LLU_A	tumor	0.8	1
LLU_p80_r01	LLU_A__TAGCCGGTCTGCGACG	TAGCCGGTCTGCGACG	LLU_A	tumor	0.8	1
LLU_p80_r01	LLU_A__TTCCCAGTCCAAGCCG	TTCCCAGTCCAAGCCG	LLU_A	tumor	0.8	1
LLU_p80_r01	LLU_A__TACAGTGTCGCCTGAG	TACAGTGTCGCCTGAG	LLU_A	tumor	0.8	1
LLU_p80_r01	LLU_A__CAGCATAGTGAAATCA	CAGCATAGTGAAATCA	LLU_A	tumor	0.8	1
LLU_p80_r01	LLU_A__CCTACACCACGTCAGC	CCTACACCACGTCAGC	LLU_A	tumor	0.8	1
LLU_p80_r01	LLU_A__TGGCTGGGTCGAGTTT	TGGCTGGGTCGAGTTT	LLU_A	tumor	0.8	1
LLU_p80_r01	LLU_A__ATGAGGGGTATCAGTC	ATGAGGGGTATCAGTC	LLU_A	tumor	0.8	1
LLU_p80_r01	LLU_A__TAAGCGTTCCAGAAGG	TAAGCGTTCCAGAAGG	LLU_A	tumor	0.8	1
LLU_p80_r01	LLU_A__GGACATTCACTGCCAG	GGACATTCACTGCCAG	LLU_A	tumor	0.8	1
LLU_p80_r01	LLU_A__TGCCCATTCCTGCAGG	TGCCCATTCCTGCAGG	LLU_A	tumor	0.8	1
LLU_p80_r01	LLU_A__CTGCGGATCGCATGGC	CTGCGGATCGCATGGC	LLU_A	tumor	0.8	1
LLU_p80_r01	LLU_A__TGTCCCAAGACCTAGG	TGTCCCAAGACCTAGG	LLU_A	tumor	0.8	1
LLU_p80_r01	LLU_A__AGGCCACCATTGGCGC	AGGCCACCATTGGCGC	LLU_A	tumor	0.8	1
LLU_p80_r01	LLU_A__GCATGCGGTTGCCTCT	GCATGCGGTTGCCTCT	LLU_A	tumor	0.8	1
LLU_p80_r01	LLU_A__TCGTAGAAGTTCCACA	TCGTAGAAGTTCCACA	LLU_A	tumor	0.8	1
LLU_p80_r01	LLU_A__ACGAGCCCACGAAACG	ACGAGCCCACGAAACG	LLU_A	tumor	0.8	1
LLU_p80_r01	LLU_A__TACACGACAAGGACAC	TACACGACAAGGACAC	LLU_A	tumor	0.8	1
LLU_p80_r01	LLU_A__CTGATCCGTCTACCTC	CTGATCCGTCTACCTC	LLU_A	tumor	0.8	1
LLU_p80_r01	LLU_A__GCTCCTAGTCGAGATG	GCTCCTAGTCGAGATG	LLU_A	tumor	0.8	1
LLU_p80_r01	LLU_A__CAGATCATCGCCATAA	CAGATCATCGCCATAA	LLU_A	tumor	0.8	1
LLU_p80_r01	LLU_A__GCCTCTAAGTAATCCC	GCCTCTAAGTAATCCC	LLU_A	tumor	0.8	1
LLU_p80_r01	LLU_A__AAAGATGAGCAATATG	AAAGATGAGCAATATG	LLU_A	tumor	0.8	1
LLU_p80_r01	LLU_A__TGAGGGATCCAAACAC	TGAGGGATCCAAACAC	LLU_A	tumor	0.8	1
LLU_p80_r01	LLU_A__CGGTTAAAGAGGGATA	CGGTTAAAGAGGGATA	LLU_A	tumor	0.8	1
LLU_p80_r01	LLU_A__GGACAAGCAACGCACC	GGACAAGCAACGCACC	LLU_A	tumor	0.8	1
LLU_p80_r01	LLU_A__CGCCAAGAGCAAATCA	CGCCAAGAGCAAATCA	LLU_A	tumor	0.8	1
LLU_p80_r01	LLU_A__TAAACCGGTATTAGCC	TAAACCGGTATTAGCC	LLU_A	tumor	0.8	1
LLU_p80_r01	LLU_A__TGGGCGTGTTGACGTT	TGGGCGTGTTGACGTT	LLU_A	tumor	0.8	1
LLU_p80_r01	LLU_A__ATTATCCCAACTGGCC	ATTATCCCAACTGGCC	LLU_A	tumor	0.8	1
LLU_p80_r01	LLU_A__TTGGCAAAGGCATGGT	TTGGCAAAGGCATGGT	LLU_A	tumor	0.8	1
LLU_p80_r01	LLU_A__TATCAGGTCTGTCTAT	TATCAGGTCTGTCTAT	LLU_A	tumor	0.8	1
LLU_p80_r01	LLU_A__CGTCAGGGTTCAGCGC	CGTCAGGGTTCAGCGC	LLU_A	tumor	0.8	1
LLU_p80_r01	LLU_A__CGATGTAAGTCATCCA	CGATGTAAGTCATCCA	LLU_A	tumor	0.8	1
LLU_p80_r01	LLU_A__TCGCGAGTCATACGGT	TCGCGAGTCATACGGT	LLU_A	tumor	0.8	1
LLU_p80_r01	LLU_A__GTTACAGTCTATGTGG	GTTACAGTCTATGTGG	LLU_A	tumor	0.8	1
LLU_p80_r01	LLU_A__AGCTTGAAGTACGACG	AGCTTGAAGTACGACG	LLU_A	tumor	0.8	1
LLU_p80_r01	LLU_A__CGTAGCGTCAGGCCCA	CGTAGCGTCAGGCCCA	LLU_A	tumor	0.8	1
LLU_p80_r01	LLU_A__TAAGAGACAAAGTCAA	TAAGAGACAAAGTCAA	LLU_A	tumor	0.8	1
LLU_p80_r01	LLU_A__TGTGGTACATCACAAC	TGTGGTACATCACAAC	LLU_A	tumor	0.8	1
LLU_p80_r01	LLU_A__CATTATCCAGCATACT	CATTATCCAGCATACT	LLU_A	tumor	0.8	1
LLU_p80_r01	LLU_A__GTCCTCATCCCTAACC	GTCCTCATCCCTAACC	LLU_A	tumor	0.8	1
LLU_p80_r01	LLU_A__TGAAAGACACACAGAG	TGAAAGACACACAGAG	LLU_A	tumor	0.8	1
LLU_p80_r01	LLU_A__CCGGGATGTTTGACAC	CCGGGATGTTTGACAC	LLU_A	tumor	0.8	1
LLU_p80_r01	LLU_A__CAGCAGCGTTACGACT	CAGCAGCGTTACGACT	LLU_A	tumor	0.8	1
LLU_p80_r01	LLU_A__TGACTTTAGCGATCCC	TGACTTTAGCGATCCC	LLU_A	tumor	0.8	1
LLU_p80_r01	LLU_A__TTGACTTGTATATCCG	TTGACTTGTATATCCG	LLU_A	tumor	0.8	1
LLU_p80_r01	LLU_A__GACTACACAAGTTCTG	GACTACACAAGTTCTG	LLU_A	tumor	0.8	1
LLU_p80_r01	LLU_A__TGACAACTCGGTCCGA	TGACAACTCGGTCCGA	LLU_A	tumor	0.8	1
LLU_p80_r01	LLU_A__TGCTACCCACGTAAGG	TGCTACCCACGTAAGG	LLU_A	tumor	0.8	1
LLU_p80_r01	LLU_A__ACACCAAGTTGGTAAA	ACACCAAGTTGGTAAA	LLU_A	tumor	0.8	1
LLU_p80_r01	LLU_A__GGTATTGCATGACATC	GGTATTGCATGACATC	LLU_A	tumor	0.8	1
LLU_p80_r01	LLU_A__CATGACATCACGCATA	CATGACATCACGCATA	LLU_A	tumor	0.8	1
LLU_p80_r01	LLU_A__CATCGAACAAGGCTCC	CATCGAACAAGGCTCC	LLU_A	tumor	0.8	1
LLU_p80_r01	LLU_A__CTCAGAACATCACGAT	CTCAGAACATCACGAT	LLU_A	tumor	0.8	1
LLU_p80_r01	LLU_A__ATCGAGTGTCAGCTAT	ATCGAGTGTCAGCTAT	LLU_A	tumor	0.8	1
LLU_p80_r01	LLU_A__ATGAGGGTCTCACATT	ATGAGGGTCTCACATT	LLU_A	tumor	0.8	1
LLU_p80_r01	LLU_A__ATCCACCAGCGTCAAG	ATCCACCAGCGTCAAG	LLU_A	tumor	0.8	1
LLU_p80_r01	LLU_A__GCGACCACACCCATTC	GCGACCACACCCATTC	LLU_A	tumor	0.8	1
LLU_p80_r01	LLU_A__TTCCCAGAGAGTTGGC	TTCCCAGAGAGTTGGC	LLU_A	tumor	0.8	1
LLU_p80_r01	LLU_A__CATGCCTCACGTAAGG	CATGCCTCACGTAAGG	LLU_A	tumor	0.8	1
LLU_p80_r01	LLU_A__ACTGTCCTCACGAAGG	ACTGTCCTCACGAAGG	LLU_A	tumor	0.8	1
LLU_p80_r01	LLU_A__CCTATTACACTAGTAC	CCTATTACACTAGTAC	LLU_A	tumor	0.8	1
LLU_p80_r01	LLU_A__GTTCATTCAATCACAC	GTTCATTCAATCACAC	LLU_A	tumor	0.8	1
LLU_p80_r01	LLU_A__CAAGTTGCAAAGCAAT	CAAGTTGCAAAGCAAT	LLU_A	tumor	0.8	1
LLU_p80_r01	LLU_A__CGTCACTTCTGGGCCA	CGTCACTTCTGGGCCA	LLU_A	tumor	0.8	1
LLU_p80_r01	LLU_A__AGTGGGACACTAGTAC	AGTGGGACACTAGTAC	LLU_A	tumor	0.8	1
LLU_p80_r01	LLU_A__CTACGTCTCTCCTATA	CTACGTCTCTCCTATA	LLU_A	tumor	0.8	1
LLU_p80_r01	LLU_A__CCTTTCTAGTGACTCT	CCTTTCTAGTGACTCT	LLU_A	tumor	0.8	1
LLU_p80_r01	LLU_A__AGGCCACCAACTGGCC	AGGCCACCAACTGGCC	LLU_A	tumor	0.8	1
LLU_p80_r01	LLU_A__GATCGTAGTCTCACCT	GATCGTAGTCTCACCT	LLU_A	tumor	0.8	1
LLU_p80_r01	LLU_A__CGGACTGCATGACGGA	CGGACTGCATGACGGA	LLU_A	tumor	0.8	1
LLU_p80_r01	LLU_A__GTCACGGAGCCAACAG	GTCACGGAGCCAACAG	LLU_A	tumor	0.8	1
LLU_p80_r01	LLU_A__TGTCCCAAGCTTCGCG	TGTCCCAAGCTTCGCG	LLU_A	tumor	0.8	1
LLU_p80_r01	LLU_A__CGTGTAAAGTCATGCT	CGTGTAAAGTCATGCT	LLU_A	tumor	0.8	1
LLU_p80_r01	LLU_A__ATGTGTGTCCGTACAA	ATGTGTGTCCGTACAA	LLU_A	tumor	0.8	1
LLU_p80_r01	LLU_A__GACGTTAGTCGACTGC	GACGTTAGTCGACTGC	LLU_A	tumor	0.8	1
LLU_p80_r01	LLU_A__CATATTCAGCTATGCT	CATATTCAGCTATGCT	LLU_A	tumor	0.8	1
LLU_p80_r01	LLU_A__TACCTATAGGAGTACC	TACCTATAGGAGTACC	LLU_A	tumor	0.8	1
LLU_p80_r01	LLU_A__TACGGTAAGAAGGACA	TACGGTAAGAAGGACA	LLU_A	tumor	0.8	1
LLU_p80_r01	LLU_A__TCAATCTAGGTCATCT	TCAATCTAGGTCATCT	LLU_A	tumor	0.8	1
LLU_p80_r01	LLU_A__CGGAGTCCATGTTGAC	CGGAGTCCATGTTGAC	LLU_A	tumor	0.8	1
LLU_p80_r01	LLU_A__CATCGAACACTCGACG	CATCGAACACTCGACG	LLU_A	tumor	0.8	1
LLU_p80_r01	LLU_A__TCCACACTCCAACCAA	TCCACACTCCAACCAA	LLU_A	tumor	0.8	1
LLU_p80_r01	LLU_A__GTGTGCGGTATATGAG	GTGTGCGGTATATGAG	LLU_A	tumor	0.8	1
LLU_p80_r01	LLU_A__GGAGCAAGTAGAGTGC	GGAGCAAGTAGAGTGC	LLU_A	tumor	0.8	1
LLU_p80_r01	LLU_A__GCATGCGGTAGTACCT	GCATGCGGTAGTACCT	LLU_A	tumor	0.8	1
LLU_p80_r01	LLU_A__CGCCAAGGTTGAACTC	CGCCAAGGTTGAACTC	LLU_A	tumor	0.8	1
LLU_p80_r01	LLU_A__TGGCCAGCATGAACCT	TGGCCAGCATGAACCT	LLU_A	tumor	0.8	1
LLU_p80_r01	LLU_A__ACAGCCGAGTCTCGGC	ACAGCCGAGTCTCGGC	LLU_A	tumor	0.8	1
LLU_p80_r01	LLU_A__TCAACGAGTTACGACT	TCAACGAGTTACGACT	LLU_A	tumor	0.8	1
LLU_p80_r01	LLU_A__CCCATACGTCCAGTGC	CCCATACGTCCAGTGC	LLU_A	tumor	0.8	1
LLU_p80_r01	LLU_A__CCATTCGCAACGATGG	CCATTCGCAACGATGG	LLU_A	tumor	0.8	1
LLU_p80_r01	LLU_A__GTGAAGGGTCTAGGTT	GTGAAGGGTCTAGGTT	LLU_A	tumor	0.8	1
LLU_p80_r01	LLU_A__CGGACGTAGCCGTCGT	CGGACGTAGCCGTCGT	LLU_A	tumor	0.8	1
LLU_p80_r01	LLU_A__GCGACCAGTTTAAGCC	GCGACCAGTTTAAGCC	LLU_A	tumor	0.8	1
LLU_p80_r01	LLU_A__ACTTTCATCCTTGGTC	ACTTTCATCCTTGGTC	LLU_A	tumor	0.8	1
LLU_p80_r01	LLU_A__TCCCGATCAGGGCATA	TCCCGATCAGGGCATA	LLU_A	tumor	0.8	1
LLU_p80_r01	LLU_A__CGATGTAGTGTTGAGG	CGATGTAGTGTTGAGG	LLU_A	tumor	0.8	1
LLU_p80_r01	LLU_A__ACATACGAGGGAAACA	ACATACGAGGGAAACA	LLU_A	tumor	0.8	1
LLU_p80_r01	LLU_A__TGAGCATAGGCGCTCT	TGAGCATAGGCGCTCT	LLU_A	tumor	0.8	1
LLU_p80_r01	LLU_A__TCACAAGAGGTGTGGT	TCACAAGAGGTGTGGT	LLU_A	tumor	0.8	1
LLU_p80_r01	LLU_A__TCACGAAAGGAGCGAG	TCACGAAAGGAGCGAG	LLU_A	tumor	0.8	1
LLU_p80_r01	LLU_A__AGTCTTTCACCGCTAG	AGTCTTTCACCGCTAG	LLU_A	tumor	0.8	1
LLU_p80_r01	LLU_A__TGACGGCGTAGCGATG	TGACGGCGTAGCGATG	LLU_A	tumor	0.8	1
LLU_p80_r01	LLU_A__AGGGTGATCAGATAAG	AGGGTGATCAGATAAG	LLU_A	tumor	0.8	1
LLU_p80_r01	LLU_A__GACTACACATTGTGCA	GACTACACATTGTGCA	LLU_A	tumor	0.8	1
LLU_p80_r01	LLU_A__AGGCCGTTCGGTGTTA	AGGCCGTTCGGTGTTA	LLU_A	tumor	0.8	1
LLU_p80_r01	LLU_A__AGCATACAGACTACAA	AGCATACAGACTACAA	LLU_A	tumor	0.8	1
LLU_p80_r01	LLU_A__TTGACTTCACTCTGTC	TTGACTTCACTCTGTC	LLU_A	tumor	0.8	1
LLU_p80_r01	LLU_A__CCTAGCTAGCAAATCA	CCTAGCTAGCAAATCA	LLU_A	tumor	0.8	1
LLU_p80_r01	LLU_A__GTGCAGCCAAGAAAGG	GTGCAGCCAAGAAAGG	LLU_A	tumor	0.8	1
LLU_p80_r01	LLU_A__TAGCCGGTCAACACAC	TAGCCGGTCAACACAC	LLU_A	tumor	0.8	1
LLU_p80_r01	LLU_A__GCGCAACCATCCGCGA	GCGCAACCATCCGCGA	LLU_A	tumor	0.8	1
LLU_p80_r01	LLU_A__ATAAGAGTCTGGCGAC	ATAAGAGTCTGGCGAC	LLU_A	tumor	0.8	1
LLU_p80_r01	LLU_A__CGGAGCTGTCACTGGC	CGGAGCTGTCACTGGC	LLU_A	tumor	0.8	1
LLU_p80_r01	LLU_A__CGCTATCTCAACTCTT	CGCTATCTCAACTCTT	LLU_A	tumor	0.8	1
LLU_p80_r01	LLU_A__CACACTCGTTCCCTTG	CACACTCGTTCCCTTG	LLU_A	tumor	0.8	1
LLU_p80_r01	LLU_A__TGCGTGGAGGCGTACA	TGCGTGGAGGCGTACA	LLU_A	tumor	0.8	1
LLU_p80_r01	LLU_A__AGGGTGACACCCATTC	AGGGTGACACCCATTC	LLU_A	tumor	0.8	1
LLU_p80_r01	LLU_A__ATCGAGTGTTCGCTAA	ATCGAGTGTTCGCTAA	LLU_A	tumor	0.8	1
LLU_p80_r01	LLU_A__TAGCCGGTCCGAGCCA	TAGCCGGTCCGAGCCA	LLU_A	tumor	0.8	1
LLU_p80_r01	LLU_A__TACAGTGTCGTAGGAG	TACAGTGTCGTAGGAG	LLU_A	tumor	0.8	1
LLU_p80_r01	LLU_A__CAGCTAACAATTGCTG	CAGCTAACAATTGCTG	LLU_A	tumor	0.8	1
LLU_p80_r01	LLU_A__GGAATAACATCGGTTA	GGAATAACATCGGTTA	LLU_A	tumor	0.8	1
LLU_p80_r01	LLU_A__GGCTGGTTCTTCGGTC	GGCTGGTTCTTCGGTC	LLU_A	tumor	0.8	1
LLU_p80_r01	LLU_A__GGCTGGTCAAGCTGTT	GGCTGGTCAAGCTGTT	LLU_A	tumor	0.8	1
LLU_p80_r01	LLU_A__AACTTTCTCTGACCTC	AACTTTCTCTGACCTC	LLU_A	tumor	0.8	1
LLU_p80_r01	LLU_A__GAGCAGAAGCTCCTTC	GAGCAGAAGCTCCTTC	LLU_A	tumor	0.8	1
LLU_p80_r01	LLU_A__CTCACACGTTCGGCAC	CTCACACGTTCGGCAC	LLU_A	tumor	0.8	1
LLU_p80_r01	LLU_A__AACCATGAGTGTCCCG	AACCATGAGTGTCCCG	LLU_A	tumor	0.8	1
LLU_p80_r01	LLU_A__GTAGGCCAGAGTTGGC	GTAGGCCAGAGTTGGC	LLU_A	tumor	0.8	1
LLU_p80_r01	LLU_A__GTGCTTCGTCAATACC	GTGCTTCGTCAATACC	LLU_A	tumor	0.8	1
LLU_p80_r01	LLU_A__CTGAAACAGAATGTTG	CTGAAACAGAATGTTG	LLU_A	tumor	0.8	1
LLU_p80_r01	LLU_A__TTAGGCAAGCCAGAAC	TTAGGCAAGCCAGAAC	LLU_A	tumor	0.8	1
LLU_p80_r01	LLU_A__TGACTTTTCCACGACG	TGACTTTTCCACGACG	LLU_A	tumor	0.8	1
LLU_p80_r01	LLU_A__ATGTGTGCAGATCCAT	ATGTGTGCAGATCCAT	LLU_A	tumor	0.8	1
LLU_p80_r01	LLU_A__TCGTAGAAGCCAGAAC	TCGTAGAAGCCAGAAC	LLU_A	tumor	0.8	1
LLU_p80_r01	LLU_A__GTACGTATCCATGAGT	GTACGTATCCATGAGT	LLU_A	tumor	0.8	1
LLU_p80_r01	LLU_A__ACCAGTAAGTTCGATC	ACCAGTAAGTTCGATC	LLU_A	tumor	0.8	1
LLU_p80_r01	LLU_A__AGTGTCAGTACTCAAC	AGTGTCAGTACTCAAC	LLU_A	tumor	0.8	1
LLU_p80_r01	LLU_A__ACCGTAATCAGAGGTG	ACCGTAATCAGAGGTG	LLU_A	tumor	0.8	1
LLU_p80_r01	LLU_A__GTGTGCGCAGTACACT	GTGTGCGCAGTACACT	LLU_A	tumor	0.8	1
LLU_p80_r01	LLU_A__AACTTTCAGCTAGTTC	AACTTTCAGCTAGTTC	LLU_A	tumor	0.8	1
LLU_p80_r01	LLU_A__CTACATTTCACCCGAG	CTACATTTCACCCGAG	LLU_A	tumor	0.8	1
LLU_p80_r01	LLU_A__CATCGAAGTAAGAGGA	CATCGAAGTAAGAGGA	LLU_A	tumor	0.8	1
LLU_p80_r01	LLU_A__GTGCTTCAGAATGTTG	GTGCTTCAGAATGTTG	LLU_A	tumor	0.8	1
LLU_p80_r01	LLU_A__AGAGCTTAGCAATCTC	AGAGCTTAGCAATCTC	LLU_A	tumor	0.8	1
LLU_p80_r01	LLU_A__CCTTACGTCATTGCCC	CCTTACGTCATTGCCC	LLU_A	tumor	0.8	1
LLU_p80_r01	LLU_A__CGATGTATCGCCCTTA	CGATGTATCGCCCTTA	LLU_A	tumor	0.8	1
LLU_p80_r01	LLU_A__CGAATGTAGTACGCCC	CGAATGTAGTACGCCC	LLU_A	tumor	0.8	1
LLU_p80_r01	LLU_A__GCAGCCAAGAGGTTAT	GCAGCCAAGAGGTTAT	LLU_A	tumor	0.8	1
LLU_p80_r01	LLU_A__CGCTATCAGCAGACTG	CGCTATCAGCAGACTG	LLU_A	tumor	0.8	1
LLU_p80_r01	LLU_A__TACACGACAGTATCTG	TACACGACAGTATCTG	LLU_A	tumor	0.8	1
LLU_p80_r01	LLU_A__CTCACACGTTATGTGC	CTCACACGTTATGTGC	LLU_A	tumor	0.8	1
LLU_p80_r01	LLU_A__CCTTCCCGTGCCTGGT	CCTTCCCGTGCCTGGT	LLU_A	tumor	0.8	1
LLU_p80_r01	LLU_A__CAGCATACAGGTGGAT	CAGCATACAGGTGGAT	LLU_A	tumor	0.8	1
LLU_p80_r01	LLU_A__CGGCTAGGTTCAGGCC	CGGCTAGGTTCAGGCC	LLU_A	tumor	0.8	1
LLU_p80_r01	LLU_A__TTCCCAGAGCGATTCT	TTCCCAGAGCGATTCT	LLU_A	tumor	0.8	1
LLU_p80_r01	LLU_A__CATTATCTCACCATAG	CATTATCTCACCATAG	LLU_A	tumor	0.8	1
LLU_p80_r01	LLU_A__TTCCCAGCAATGTTGC	TTCCCAGCAATGTTGC	LLU_A	tumor	0.8	1
LLU_p80_r01	LLU_A__TTAGGACCACAACGTT	TTAGGACCACAACGTT	LLU_A	tumor	0.8	1
LLU_p80_r01	LLU_A__GATGAGGCATCACAAC	GATGAGGCATCACAAC	LLU_A	tumor	0.8	1
LLU_p80_r01	LLU_A__AAAGTAGTCTAGCACA	AAAGTAGTCTAGCACA	LLU_A	tumor	0.8	1
LLU_p80_r01	LLU_A__ATTGGTGGTTAAGGGC	ATTGGTGGTTAAGGGC	LLU_A	tumor	0.8	1
LLU_p80_r01	LLU_A__GTACGTATCTGGTGTA	GTACGTATCTGGTGTA	LLU_A	tumor	0.8	1
LLU_p80_r01	LLU_A__CCACTACTCTGTCCGT	CCACTACTCTGTCCGT	LLU_A	tumor	0.8	1
LLU_p80_r01	LLU_A__GCAAACTTCTAAGCCA	GCAAACTTCTAAGCCA	LLU_A	tumor	0.8	1
LLU_p80_r01	LLU_A__AAAGTAGAGACCCACC	AAAGTAGAGACCCACC	LLU_A	tumor	0.8	1
LLU_p80_r01	LLU_A__ATCATCTCAAGCGATG	ATCATCTCAAGCGATG	LLU_A	tumor	0.8	1
LLU_p80_r01	LLU_A__GCGAGAATCTTTAGTC	GCGAGAATCTTTAGTC	LLU_A	tumor	0.8	1
LLU_p80_r01	LLU_A__AATCCAGTCGTGGACC	AATCCAGTCGTGGACC	LLU_A	tumor	0.8	1
LLU_p80_r01	LLU_A__GGAATAAAGCATCATC	GGAATAAAGCATCATC	LLU_A	tumor	0.8	1
LLU_p80_r01	LLU_A__GTGCGGTTCGGTGTCG	GTGCGGTTCGGTGTCG	LLU_A	tumor	0.8	1
LLU_p80_r01	LLU_A__GGCAATTTCACCACCT	GGCAATTTCACCACCT	LLU_A	tumor	0.8	1
LLU_p80_r01	LLU_A__TCAGGTAGTAGAGGAA	TCAGGTAGTAGAGGAA	LLU_A	tumor	0.8	1
LLU_p80_r01	LLU_A__ACGCCAGTCACCCGAG	ACGCCAGTCACCCGAG	LLU_A	tumor	0.8	1
LLU_p80_r01	LLU_A__AACGTTGAGTCTCAAC	AACGTTGAGTCTCAAC	LLU_A	tumor	0.8	1
LLU_p80_r01	LLU_A__CCTACACAGCTAGTGG	CCTACACAGCTAGTGG	LLU_A	tumor	0.8	1
LLU_p80_r01	LLU_A__AGTGAGGGTTCCCGAG	AGTGAGGGTTCCCGAG	LLU_A	tumor	0.8	1
LLU_p80_r01	LLU_A__CACACTCAGAATAGGG	CACACTCAGAATAGGG	LLU_A	tumor	0.8	1
LLU_p80_r01	LLU_A__CTCGGAGGTGCCTTGG	CTCGGAGGTGCCTTGG	LLU_A	tumor	0.8	1
LLU_p80_r01	LLU_A__GTGAAGGAGCTGCGAA	GTGAAGGAGCTGCGAA	LLU_A	tumor	0.8	1
LLU_p80_r01	LLU_A__AAGGTTCTCGCTTAGA	AAGGTTCTCGCTTAGA	LLU_A	tumor	0.8	1
LLU_p80_r01	LLU_A__CTCGGAGAGCCCAGCT	CTCGGAGAGCCCAGCT	LLU_A	tumor	0.8	1
LLU_p80_r01	LLU_A__ATCCACCGTACATCCA	ATCCACCGTACATCCA	LLU_A	tumor	0.8	1
LLU_p80_r01	LLU_A__ACAGCTAAGACCTTTG	ACAGCTAAGACCTTTG	LLU_A	tumor	0.8	1
LLU_p80_r01	LLU_A__CATCCACAGCAGCGTA	CATCCACAGCAGCGTA	LLU_A	tumor	0.8	1
LLU_p80_r01	LLU_A__CCACTACTCTCTGAGA	CCACTACTCTCTGAGA	LLU_A	tumor	0.8	1
LLU_p80_r01	LLU_A__TACTTGTCACCCTATC	TACTTGTCACCCTATC	LLU_A	tumor	0.8	1
LLU_p80_r01	LLU_A__TCGCGTTAGAGCAATT	TCGCGTTAGAGCAATT	LLU_A	tumor	0.8	1
LLU_p80_r01	LLU_A__CGTCTACGTCCGTTAA	CGTCTACGTCCGTTAA	LLU_A	tumor	0.8	1
LLU_p80_r01	LLU_A__GGATGTTAGAGGTACC	GGATGTTAGAGGTACC	LLU_A	tumor	0.8	1
LLU_p80_r01	LLU_A__GCATGTAGTTCGGGCT	GCATGTAGTTCGGGCT	LLU_A	tumor	0.8	1
LLU_p80_r01	LLU_A__TGAAAGAGTAGCGCTC	TGAAAGAGTAGCGCTC	LLU_A	tumor	0.8	1
LLU_p80_r01	LLU_A__AACTCTTAGCGACGTA	AACTCTTAGCGACGTA	LLU_A	tumor	0.8	1
LLU_p80_r01	LLU_A__TCTTCGGAGCGGATCA	TCTTCGGAGCGGATCA	LLU_A	tumor	0.8	1
LLU_p80_r01	LLU_A__ACGGCCACAGGGAGAG	ACGGCCACAGGGAGAG	LLU_A	tumor	0.8	1
LLU_p80_r01	LLU_A__GATGAAAGTAAATGTG	GATGAAAGTAAATGTG	LLU_A	tumor	0.8	1
LLU_p80_r01	LLU_A__TTAGGCAGTCTTTCAT	TTAGGCAGTCTTTCAT	LLU_A	tumor	0.8	1
LLU_p80_r01	LLU_A__GCGCCAAAGATCACGG	GCGCCAAAGATCACGG	LLU_A	tumor	0.8	1
LLU_p80_r01	LLU_A__CCGGTAGCAGTGACAG	CCGGTAGCAGTGACAG	LLU_A	tumor	0.8	1
LLU_p80_r01	LLU_A__AAATGCCCAAGTTGTC	AAATGCCCAAGTTGTC	LLU_A	tumor	0.8	1
LLU_p80_r01	LLU_A__GCATGATGTACGCACC	GCATGATGTACGCACC	LLU_A	tumor	0.8	1
LLU_p80_r01	LLU_A__GTCTTCGGTACCGAGA	GTCTTCGGTACCGAGA	LLU_A	tumor	0.8	1
LLU_p80_r01	LLU_A__TATCAGGTCCGTTGCT	TATCAGGTCCGTTGCT	LLU_A	tumor	0.8	1
LLU_p80_r01	LLU_A__CACAGGCAGAACTCGG	CACAGGCAGAACTCGG	LLU_A	tumor	0.8	1
LLU_p80_r01	LLU_A__GGCGTGTGTGACGGTA	GGCGTGTGTGACGGTA	LLU_A	tumor	0.8	1
LLU_p80_r01	LLU_A__ACGTCAATCGTTACAG	ACGTCAATCGTTACAG	LLU_A	tumor	0.8	1
LLU_p80_r01	LLU_A__ACCCACTAGTGGGCTA	ACCCACTAGTGGGCTA	LLU_A	tumor	0.8	1
LLU_p80_r01	LLU_A__CTTAACTGTCAACTGT	CTTAACTGTCAACTGT	LLU_A	tumor	0.8	1
LLU_p80_r01	LLU_A__GCTGCAGCAGATGGGT	GCTGCAGCAGATGGGT	LLU_A	tumor	0.8	1
LLU_p80_r01	LLU_A__CGTCAGGGTAACGACG	CGTCAGGGTAACGACG	LLU_A	tumor	0.8	1
LLU_p80_r01	LLU_A__GAAACTCGTCTCTTAT	GAAACTCGTCTCTTAT	LLU_A	tumor	0.8	1
LLU_p80_r01	LLU_A__TGGGAAGTCATCGGAT	TGGGAAGTCATCGGAT	LLU_A	tumor	0.8	1
LLU_p80_r01	LLU_A__GGGAATGCACTTCGAA	GGGAATGCACTTCGAA	LLU_A	tumor	0.8	1
LLU_p80_r01	LLU_A__AGTGAGGCAGTCACTA	AGTGAGGCAGTCACTA	LLU_A	tumor	0.8	1
LLU_p80_r01	LLU_A__ACTGCTCGTTCGCGAC	ACTGCTCGTTCGCGAC	LLU_A	tumor	0.8	1
LLU_p80_r01	LLU_A__AGAGCGAGTCTAACGT	AGAGCGAGTCTAACGT	LLU_A	tumor	0.8	1
LLU_p80_r01	LLU_A__GTCTTCGAGTTGAGAT	GTCTTCGAGTTGAGAT	LLU_A	tumor	0.8	1
LLU_p80_r01	LLU_A__ACATCAGTCACCCGAG	ACATCAGTCACCCGAG	LLU_A	tumor	0.8	1
LLU_p80_r01	LLU_A__CCTTCCCTCGTCCAGG	CCTTCCCTCGTCCAGG	LLU_A	tumor	0.8	1
LLU_p80_r01	LLU_A__TACGGTACACGAAACG	TACGGTACACGAAACG	LLU_A	tumor	0.8	1
LLU_p80_r01	LLU_A__GTGCTTCAGATGTGGC	GTGCTTCAGATGTGGC	LLU_A	tumor	0.8	1
LLU_p80_r01	LLU_A__AGCTTGAGTTGGAGGT	AGCTTGAGTTGGAGGT	LLU_A	tumor	0.8	1
LLU_p80_r01	LLU_A__CAGAGAGCATGGTAGG	CAGAGAGCATGGTAGG	LLU_A	tumor	0.8	1
LLU_p80_r01	LLU_A__CTAATGGTCCGTCAAA	CTAATGGTCCGTCAAA	LLU_A	tumor	0.8	1
LLU_p80_r01	LLU_A__TCAGGTAGTCCGAACC	TCAGGTAGTCCGAACC	LLU_A	tumor	0.8	1
LLU_p80_r01	LLU_A__GCTGGGTAGCGATATA	GCTGGGTAGCGATATA	LLU_A	tumor	0.8	1
LLU_p80_r01	LLU_A__AACACGTAGAACAACT	AACACGTAGAACAACT	LLU_A	tumor	0.8	1
LLU_p80_r01	LLU_A__GTATCTTAGAACTGTA	GTATCTTAGAACTGTA	LLU_A	tumor	0.8	1
LLU_p80_r01	LLU_A__TGCGTGGAGGATTCGG	TGCGTGGAGGATTCGG	LLU_A	tumor	0.8	1
LLU_p80_r01	LLU_A__CACACAACAGATGGGT	CACACAACAGATGGGT	LLU_A	tumor	0.8	1
LLU_p80_r01	LLU_A__TGTGTTTTCTTGCCGT	TGTGTTTTCTTGCCGT	LLU_A	tumor	0.8	1
LLU_p80_r01	LLU_A__CACAGTACAATGTAAG	CACAGTACAATGTAAG	LLU_A	tumor	0.8	1
LLU_p80_r01	LLU_A__CACAGGCCATCACAAC	CACAGGCCATCACAAC	LLU_A	tumor	0.8	1
LLU_p80_r01	LLU_A__TTAGGCATCACAGGCC	TTAGGCATCACAGGCC	LLU_A	tumor	0.8	1
LLU_p80_r01	LLU_A__GGTGCGTAGGAGTCTG	GGTGCGTAGGAGTCTG	LLU_A	tumor	0.8	1
LLU_p80_r01	LLU_A__GCATGCGGTGTGCCTG	GCATGCGGTGTGCCTG	LLU_A	tumor	0.8	1
LLU_p80_r01	LLU_A__AACCATGCAAGCTGGA	AACCATGCAAGCTGGA	LLU_A	tumor	0.8	1
LLU_p80_r01	LLU_A__GCTGCAGCAAGAAAGG	GCTGCAGCAAGAAAGG	LLU_A	tumor	0.8	1
LLU_p80_r01	LLU_A__TCATTACCATCCCATC	TCATTACCATCCCATC	LLU_A	tumor	0.8	1
LLU_p80_r01	LLU_A__CTGAAGTGTGTAAGTA	CTGAAGTGTGTAAGTA	LLU_A	tumor	0.8	1
LLU_p80_r01	LLU_A__CACATAGCAGGATCGA	CACATAGCAGGATCGA	LLU_A	tumor	0.8	1
LLU_p80_r01	LLU_A__TGAGAGGTCCACGACG	TGAGAGGTCCACGACG	LLU_A	tumor	0.8	1
LLU_p80_r01	LLU_A__AGTTGGTAGATCACGG	AGTTGGTAGATCACGG	LLU_A	tumor	0.8	1
LLU_p80_r01	LLU_A__GGAACTTCAAATCCGT	GGAACTTCAAATCCGT	LLU_A	tumor	0.8	1
LLU_p80_r01	LLU_A__CGGACTGGTCCGAATT	CGGACTGGTCCGAATT	LLU_A	tumor	0.8	1
LLU_p80_r01	LLU_A__CGGACACAGTACCGGA	CGGACACAGTACCGGA	LLU_A	tumor	0.8	1
LLU_p80_r01	LLU_A__GCATACAAGAAGAAGC	GCATACAAGAAGAAGC	LLU_A	tumor	0.8	1
LLU_p80_r01	LLU_A__TTTATGCTCCTTCAAT	TTTATGCTCCTTCAAT	LLU_A	tumor	0.8	1
LLU_p80_r01	LLU_A__GGACAGAAGAATTCCC	GGACAGAAGAATTCCC	LLU_A	tumor	0.8	1
LLU_p80_r01	LLU_A__TAGCCGGGTGTCAATC	TAGCCGGGTGTCAATC	LLU_A	tumor	0.8	1
LLU_p80_r01	LLU_A__CATCAGATCAGGCGAA	CATCAGATCAGGCGAA	LLU_A	tumor	0.8	1
LLU_p80_r01	LLU_A__GCTGCTTCACATTTCT	GCTGCTTCACATTTCT	LLU_A	tumor	0.8	1
LLU_p80_r01	LLU_A__GCGCAGTCATGTTGAC	GCGCAGTCATGTTGAC	LLU_A	tumor	0.8	1
LLU_p80_r01	LLU_A__TGACTAGGTGACGCCT	TGACTAGGTGACGCCT	LLU_A	tumor	0.8	1
LLU_p80_r01	LLU_A__GGATTACAGTCATGCT	GGATTACAGTCATGCT	LLU_A	tumor	0.8	1
LLU_p80_r01	LLU_A__GCGCAGTGTAATAGCA	GCGCAGTGTAATAGCA	LLU_A	tumor	0.8	1
LLU_p80_r01	LLU_A__CGCCAAGTCTTTAGTC	CGCCAAGTCTTTAGTC	LLU_A	tumor	0.8	1
LLU_p80_r01	LLU_A__CTGCGGATCATGTCCC	CTGCGGATCATGTCCC	LLU_A	tumor	0.8	1
LLU_p80_r01	LLU_A__GGCGACTAGCTAGCCC	GGCGACTAGCTAGCCC	LLU_A	tumor	0.8	1
LLU_p80_r01	LLU_A__AGGGTGAAGTCAATAG	AGGGTGAAGTCAATAG	LLU_A	tumor	0.8	1
LLU_p80_r01	LLU_A__AAGCCGCGTCCATGAT	AAGCCGCGTCCATGAT	LLU_A	tumor	0.8	1
LLU_p80_r01	LLU_A__CCTCAGTCAAAGTGCG	CCTCAGTCAAAGTGCG	LLU_A	tumor	0.8	1
LLU_p80_r01	LLU_A__TTTATGCCAGAAGCAC	TTTATGCCAGAAGCAC	LLU_A	tumor	0.8	1
LLU_p80_r01	LLU_A__GCAGTTAAGCTAACTC	GCAGTTAAGCTAACTC	LLU_A	tumor	0.8	1
LLU_p80_r01	LLU_A__ACGATACAGAAGAAGC	ACGATACAGAAGAAGC	LLU_A	tumor	0.8	1
LLU_p80_r01	LLU_A__CATTCGCCAACGATCT	CATTCGCCAACGATCT	LLU_A	tumor	0.8	1
LLU_p80_r01	LLU_A__TAGACCAAGAGGACGG	TAGACCAAGAGGACGG	LLU_A	tumor	0.8	1
LLU_p80_r01	LLU_A__TCCCGATTCAGCAACT	TCCCGATTCAGCAACT	LLU_A	tumor	0.8	1
LLU_p80_r01	LLU_A__TGAGGGATCATGTGGT	TGAGGGATCATGTGGT	LLU_A	tumor	0.8	1
LLU_p80_r01	LLU_A__CGTGAGCGTGCACTTA	CGTGAGCGTGCACTTA	LLU_A	tumor	0.8	1
LLU_p80_r01	LLU_A__AAGGCAGAGATACACA	AAGGCAGAGATACACA	LLU_A	tumor	0.8	1
LLU_p80_r01	LLU_A__GGTGAAGGTCGACTGC	GGTGAAGGTCGACTGC	LLU_A	tumor	0.8	1
LLU_p80_r01	LLU_A__CGCTGGAAGCTAGTTC	CGCTGGAAGCTAGTTC	LLU_A	tumor	0.8	1
LLU_p80_r01	LLU_A__GTATTCTCAAGTAATG	GTATTCTCAAGTAATG	LLU_A	tumor	0.8	1
LLU_p80_r01	LLU_A__GCCTCTACAGCCACCA	GCCTCTACAGCCACCA	LLU_A	tumor	0.8	1
LLU_p80_r01	LLU_A__TAGTGGTAGGGAACGG	TAGTGGTAGGGAACGG	LLU_A	tumor	0.8	1
LLU_p80_r01	LLU_A__CGGCTAGAGAATCTCC	CGGCTAGAGAATCTCC	LLU_A	tumor	0.8	1
LLU_p80_r01	LLU_A__ACGAGGAAGCCACTAT	ACGAGGAAGCCACTAT	LLU_A	tumor	0.8	1
LLU_p80_r01	LLU_A__CATGCCTAGCCAACAG	CATGCCTAGCCAACAG	LLU_A	tumor	0.8	1
LLU_p80_r01	LLU_A__TCTGGAATCGCATGGC	TCTGGAATCGCATGGC	LLU_A	tumor	0.8	1
LLU_p80_r01	LLU_A__GGCGACTAGCCAGAAC	GGCGACTAGCCAGAAC	LLU_A	tumor	0.8	1
LLU_p80_r01	LLU_A__GACCTGGAGCAGGTCA	GACCTGGAGCAGGTCA	LLU_A	tumor	0.8	1
LLU_p80_r01	LLU_A__GGTGAAGCAAACGTGG	GGTGAAGCAAACGTGG	LLU_A	tumor	0.8	1
LLU_p80_r01	LLU_A__CTAACTTCATTCCTCG	CTAACTTCATTCCTCG	LLU_A	tumor	0.8	1
LLU_p80_r01	LLU_A__TTGCCGTTCTACTTAC	TTGCCGTTCTACTTAC	LLU_A	tumor	0.8	1
LLU_p80_r01	LLU_A__GTCACAAGTATTCGTG	GTCACAAGTATTCGTG	LLU_A	tumor	0.8	1
LLU_p80_r01	LLU_A__GCGACCACAACTGCGC	GCGACCACAACTGCGC	LLU_A	tumor	0.8	1
LLU_p80_r01	LLU_A__TCTGGAAGTCGCCATG	TCTGGAAGTCGCCATG	LLU_A	tumor	0.8	1
LLU_p80_r01	LLU_A__GCTGCTTTCTCTGAGA	GCTGCTTTCTCTGAGA	LLU_A	tumor	0.8	1
LLU_p80_r01	LLU_A__CAGATCATCATGGTCA	CAGATCATCATGGTCA	LLU_A	tumor	0.8	1
LLU_p80_r01	LLU_A__CTACATTAGACAGACC	CTACATTAGACAGACC	LLU_A	tumor	0.8	1
LLU_p80_r01	LLU_A__AACACGTCAGTACACT	AACACGTCAGTACACT	LLU_A	tumor	0.8	1
LLU_p80_r01	LLU_A__TTCTTAGTCAAGAAGT	TTCTTAGTCAAGAAGT	LLU_A	tumor	0.8	1
LLU_p80_r01	LLU_A__GGGTTGCTCTGGTGTA	GGGTTGCTCTGGTGTA	LLU_A	tumor	0.8	1
LLU_p80_r01	LLU_A__CTGGTCTGTGCCTGTG	CTGGTCTGTGCCTGTG	LLU_A	tumor	0.8	1
LLU_p80_r01	LLU_A__TCCCGATAGATATGGT	TCCCGATAGATATGGT	LLU_A	tumor	0.8	1
LLU_p80_r01	LLU_A__GCAATCACAAGTACCT	GCAATCACAAGTACCT	LLU_A	tumor	0.8	1
LLU_p80_r01	LLU_A__GCTTCCATCTAACCGA	GCTTCCATCTAACCGA	LLU_A	tumor	0.8	1
LLU_p80_r01	LLU_A__TGTATTCTCATCACCC	TGTATTCTCATCACCC	LLU_A	tumor	0.8	1
LLU_p80_r01	LLU_A__AAATGCCTCAGAGACG	AAATGCCTCAGAGACG	LLU_A	tumor	0.8	1
LLU_p80_r01	LLU_A__GGCCGATCAGATCCAT	GGCCGATCAGATCCAT	LLU_A	tumor	0.8	1
LLU_p80_r01	LLU_A__CTCTGGTGTCATGCCG	CTCTGGTGTCATGCCG	LLU_A	tumor	0.8	1
LLU_p80_r01	LLU_A__TAGTTGGGTTTCCACC	TAGTTGGGTTTCCACC	LLU_A	tumor	0.8	1
LLU_p80_r01	LLU_A__AGGTCATCAATAGCAA	AGGTCATCAATAGCAA	LLU_A	tumor	0.8	1
LLU_p80_r01	LLU_A__CCAGCGAAGCTTATCG	CCAGCGAAGCTTATCG	LLU_A	tumor	0.8	1
LLU_p80_r01	LLU_A__CGATTGAAGAGAACAG	CGATTGAAGAGAACAG	LLU_A	tumor	0.8	1
LLU_p80_r01	LLU_A__GGACAAGGTGATGCCC	GGACAAGGTGATGCCC	LLU_A	tumor	0.8	1
LLU_p80_r01	LLU_A__ACTGATGGTCTTTCAT	ACTGATGGTCTTTCAT	LLU_A	tumor	0.8	1
LLU_p80_r01	LLU_A__GCGCGATTCCAGAAGG	GCGCGATTCCAGAAGG	LLU_A	tumor	0.8	1
LLU_p80_r01	LLU_A__CAACCTCGTTCTCATT	CAACCTCGTTCTCATT	LLU_A	tumor	0.8	1
LLU_p80_r01	LLU_A__ATTATCCCATTGGTAC	ATTATCCCATTGGTAC	LLU_A	tumor	0.8	1
LLU_p80_r01	LLU_A__TCTTTCCGTTTCGCTC	TCTTTCCGTTTCGCTC	LLU_A	tumor	0.8	1
LLU_p80_r01	LLU_A__GACGTGCAGTCCATAC	GACGTGCAGTCCATAC	LLU_A	tumor	0.8	1
LLU_p80_r01	LLU_A__GACCTGGTCTAACTCT	GACCTGGTCTAACTCT	LLU_A	tumor	0.8	1
LLU_p80_r01	LLU_A__AAACCTGGTAGAAAGG	AAACCTGGTAGAAAGG	LLU_A	tumor	0.8	1
LLU_p80_r01	LLU_A__CGGACGTCATTAACCG	CGGACGTCATTAACCG	LLU_A	tumor	0.8	1
LLU_p80_r01	LLU_A__GACACGCAGTGTTAGA	GACACGCAGTGTTAGA	LLU_A	tumor	0.8	1
LLU_p80_r01	LLU_A__CAGCTAACACCAACCG	CAGCTAACACCAACCG	LLU_A	tumor	0.8	1
LLU_p80_r01	LLU_A__CGTAGCGAGGGTTCCC	CGTAGCGAGGGTTCCC	LLU_A	tumor	0.8	1
LLU_p80_r01	LLU_A__ACACCGGAGGCATGTG	ACACCGGAGGCATGTG	LLU_A	tumor	0.8	1
LLU_p80_r01	LLU_A__GCGCGATGTGCAGGTA	GCGCGATGTGCAGGTA	LLU_A	tumor	0.8	1
LLU_p80_r01	LLU_A__CTGATAGCATAACCTG	CTGATAGCATAACCTG	LLU_A	tumor	0.8	1
LLU_p80_r01	LLU_A__TGAAAGAAGGAGCGAG	TGAAAGAAGGAGCGAG	LLU_A	tumor	0.8	1
LLU_p80_r01	LLU_A__TCGGTAATCGCGCCAA	TCGGTAATCGCGCCAA	LLU_A	tumor	0.8	1
LLU_p80_r01	LLU_A__AAGTCTGTCAGAGCTT	AAGTCTGTCAGAGCTT	LLU_A	tumor	0.8	1
LLU_p80_r01	LLU_A__CATGCCTCAATGAATG	CATGCCTCAATGAATG	LLU_A	tumor	0.8	1
LLU_p80_r01	LLU_A__AACTTTCCATACTACG	AACTTTCCATACTACG	LLU_A	tumor	0.8	1
LLU_p80_r01	LLU_A__CGTGTCTTCTAAGCCA	CGTGTCTTCTAAGCCA	LLU_A	tumor	0.8	1
LLU_p80_r01	LLU_A__GACGCGTAGATCTGAA	GACGCGTAGATCTGAA	LLU_A	tumor	0.8	1
LLU_p80_r01	LLU_A__CGATCGGTCTGCTGCT	CGATCGGTCTGCTGCT	LLU_A	tumor	0.8	1
LLU_p80_r01	LLU_A__CGATCGGAGCCCAATT	CGATCGGAGCCCAATT	LLU_A	tumor	0.8	1
LLU_p80_r01	LLU_A__GACTACATCAACGGCC	GACTACATCAACGGCC	LLU_A	tumor	0.8	1
LLU_p80_r01	LLU_A__TTCGAAGGTATTCGTG	TTCGAAGGTATTCGTG	LLU_A	tumor	0.8	1
LLU_p80_r01	LLU_A__AAACGGGGTGCTTCTC	AAACGGGGTGCTTCTC	LLU_A	tumor	0.8	1
LLU_p80_r01	LLU_A__AAGACCTTCCAATGGT	AAGACCTTCCAATGGT	LLU_A	tumor	0.8	1
LLU_p80_r01	LLU_A__CTTAACTGTTTGGCGC	CTTAACTGTTTGGCGC	LLU_A	tumor	0.8	1
LLU_p80_r01	LLU_A__TGAGAGGAGTATCTCG	TGAGAGGAGTATCTCG	LLU_A	tumor	0.8	1
LLU_p80_r01	LLU_A__TGGCTGGTCTAGCACA	TGGCTGGTCTAGCACA	LLU_A	tumor	0.8	1
LLU_p80_r01	LLU_A__CACAGTAGTCTCATCC	CACAGTAGTCTCATCC	LLU_A	tumor	0.8	1
LLU_p80_r01	LLU_A__CAGCCGACATGGTAGG	CAGCCGACATGGTAGG	LLU_A	tumor	0.8	1
LLU_p80_r01	LLU_A__GGGATGAAGTTGTAGA	GGGATGAAGTTGTAGA	LLU_A	tumor	0.8	1
LLU_p80_r01	LLU_A__ACTTTCATCGGATGGA	ACTTTCATCGGATGGA	LLU_A	tumor	0.8	1
LLU_p80_r01	LLU_A__GCTCTGTCACATAACC	GCTCTGTCACATAACC	LLU_A	tumor	0.8	1
LLU_p80_r01	LLU_A__AAGGAGCCATCACGTA	AAGGAGCCATCACGTA	LLU_A	tumor	0.8	1
LLU_p80_r01	LLU_A__ATGCGATGTTACGGAG	ATGCGATGTTACGGAG	LLU_A	tumor	0.8	1
LLU_p80_r01	LLU_A__ACTTACTCAGAGTGTG	ACTTACTCAGAGTGTG	LLU_A	tumor	0.8	1
LLU_p80_r01	LLU_A__GGCCGATAGTACGTAA	GGCCGATAGTACGTAA	LLU_A	tumor	0.8	1
LLU_p80_r01	LLU_A__AAACCTGAGCTCCCAG	AAACCTGAGCTCCCAG	LLU_A	tumor	0.8	1
LLU_p80_r01	LLU_A__CAAGTTGAGGGTGTTG	CAAGTTGAGGGTGTTG	LLU_A	tumor	0.8	1
LLU_p80_r01	LLU_A__TGTGGTACACTTAACG	TGTGGTACACTTAACG	LLU_A	tumor	0.8	1
LLU_p80_r01	LLU_A__GTATCTTAGGGAAACA	GTATCTTAGGGAAACA	LLU_A	tumor	0.8	1
LLU_p80_r01	LLU_A__ACGTCAAAGACCTTTG	ACGTCAAAGACCTTTG	LLU_A	tumor	0.8	1
LLU_p80_r01	LLU_A__ATAAGAGCACCACCAG	ATAAGAGCACCACCAG	LLU_A	tumor	0.8	1
LLU_p80_r01	LLU_A__GCCTCTACAGTATAAG	GCCTCTACAGTATAAG	LLU_A	tumor	0.8	1
LLU_p80_r01	LLU_A__ATTTCTGCAAACAACA	ATTTCTGCAAACAACA	LLU_A	tumor	0.8	1
LLU_p80_r01	LLU_A__GATCTAGGTGTCAATC	GATCTAGGTGTCAATC	LLU_A	tumor	0.8	1
LLU_p80_r01	LLU_A__ATTTCTGTCTTAACCT	ATTTCTGTCTTAACCT	LLU_A	tumor	0.8	1
LLU_p80_r01	LLU_A__TCACGAACACTGTCGG	TCACGAACACTGTCGG	LLU_A	tumor	0.8	1
LLU_p80_r01	LLU_A__TTAGTTCCAAACTGCT	TTAGTTCCAAACTGCT	LLU_A	tumor	0.8	1
LLU_p80_r01	LLU_A__GCAGTTATCAGGCGAA	GCAGTTATCAGGCGAA	LLU_A	tumor	0.8	1
LLU_p80_r01	LLU_A__CCATGTCCAGCTGTGC	CCATGTCCAGCTGTGC	LLU_A	tumor	0.8	1
LLU_p80_r01	LLU_A__GACGTGCCACGAGAGT	GACGTGCCACGAGAGT	LLU_A	tumor	0.8	1
LLU_p80_r01	LLU_A__GTTCATTTCTGATACG	GTTCATTTCTGATACG	LLU_A	tumor	0.8	1
LLU_p80_r01	LLU_A__CAGCCGAAGGATCGCA	CAGCCGAAGGATCGCA	LLU_A	tumor	0.8	1
LLU_p80_r01	LLU_A__AACCGCGTCGCCAAAT	AACCGCGTCGCCAAAT	LLU_A	tumor	0.8	1
LLU_p80_r01	LLU_A__TTCGAAGGTATCAGTC	TTCGAAGGTATCAGTC	LLU_A	tumor	0.8	1
LLU_p80_r01	LLU_A__TACACGAAGAGCTATA	TACACGAAGAGCTATA	LLU_A	tumor	0.8	1
LLU_p80_r01	LLU_A__GAGCAGAGTTGAGTTC	GAGCAGAGTTGAGTTC	LLU_A	tumor	0.8	1
LLU_p80_r01	LLU_A__TGTGGTAGTTGGTAAA	TGTGGTAGTTGGTAAA	LLU_A	tumor	0.8	1
LLU_p80_r01	LLU_A__GTAACTGCATGGGACA	GTAACTGCATGGGACA	LLU_A	tumor	0.8	1
LLU_p80_r01	LLU_A__GCTTCCACACAAGACG	GCTTCCACACAAGACG	LLU_A	tumor	0.8	1
LLU_p80_r01	LLU_A__GAAATGAGTACTTCTT	GAAATGAGTACTTCTT	LLU_A	tumor	0.8	1
LLU_p80_r01	LLU_A__CCTTCCCAGAGTAAGG	CCTTCCCAGAGTAAGG	LLU_A	tumor	0.8	1
LLU_p80_r01	LLU_A__CAGCTAACAAAGAATC	CAGCTAACAAAGAATC	LLU_A	tumor	0.8	1
LLU_p80_r01	LLU_A__ATCATGGGTAGCTGCC	ATCATGGGTAGCTGCC	LLU_A	tumor	0.8	1
LLU_p80_r01	LLU_A__CCCATACGTTCAACCA	CCCATACGTTCAACCA	LLU_A	tumor	0.8	1
LLU_p80_r01	LLU_A__ACTGCTCTCTCAACTT	ACTGCTCTCTCAACTT	LLU_A	tumor	0.8	1
LLU_p80_r01	LLU_A__TGTGGTAGTTCCACAA	TGTGGTAGTTCCACAA	LLU_A	tumor	0.8	1
LLU_p80_r01	LLU_A__AGGGTGACATGGGAAC	AGGGTGACATGGGAAC	LLU_A	tumor	0.8	1
LLU_p80_r01	LLU_A__TCGGGACGTATGAAAC	TCGGGACGTATGAAAC	LLU_A	tumor	0.8	1
LLU_p80_r01	LLU_A__ACCGTAATCCTATTCA	ACCGTAATCCTATTCA	LLU_A	tumor	0.8	1
LLU_p80_r01	LLU_A__GGATGTTTCCTTAATC	GGATGTTTCCTTAATC	LLU_A	tumor	0.8	1
LLU_p80_r01	LLU_A__TTCGGTCGTTGCCTCT	TTCGGTCGTTGCCTCT	LLU_A	tumor	0.8	1
LLU_p80_r01	LLU_A__ACGCAGCAGATAGGAG	ACGCAGCAGATAGGAG	LLU_A	tumor	0.8	1
LLU_p80_r01	LLU_A__TAGGCATGTAGCTCCG	TAGGCATGTAGCTCCG	LLU_A	tumor	0.8	1
LLU_p80_r01	LLU_A__ACGCAGCCATTGCGGC	ACGCAGCCATTGCGGC	LLU_A	tumor	0.8	1
LLU_p80_r01	LLU_A__TGACTTTAGCGTAATA	TGACTTTAGCGTAATA	LLU_A	tumor	0.8	1
LLU_p80_r01	LLU_A__AAAGCAAGTCTACCTC	AAAGCAAGTCTACCTC	LLU_A	tumor	0.8	1
LLU_p80_r01	LLU_A__TTGAACGGTCTAACGT	TTGAACGGTCTAACGT	LLU_A	tumor	0.8	1
LLU_p80_r01	LLU_A__TACCTATTCTTGACGA	TACCTATTCTTGACGA	LLU_A	tumor	0.8	1
LLU_p80_r01	LLU_A__GCTGCAGTCGATCCCT	GCTGCAGTCGATCCCT	LLU_A	tumor	0.8	1
LLU_p80_r01	LLU_A__GTCTCGTGTCCTCCAT	GTCTCGTGTCCTCCAT	LLU_A	tumor	0.8	1
LLU_p80_r01	LLU_A__CAGTCCTAGTACATGA	CAGTCCTAGTACATGA	LLU_A	tumor	0.8	1
LLU_p80_r01	LLU_A__GCTCCTATCTGTCTAT	GCTCCTATCTGTCTAT	LLU_A	tumor	0.8	1
LLU_p80_r01	LLU_A__GTGTGCGAGTACGCGA	GTGTGCGAGTACGCGA	LLU_A	tumor	0.8	1
LLU_p80_r01	LLU_A__CGTCTACTCATGCATG	CGTCTACTCATGCATG	LLU_A	tumor	0.8	1
LLU_p80_r01	LLU_A__TCAGCAACAACGATCT	TCAGCAACAACGATCT	LLU_A	tumor	0.8	1
LLU_p80_r01	LLU_A__TTGCGTCTCAAGCCTA	TTGCGTCTCAAGCCTA	LLU_A	tumor	0.8	1
LLU_p80_r01	LLU_A__GTGTTAGGTCTCCCTA	GTGTTAGGTCTCCCTA	LLU_A	tumor	0.8	1
LLU_p80_r01	LLU_A__CGAGCCACATCGTCGG	CGAGCCACATCGTCGG	LLU_A	tumor	0.8	1
LLU_p80_r01	LLU_A__GCGACCACATTCTCAT	GCGACCACATTCTCAT	LLU_A	tumor	0.8	1
LLU_p80_r01	LLU_A__TACACGAAGTCACGCC	TACACGAAGTCACGCC	LLU_A	tumor	0.8	1
LLU_p80_r01	LLU_A__ACAGCTAAGTAATCCC	ACAGCTAAGTAATCCC	LLU_A	tumor	0.8	1
LLU_p80_r01	LLU_A__CTCGTCAGTGGCTCCA	CTCGTCAGTGGCTCCA	LLU_A	tumor	0.8	1
LLU_p80_r01	LLU_A__AAAGCAAAGTTCCACA	AAAGCAAAGTTCCACA	LLU_A	tumor	0.8	1
LLU_p80_r01	LLU_A__TTAACTCCATTACCTT	TTAACTCCATTACCTT	LLU_A	tumor	0.8	1
LLU_p80_r01	LLU_A__TGACGGCGTTGTGGAG	TGACGGCGTTGTGGAG	LLU_A	tumor	0.8	1
LLU_p80_r01	LLU_A__CCGGGATTCCTCCTAG	CCGGGATTCCTCCTAG	LLU_A	tumor	0.8	1
LLU_p80_r01	LLU_A__GTGTTAGTCAGATAAG	GTGTTAGTCAGATAAG	LLU_A	tumor	0.8	1
LLU_p80_r01	LLU_A__CGATGTAGTATTCGTG	CGATGTAGTATTCGTG	LLU_A	tumor	0.8	1
LLU_p80_r01	LLU_A__TCGCGAGGTTGTGGAG	TCGCGAGGTTGTGGAG	LLU_A	tumor	0.8	1
LLU_p80_r01	LLU_A__GTTTCTACATGTAAGA	GTTTCTACATGTAAGA	LLU_A	tumor	0.8	1
LLU_p80_r01	LLU_A__AGGTCCGAGTACACCT	AGGTCCGAGTACACCT	LLU_A	tumor	0.8	1
LLU_p80_r01	LLU_A__AGGCCGTTCGCGTAGC	AGGCCGTTCGCGTAGC	LLU_A	tumor	0.8	1
LLU_p80_r01	LLU_A__GACGCGTTCCGTCAAA	GACGCGTTCCGTCAAA	LLU_A	tumor	0.8	1
LLU_p80_r01	LLU_A__AGCATACGTCACCCAG	AGCATACGTCACCCAG	LLU_A	tumor	0.8	1
LLU_p80_r01	LLU_A__AGGGTGAGTCTAGGTT	AGGGTGAGTCTAGGTT	LLU_A	tumor	0.8	1
LLU_p80_r01	LLU_A__TGGCGCACACGGACAA	TGGCGCACACGGACAA	LLU_A	tumor	0.8	1
LLU_p80_r01	LLU_A__ACTGTCCAGCTGGAAC	ACTGTCCAGCTGGAAC	LLU_A	tumor	0.8	1
LLU_p80_r01	LLU_A__CCTTCCCTCGCCCTTA	CCTTCCCTCGCCCTTA	LLU_A	tumor	0.8	1
LLU_p80_r01	LLU_A__CGTCACTCATACTCTT	CGTCACTCATACTCTT	LLU_A	tumor	0.8	1
LLU_p80_r01	LLU_A__CTCATTAGTCGCTTTC	CTCATTAGTCGCTTTC	LLU_A	tumor	0.8	1
LLU_p80_r01	LLU_A__TATCTCAAGGATGGTC	TATCTCAAGGATGGTC	LLU_A	tumor	0.8	1
LLU_p80_r01	LLU_A__GCAATCAGTCAAGCGA	GCAATCAGTCAAGCGA	LLU_A	tumor	0.8	1
LLU_p80_r01	LLU_A__CGTTAGATCCGATATG	CGTTAGATCCGATATG	LLU_A	tumor	0.8	1
LLU_p80_r01	LLU_A__CGTCTACAGATGCCTT	CGTCTACAGATGCCTT	LLU_A	tumor	0.8	1
LLU_p80_r01	LLU_A__CAAGTTGTCCTCATTA	CAAGTTGTCCTCATTA	LLU_A	tumor	0.8	1
LLU_p80_r01	LLU_A__TGGCTGGCAGCCAATT	TGGCTGGCAGCCAATT	LLU_A	tumor	0.8	1
LLU_p80_r01	LLU_A__GACGTGCCACGGTGTC	GACGTGCCACGGTGTC	LLU_A	tumor	0.8	1
LLU_p80_r01	LLU_A__AAGCCGCAGTGTCTCA	AAGCCGCAGTGTCTCA	LLU_A	tumor	0.8	1
LLU_p80_r01	LLU_A__GCTCCTAAGGGTTCCC	GCTCCTAAGGGTTCCC	LLU_A	tumor	0.8	1
LLU_p80_r01	LLU_A__GCAGCCAAGCCAGTTT	GCAGCCAAGCCAGTTT	LLU_A	tumor	0.8	1
LLU_p80_r01	LLU_A__CCAATCCCACTTCGAA	CCAATCCCACTTCGAA	LLU_A	tumor	0.8	1
LLU_p80_r01	LLU_A__ATTTCTGAGCGATCCC	ATTTCTGAGCGATCCC	LLU_A	tumor	0.8	1
LLU_p80_r01	LLU_A__ACTGAGTCAGCTTCGG	ACTGAGTCAGCTTCGG	LLU_A	tumor	0.8	1
LLU_p80_r01	LLU_A__AGCGTATGTATCACCA	AGCGTATGTATCACCA	LLU_A	tumor	0.8	1
LLU_p80_r01	LLU_A__CGTCAGGCATCTATGG	CGTCAGGCATCTATGG	LLU_A	tumor	0.8	1
LLU_p80_r01	LLU_A__CTCACACCACGAAAGC	CTCACACCACGAAAGC	LLU_A	tumor	0.8	1
LLU_p80_r01	LLU_A__CGCTATCTCTCTAGGA	CGCTATCTCTCTAGGA	LLU_A	tumor	0.8	1
LLU_p80_r01	LLU_A__GAGTCCGGTATATGGA	GAGTCCGGTATATGGA	LLU_A	tumor	0.8	1
LLU_p80_r01	LLU_A__ATAACGCCATACTCTT	ATAACGCCATACTCTT	LLU_A	tumor	0.8	1
LLU_p80_r01	LLU_A__CTAGAGTAGCGTAGTG	CTAGAGTAGCGTAGTG	LLU_A	tumor	0.8	1
LLU_p80_r01	LLU_A__TACTTGTAGGGTTTCT	TACTTGTAGGGTTTCT	LLU_A	tumor	0.8	1
LLU_p80_r01	LLU_A__CTTAACTTCTCATTCA	CTTAACTTCTCATTCA	LLU_A	tumor	0.8	1
LLU_p80_r01	LLU_A__CAAGGCCGTGCTCTTC	CAAGGCCGTGCTCTTC	LLU_A	tumor	0.8	1
LLU_p80_r01	LLU_A__GGCTCGATCTTACCTA	GGCTCGATCTTACCTA	LLU_A	tumor	0.8	1
LLU_p80_r01	LLU_A__AGGGAGTGTCCGCTGA	AGGGAGTGTCCGCTGA	LLU_A	tumor	0.8	1
LLU_p80_r01	LLU_A__AGTAGTCGTAGCGCAA	AGTAGTCGTAGCGCAA	LLU_A	tumor	0.8	1
LLU_p80_r01	LLU_A__TATCAGGGTATAGGTA	TATCAGGGTATAGGTA	LLU_A	tumor	0.8	1
LLU_p80_r01	LLU_A__GGCCGATCACCTCGTT	GGCCGATCACCTCGTT	LLU_A	tumor	0.8	1
LLU_p80_r01	LLU_A__TAGTGGTTCATTGCCC	TAGTGGTTCATTGCCC	LLU_A	tumor	0.8	1
LLU_p80_r01	LLU_A__TACTCGCTCCTTTCTC	TACTCGCTCCTTTCTC	LLU_A	tumor	0.8	1
LLU_p80_r01	LLU_A__TTCTCCTAGGGATGGG	TTCTCCTAGGGATGGG	LLU_A	tumor	0.8	1
LLU_p80_r01	LLU_A__GGCCGATTCGCCGTGA	GGCCGATTCGCCGTGA	LLU_A	tumor	0.8	1
LLU_p80_r01	LLU_A__ACTTGTTAGTCTCGGC	ACTTGTTAGTCTCGGC	LLU_A	tumor	0.8	1
LLU_p80_r01	LLU_A__CATGCCTCACCTCGTT	CATGCCTCACCTCGTT	LLU_A	tumor	0.8	1
LLU_p80_r01	LLU_A__GCTCCTATCCTAGTGA	GCTCCTATCCTAGTGA	LLU_A	tumor	0.8	1
LLU_p80_r01	LLU_A__CACATTTCAAGGTTCT	CACATTTCAAGGTTCT	LLU_A	tumor	0.8	1
LLU_p80_r01	LLU_A__TCGCGTTTCAAGGCTT	TCGCGTTTCAAGGCTT	LLU_A	tumor	0.8	1
LLU_p80_r01	LLU_A__AGAGCGAAGACAGGCT	AGAGCGAAGACAGGCT	LLU_A	tumor	0.8	1
LLU_p80_r01	LLU_A__GTAACTGGTTCAGTAC	GTAACTGGTTCAGTAC	LLU_A	tumor	0.8	1
LLU_p80_r01	LLU_A__CTGATAGAGCGTGAGT	CTGATAGAGCGTGAGT	LLU_A	tumor	0.8	1
LLU_p80_r01	LLU_A__CCAATCCGTCAGCTAT	CCAATCCGTCAGCTAT	LLU_A	tumor	0.8	1
LLU_p80_r01	LLU_A__GCATGTAAGCACAGGT	GCATGTAAGCACAGGT	LLU_A	tumor	0.8	1
LLU_p80_r01	LLU_A__ACCTTTAGTGTCAATC	ACCTTTAGTGTCAATC	LLU_A	tumor	0.8	1
LLU_p80_r01	LLU_A__CACAGTAAGGCGCTCT	CACAGTAAGGCGCTCT	LLU_A	tumor	0.8	1
LLU_p80_r01	LLU_A__CATCGAAGTCCGAAGA	CATCGAAGTCCGAAGA	LLU_A	tumor	0.8	1
LLU_p80_r01	LLU_A__GGGACCTTCAGAGCTT	GGGACCTTCAGAGCTT	LLU_A	tumor	0.8	1
LLU_p80_r01	LLU_A__TCGCGAGGTAGCTAAA	TCGCGAGGTAGCTAAA	LLU_A	tumor	0.8	1
LLU_p80_r01	LLU_A__AGATCTGAGTACGTAA	AGATCTGAGTACGTAA	LLU_A	tumor	0.8	1
LLU_p80_r01	LLU_A__TTAGTTCTCGTGGACC	TTAGTTCTCGTGGACC	LLU_A	tumor	0.8	1
LLU_p80_r01	LLU_A__AGGGAGTGTCTAGAGG	AGGGAGTGTCTAGAGG	LLU_A	tumor	0.8	1
LLU_p80_r01	LLU_A__GTACTTTGTCAACTGT	GTACTTTGTCAACTGT	LLU_A	tumor	0.8	1
LLU_p80_r01	LLU_A__CCTTACGAGCTTCGCG	CCTTACGAGCTTCGCG	LLU_A	tumor	0.8	1
LLU_p80_r01	LLU_A__CACCTTGCAACGATGG	CACCTTGCAACGATGG	LLU_A	tumor	0.8	1
LLU_p80_r01	LLU_A__CTAGTGAAGAGTAAGG	CTAGTGAAGAGTAAGG	LLU_A	tumor	0.8	1
LLU_p80_r01	LLU_A__TAGGCATTCAGAGACG	TAGGCATTCAGAGACG	LLU_A	tumor	0.8	1
LLU_p80_r01	LLU_A__GCGCAGTTCGCGGATC	GCGCAGTTCGCGGATC	LLU_A	tumor	0.8	1
LLU_p80_r01	LLU_A__CGTCACTGTGCGAAAC	CGTCACTGTGCGAAAC	LLU_A	tumor	0.8	1
LLU_p80_r01	LLU_A__TGACGGCCAGACTCGC	TGACGGCCAGACTCGC	LLU_A	tumor	0.8	1
LLU_p80_r01	LLU_A__CAGATCAGTTACGCGC	CAGATCAGTTACGCGC	LLU_A	tumor	0.8	1
LLU_p80_r01	LLU_A__TCAACGACATCCCATC	TCAACGACATCCCATC	LLU_A	tumor	0.8	1
LLU_p80_r01	LLU_A__AGCTTGATCGGTTAAC	AGCTTGATCGGTTAAC	LLU_A	tumor	0.8	1
LLU_p80_r01	LLU_A__CATTATCGTTCTCATT	CATTATCGTTCTCATT	LLU_A	tumor	0.8	1
LLU_p80_r01	LLU_A__AAGGCAGTCCAGAAGG	AAGGCAGTCCAGAAGG	LLU_A	tumor	0.8	1
LLU_p80_r01	LLU_A__TGACTTTTCGCTTGTC	TGACTTTTCGCTTGTC	LLU_A	tumor	0.8	1
LLU_p80_r01	LLU_A__CACAAACCACCGAATT	CACAAACCACCGAATT	LLU_A	tumor	0.8	1
LLU_p80_r01	LLU_A__AGGGAGTTCCACTGGG	AGGGAGTTCCACTGGG	LLU_A	tumor	0.8	1
LLU_p80_r01	LLU_A__CGGACGTCATGGGACA	CGGACGTCATGGGACA	LLU_A	tumor	0.8	1
LLU_p80_r01	LLU_A__CACCACTGTGCACGAA	CACCACTGTGCACGAA	LLU_A	tumor	0.8	1
LLU_p80_r01	LLU_A__AGCAGCCAGTGACTCT	AGCAGCCAGTGACTCT	LLU_A	tumor	0.8	1
LLU_p80_r01	LLU_A__TGAGCCGGTATAGGTA	TGAGCCGGTATAGGTA	LLU_A	tumor	0.8	1
LLU_p80_r01	LLU_A__CTCACACTCTAGCACA	CTCACACTCTAGCACA	LLU_A	tumor	0.8	1
LLU_p80_r01	LLU_A__CATATGGTCTAAGCCA	CATATGGTCTAAGCCA	LLU_A	tumor	0.8	1
LLU_p80_r01	LLU_A__AGAGTGGCATCCGCGA	AGAGTGGCATCCGCGA	LLU_A	tumor	0.8	1
LLU_p80_r01	LLU_A__AACTTTCTCGAACTGT	AACTTTCTCGAACTGT	LLU_A	tumor	0.8	1
LLU_p80_r01	LLU_A__ACGAGCCGTTGGTGGA	ACGAGCCGTTGGTGGA	LLU_A	tumor	0.8	1
LLU_p80_r01	LLU_A__ATCCACCCAGCTGCTG	ATCCACCCAGCTGCTG	LLU_A	tumor	0.8	1
LLU_p80_r01	LLU_A__ACGCCGATCAACGCTA	ACGCCGATCAACGCTA	LLU_A	tumor	0.8	1
LLU_p80_r01	LLU_A__TTCCCAGGTGTGCGTC	TTCCCAGGTGTGCGTC	LLU_A	tumor	0.8	1
LLU_p80_r01	LLU_A__AATCGGTAGACACTAA	AATCGGTAGACACTAA	LLU_A	tumor	0.8	1
LLU_p80_r01	LLU_A__ATGTGTGGTAGATTAG	ATGTGTGGTAGATTAG	LLU_A	tumor	0.8	1
LLU_p80_r01	LLU_A__CAGCTAAAGTGAACGC	CAGCTAAAGTGAACGC	LLU_A	tumor	0.8	1
LLU_p80_r01	LLU_A__GAAATGAGTTTGACAC	GAAATGAGTTTGACAC	LLU_A	tumor	0.8	1
LLU_p80_r01	LLU_A__GGGACCTAGCGTTTAC	GGGACCTAGCGTTTAC	LLU_A	tumor	0.8	1
LLU_p80_r01	LLU_A__TGGTTAGCAGCCAGAA	TGGTTAGCAGCCAGAA	LLU_A	tumor	0.8	1
LLU_p80_r01	LLU_A__TCTATTGTCGTTTGCC	TCTATTGTCGTTTGCC	LLU_A	tumor	0.8	1
LLU_p80_r01	LLU_A__GAGCAGATCCCTCAGT	GAGCAGATCCCTCAGT	LLU_A	tumor	0.8	1
LLU_p80_r01	LLU_A__AGCAGCCGTTGCGCAC	AGCAGCCGTTGCGCAC	LLU_A	tumor	0.8	1
LLU_p80_r01	LLU_A__TCGAGGCAGGGAAACA	TCGAGGCAGGGAAACA	LLU_A	tumor	0.8	1
LLU_p80_r01	LLU_A__GGAACTTTCAACCATG	GGAACTTTCAACCATG	LLU_A	tumor	0.8	1
LLU_p80_r01	LLU_A__ACTATCTCATTACGAC	ACTATCTCATTACGAC	LLU_A	tumor	0.8	1
LLU_p80_r01	LLU_A__GGTGCGTAGTACGATA	GGTGCGTAGTACGATA	LLU_A	tumor	0.8	1
LLU_p80_r01	LLU_A__AGAGCGACAGCCTGTG	AGAGCGACAGCCTGTG	LLU_A	tumor	0.8	1
LLU_p80_r01	LLU_A__AGAATAGTCGGTTAAC	AGAATAGTCGGTTAAC	LLU_A	tumor	0.8	1
LLU_p80_r01	LLU_A__GGTGTTACAAAGCAAT	GGTGTTACAAAGCAAT	LLU_A	tumor	0.8	1
LLU_p80_r01	LLU_A__GCAAACTAGACAGGCT	GCAAACTAGACAGGCT	LLU_A	tumor	0.8	1
LLU_p80_r01	LLU_A__TGGTTAGGTAAGCACG	TGGTTAGGTAAGCACG	LLU_A	tumor	0.8	1
LLU_p80_r01	LLU_A__AGAATAGCATAACCTG	AGAATAGCATAACCTG	LLU_A	tumor	0.8	1
LLU_p80_r01	LLU_A__GTACGTACATCAGTAC	GTACGTACATCAGTAC	LLU_A	tumor	0.8	1
LLU_p80_r01	LLU_A__ACGCAGCCATGGGACA	ACGCAGCCATGGGACA	LLU_A	tumor	0.8	1
LLU_p80_r01	LLU_A__GTAACGTGTTACGGAG	GTAACGTGTTACGGAG	LLU_A	tumor	0.8	1
LLU_p80_r01	LLU_A__CTAATGGCATGAGCGA	CTAATGGCATGAGCGA	LLU_A	tumor	0.8	1
LLU_p80_r01	LLU_A__CACACTCCATGCCTTC	CACACTCCATGCCTTC	LLU_A	tumor	0.8	1
LLU_p80_r01	LLU_A__GACAGAGGTCGGATCC	GACAGAGGTCGGATCC	LLU_A	tumor	0.8	1
LLU_p80_r01	LLU_A__AAAGCAACAAGCCATT	AAAGCAACAAGCCATT	LLU_A	tumor	0.8	1
LLU_p80_r01	LLU_A__GATTCAGCAATAACGA	GATTCAGCAATAACGA	LLU_A	tumor	0.8	1
LLU_p80_r01	LLU_A__ATGCGATGTGAACCTT	ATGCGATGTGAACCTT	LLU_A	tumor	0.8	1
LLU_p80_r01	LLU_A__GAGGTGACAATGGACG	GAGGTGACAATGGACG	LLU_A	tumor	0.8	1
LLU_p80_r01	LLU_A__ATGAGGGTCAGCTCGG	ATGAGGGTCAGCTCGG	LLU_A	tumor	0.8	1
LLU_p80_r01	LLU_A__TGCGTGGGTCGCATAT	TGCGTGGGTCGCATAT	LLU_A	tumor	0.8	1
LLU_p80_r01	LLU_A__TGAGAGGTCAAACGGG	TGAGAGGTCAAACGGG	LLU_A	tumor	0.8	1
LLU_p80_r01	LLU_A__TTATGCTAGAGTACAT	TTATGCTAGAGTACAT	LLU_A	tumor	0.8	1
LLU_p80_r01	LLU_A__ACTTACTTCGAGAGCA	ACTTACTTCGAGAGCA	LLU_A	tumor	0.8	1
LLU_p80_r01	LLU_A__AACTGGTAGCGTGAAC	AACTGGTAGCGTGAAC	LLU_A	tumor	0.8	1
LLU_p80_r01	LLU_A__CGTTGGGAGGGTGTGT	CGTTGGGAGGGTGTGT	LLU_A	tumor	0.8	1
LLU_p80_r01	LLU_A__ATCCGAATCCCTTGTG	ATCCGAATCCCTTGTG	LLU_A	tumor	0.8	1
LLU_p80_r01	LLU_A__CGATTGACACATTAGC	CGATTGACACATTAGC	LLU_A	tumor	0.8	1
LLU_p80_r01	LLU_A__TGCGGGTTCCTCCTAG	TGCGGGTTCCTCCTAG	LLU_A	tumor	0.8	1
LLU_p80_r01	LLU_A__CGAACATTCCTGCCAT	CGAACATTCCTGCCAT	LLU_A	tumor	0.8	1
LLU_p80_r01	LLU_A__TGAGGGACATTCTTAC	TGAGGGACATTCTTAC	LLU_A	tumor	0.8	1
LLU_p80_r01	LLU_A__GTCTTCGCAACTTGAC	GTCTTCGCAACTTGAC	LLU_A	tumor	0.8	1
LLU_p80_r01	LLU_A__ACTGTCCTCACCGGGT	ACTGTCCTCACCGGGT	LLU_A	tumor	0.8	1
LLU_p80_r01	LLU_A__CGCGTTTCACACGCTG	CGCGTTTCACACGCTG	LLU_A	tumor	0.8	1
LLU_p80_r01	LLU_A__GAAACTCGTGGGTCAA	GAAACTCGTGGGTCAA	LLU_A	tumor	0.8	1
LLU_p80_r01	LLU_A__CCTCAGTGTGGCTCCA	CCTCAGTGTGGCTCCA	LLU_A	tumor	0.8	1
LLU_p80_r01	LLU_A__GTCGGGTTCGTCGTTC	GTCGGGTTCGTCGTTC	LLU_A	tumor	0.8	1
LLU_p80_r01	LLU_A__CACCACTCAATCTACG	CACCACTCAATCTACG	LLU_A	tumor	0.8	1
LLU_p80_r01	LLU_A__TGGTTCCGTAATTGGA	TGGTTCCGTAATTGGA	LLU_A	tumor	0.8	1
LLU_p80_r01	LLU_A__GTTTCTATCCTAAGTG	GTTTCTATCCTAAGTG	LLU_A	tumor	0.8	1
LLU_p80_r01	LLU_A__GGAGCAACATGCAACT	GGAGCAACATGCAACT	LLU_A	tumor	0.8	1
LLU_p80_r01	LLU_A__CTGAAGTCAAAGAATC	CTGAAGTCAAAGAATC	LLU_A	tumor	0.8	1
LLU_p80_r01	LLU_A__ATCTGCCTCTAACCGA	ATCTGCCTCTAACCGA	LLU_A	tumor	0.8	1
LLU_p80_r01	LLU_A__ACTGTCCCACCAGGCT	ACTGTCCCACCAGGCT	LLU_A	tumor	0.8	1
LLU_p80_r01	LLU_A__GACGGCTGTTGTTTGG	GACGGCTGTTGTTTGG	LLU_A	tumor	0.8	1
LLU_p80_r01	LLU_A__GCCAAATAGCTTTGGT	GCCAAATAGCTTTGGT	LLU_A	tumor	0.8	1
LLU_p80_r01	LLU_A__TTTGGTTGTATGGTTC	TTTGGTTGTATGGTTC	LLU_A	tumor	0.8	1
LLU_p80_r01	LLU_A__AGTCTTTAGGTAAACT	AGTCTTTAGGTAAACT	LLU_A	tumor	0.8	1
LLU_p80_r01	LLU_A__ACCAGTACACTTAACG	ACCAGTACACTTAACG	LLU_A	tumor	0.8	1
LLU_p80_r01	LLU_A__AGCAGCCGTAGATTAG	AGCAGCCGTAGATTAG	LLU_A	tumor	0.8	1
LLU_p80_r01	LLU_A__CTTTGCGTCAGTTCGA	CTTTGCGTCAGTTCGA	LLU_A	tumor	0.8	1
LLU_p80_r01	LLU_A__GAGGTGATCAATCACG	GAGGTGATCAATCACG	LLU_A	tumor	0.8	1
LLU_p80_r01	LLU_A__GATTCAGAGACTAGGC	GATTCAGAGACTAGGC	LLU_A	tumor	0.8	1
LLU_p80_r01	LLU_A__GCGCCAAGTCTCCATC	GCGCCAAGTCTCCATC	LLU_A	tumor	0.8	1
LLU_p80_r01	LLU_A__GCGACCACAAGCTGGA	GCGACCACAAGCTGGA	LLU_A	tumor	0.8	1
LLU_p80_r01	LLU_A__AATCGGTTCAACACCA	AATCGGTTCAACACCA	LLU_A	tumor	0.8	1
LLU_p80_r01	LLU_A__CGTCCATTCAGGCAAG	CGTCCATTCAGGCAAG	LLU_A	tumor	0.8	1
LLU_p80_r01	LLU_A__GCGCGATCAAGCCCAC	GCGCGATCAAGCCCAC	LLU_A	tumor	0.8	1
LLU_p80_r01	LLU_A__ACTTACTCAACTGCGC	ACTTACTCAACTGCGC	LLU_A	tumor	0.8	1
LLU_p80_r01	LLU_A__GTACTCCGTATTCGTG	GTACTCCGTATTCGTG	LLU_A	tumor	0.8	1
LLU_p80_r01	LLU_A__CTAGCCTCACATAACC	CTAGCCTCACATAACC	LLU_A	tumor	0.8	1
LLU_p80_r01	LLU_A__AGATCTGTCCCATTTA	AGATCTGTCCCATTTA	LLU_A	tumor	0.8	1
LLU_p80_r01	LLU_A__GTACTCCTCACCATAG	GTACTCCTCACCATAG	LLU_A	tumor	0.8	1
LLU_p80_r01	LLU_A__GGATGTTTCTAACTTC	GGATGTTTCTAACTTC	LLU_A	tumor	0.8	1
LLU_p80_r01	LLU_A__AAGTCTGGTTATGTGC	AAGTCTGGTTATGTGC	LLU_A	tumor	0.8	1
LLU_p80_r01	LLU_A__TCGGGACCACCGAAAG	TCGGGACCACCGAAAG	LLU_A	tumor	0.8	1
LLU_p80_r01	LLU_A__GTACTTTCATGAGCGA	GTACTTTCATGAGCGA	LLU_A	tumor	0.8	1
LLU_p80_r01	LLU_A__TACACGACAGCTCGCA	TACACGACAGCTCGCA	LLU_A	tumor	0.8	1
LLU_p80_r01	LLU_A__ACTGCTCGTGCATCTA	ACTGCTCGTGCATCTA	LLU_A	tumor	0.8	1
LLU_p80_r01	LLU_A__CTTGGCTCACAGACTT	CTTGGCTCACAGACTT	LLU_A	tumor	0.8	1
LLU_p80_r01	LLU_A__TTGGAACGTCTCTCTG	TTGGAACGTCTCTCTG	LLU_A	tumor	0.8	1
LLU_p80_r01	LLU_A__TACAGTGTCTGAGGGA	TACAGTGTCTGAGGGA	LLU_A	tumor	0.8	1
LLU_p80_r01	LLU_A__GTGTTAGTCCAGATCA	GTGTTAGTCCAGATCA	LLU_A	tumor	0.8	1
LLU_p80_r01	LLU_A__CCGGTAGAGGCCCTTG	CCGGTAGAGGCCCTTG	LLU_A	tumor	0.8	1
LLU_p80_r01	LLU_A__GAGCAGATCAGCTCTC	GAGCAGATCAGCTCTC	LLU_A	tumor	0.8	1
LLU_p80_r01	LLU_A__GCTCTGTGTGGACGAT	GCTCTGTGTGGACGAT	LLU_A	tumor	0.8	1
LLU_p80_r01	LLU_A__GGAATAAAGCTGTCTA	GGAATAAAGCTGTCTA	LLU_A	tumor	0.8	1
LLU_p80_r01	LLU_A__TACGGGCAGTAGGCCA	TACGGGCAGTAGGCCA	LLU_A	tumor	0.8	1
LLU_p80_r01	LLU_A__ACGAGGATCTTGCATT	ACGAGGATCTTGCATT	LLU_A	tumor	0.8	1
LLU_p80_r01	LLU_A__CTACATTTCTACTATC	CTACATTTCTACTATC	LLU_A	tumor	0.8	1
LLU_p80_r01	LLU_A__AACCATGTCAACACCA	AACCATGTCAACACCA	LLU_A	tumor	0.8	1
LLU_p80_r01	LLU_A__CCTACACAGAGTACCG	CCTACACAGAGTACCG	LLU_A	tumor	0.8	1
LLU_p80_r01	LLU_A__AGAGTGGTCTTTAGTC	AGAGTGGTCTTTAGTC	LLU_A	tumor	0.8	1
LLU_p80_r01	LLU_A__ATCATCTGTTAAAGAC	ATCATCTGTTAAAGAC	LLU_A	tumor	0.8	1
LLU_p80_r01	LLU_A__AGCCTAATCATCATTC	AGCCTAATCATCATTC	LLU_A	tumor	0.8	1
LLU_p80_r01	LLU_A__TCAACGAAGCTGAACG	TCAACGAAGCTGAACG	LLU_A	tumor	0.8	1
LLU_p80_r01	LLU_A__CGGTTAACACGTCAGC	CGGTTAACACGTCAGC	LLU_A	tumor	0.8	1
LLU_p80_r01	LLU_A__TAGGCATCACGGTAGA	TAGGCATCACGGTAGA	LLU_A	tumor	0.8	1
LLU_p80_r01	LLU_A__CAAGATCAGATCCCGC	CAAGATCAGATCCCGC	LLU_A	tumor	0.8	1
LLU_p80_r01	LLU_A__TTATGCTCAGCTCGAC	TTATGCTCAGCTCGAC	LLU_A	tumor	0.8	1
LLU_p80_r01	LLU_A__CGGTTAATCTGCAAGT	CGGTTAATCTGCAAGT	LLU_A	tumor	0.8	1
LLU_p80_r01	LLU_A__TAAGAGATCAGCGATT	TAAGAGATCAGCGATT	LLU_A	tumor	0.8	1
LLU_p80_r01	LLU_A__TGCCCATGTAGCCTCG	TGCCCATGTAGCCTCG	LLU_A	tumor	0.8	1
LLU_p80_r01	LLU_A__TGCCCTATCCCAAGAT	TGCCCTATCCCAAGAT	LLU_A	tumor	0.8	1
LLU_p80_r01	LLU_A__TTTACTGAGCTGCCCA	TTTACTGAGCTGCCCA	LLU_A	tumor	0.8	1
LLU_p80_r01	LLU_A__AATCCAGGTTCTGGTA	AATCCAGGTTCTGGTA	LLU_A	tumor	0.8	1
LLU_p80_r01	LLU_A__CGGACACTCTACTATC	CGGACACTCTACTATC	LLU_A	tumor	0.8	1
LLU_p80_r01	LLU_A__ACGTCAAGTTAAGAAC	ACGTCAAGTTAAGAAC	LLU_A	tumor	0.8	1
LLU_p80_r01	LLU_A__TACTTGTGTCACCCAG	TACTTGTGTCACCCAG	LLU_A	tumor	0.8	1
LLU_p80_r01	LLU_A__CTACCCAAGCTACCGC	CTACCCAAGCTACCGC	LLU_A	tumor	0.8	1
LLU_p80_r01	LLU_A__TTGGCAAGTCGACTGC	TTGGCAAGTCGACTGC	LLU_A	tumor	0.8	1
LLU_p80_r01	LLU_A__CTAGAGTTCAGCCTAA	CTAGAGTTCAGCCTAA	LLU_A	tumor	0.8	1
LLU_p80_r01	LLU_A__AAAGTAGGTGTCAATC	AAAGTAGGTGTCAATC	LLU_A	tumor	0.8	1
LLU_p80_r01	LLU_A__TACGGATCATGTCTCC	TACGGATCATGTCTCC	LLU_A	tumor	0.8	1
LLU_p80_r01	LLU_A__GGAATAATCGGCATCG	GGAATAATCGGCATCG	LLU_A	tumor	0.8	1
LLU_p80_r01	LLU_A__GTAGTCATCCTAGGGC	GTAGTCATCCTAGGGC	LLU_A	tumor	0.8	1
LLU_p80_r01	LLU_A__ATTCTACAGCTGATAA	ATTCTACAGCTGATAA	LLU_A	tumor	0.8	1
LLU_p80_r01	LLU_A__CAGCTGGCACTTGGAT	CAGCTGGCACTTGGAT	LLU_A	tumor	0.8	1
LLU_p80_r01	LLU_A__GCGCGATAGGCATGTG	GCGCGATAGGCATGTG	LLU_A	tumor	0.8	1
LLU_p80_r01	LLU_A__AGAGCGAAGTCCATAC	AGAGCGAAGTCCATAC	LLU_A	tumor	0.8	1
LLU_p80_r01	LLU_A__GGCTCGAAGGTAGCTG	GGCTCGAAGGTAGCTG	LLU_A	tumor	0.8	1
LLU_p80_r01	LLU_A__CATCGGGTCATCTGCC	CATCGGGTCATCTGCC	LLU_A	tumor	0.8	1
LLU_p80_r01	LLU_A__CGCGTTTCAATTGCTG	CGCGTTTCAATTGCTG	LLU_A	tumor	0.8	1
LLU_p80_r01	LLU_A__TACTCATAGGCACATG	TACTCATAGGCACATG	LLU_A	tumor	0.8	1
LLU_p80_r01	LLU_A__GCGAGAATCGCTAGCG	GCGAGAATCGCTAGCG	LLU_A	tumor	0.8	1
LLU_p80_r01	LLU_A__GGAACTTGTCCATCCT	GGAACTTGTCCATCCT	LLU_A	tumor	0.8	1
LLU_p80_r01	LLU_A__ATCCACCAGACAATAC	ATCCACCAGACAATAC	LLU_A	tumor	0.8	1
LLU_p80_r01	LLU_A__CTCAGAATCAGCAACT	CTCAGAATCAGCAACT	LLU_A	tumor	0.8	1
LLU_p80_r01	LLU_A__ATGGGAGGTGGCAAAC	ATGGGAGGTGGCAAAC	LLU_A	tumor	0.8	1
LLU_p80_r01	LLU_A__AAGGTTCCATAAGACA	AAGGTTCCATAAGACA	LLU_A	tumor	0.8	1
LLU_p80_r01	LLU_A__TTTGGTTCAAAGGTGC	TTTGGTTCAAAGGTGC	LLU_A	tumor	0.8	1
LLU_p80_r01	LLU_A__TGGGCGTGTAGCACGA	TGGGCGTGTAGCACGA	LLU_A	tumor	0.8	1
LLU_p80_r01	LLU_A__AGTTGGTCAATAGCAA	AGTTGGTCAATAGCAA	LLU_A	tumor	0.8	1
LLU_p80_r01	LLU_A__ATGGGAGTCGGCGCAT	ATGGGAGTCGGCGCAT	LLU_A	tumor	0.8	1
LLU_p80_r01	LLU_A__TCAGCAATCTGCAAGT	TCAGCAATCTGCAAGT	LLU_A	tumor	0.8	1
LLU_p80_r01	LLU_A__CTGCGGACATCTCGCT	CTGCGGACATCTCGCT	LLU_A	tumor	0.8	1
LLU_p80_r01	LLU_A__AGCTCTCGTGAAGGCT	AGCTCTCGTGAAGGCT	LLU_A	tumor	0.8	1
LLU_p80_r01	LLU_A__GTGAAGGCAGATCCAT	GTGAAGGCAGATCCAT	LLU_A	tumor	0.8	1
LLU_p80_r01	LLU_A__CACCAGGAGCCAGTTT	CACCAGGAGCCAGTTT	LLU_A	tumor	0.8	1
LLU_p80_r01	LLU_A__CGGACGTGTCACAAGG	CGGACGTGTCACAAGG	LLU_A	tumor	0.8	1
LLU_p80_r01	LLU_A__TTTGTCACAATAGAGT	TTTGTCACAATAGAGT	LLU_A	tumor	0.8	1
LLU_p80_r01	LLU_A__GACCAATAGTGGTAAT	GACCAATAGTGGTAAT	LLU_A	tumor	0.8	1
LLU_p80_r01	LLU_A__ATCATCTCAATAAGCA	ATCATCTCAATAAGCA	LLU_A	tumor	0.8	1
LLU_p80_r01	LLU_A__GCTTGAAAGCGATGAC	GCTTGAAAGCGATGAC	LLU_A	tumor	0.8	1
LLU_p80_r01	LLU_A__TTGGAACGTGAGCGAT	TTGGAACGTGAGCGAT	LLU_A	tumor	0.8	1
LLU_p80_r01	LLU_A__CCCAGTTAGTCGATAA	CCCAGTTAGTCGATAA	LLU_A	tumor	0.8	1
LLU_p80_r01	LLU_A__GGGTCTGAGATGTTAG	GGGTCTGAGATGTTAG	LLU_A	tumor	0.8	1
LLU_p80_r01	LLU_A__GTTCATTAGATATGGT	GTTCATTAGATATGGT	LLU_A	tumor	0.8	1
LLU_p80_r01	LLU_A__CACACAAGTCTGATCA	CACACAAGTCTGATCA	LLU_A	tumor	0.8	1
LLU_p80_r01	LLU_A__TCGTACCTCTAACGGT	TCGTACCTCTAACGGT	LLU_A	tumor	0.8	1
LLU_p80_r01	LLU_A__GACGCGTTCAGTTAGC	GACGCGTTCAGTTAGC	LLU_A	tumor	0.8	1
LLU_p80_r01	LLU_A__GTCGGGTTCAAAGACA	GTCGGGTTCAAAGACA	LLU_A	tumor	0.8	1
LLU_p80_r01	LLU_A__TCAGGTAGTCAACATC	TCAGGTAGTCAACATC	LLU_A	tumor	0.8	1
LLU_p80_r01	LLU_A__AACTCAGGTTGAGGTG	AACTCAGGTTGAGGTG	LLU_A	tumor	0.8	1
LLU_p80_r01	LLU_A__GTCACGGTCATCTGTT	GTCACGGTCATCTGTT	LLU_A	tumor	0.8	1
LLU_p80_r01	LLU_A__TTCTACAAGGCTCATT	TTCTACAAGGCTCATT	LLU_A	tumor	0.8	1
LLU_p80_r01	LLU_A__CATGACACACCACGTG	CATGACACACCACGTG	LLU_A	tumor	0.8	1
LLU_p80_r01	LLU_A__GAATGAAAGGCAGGTT	GAATGAAAGGCAGGTT	LLU_A	tumor	0.8	1
LLU_p80_r01	LLU_A__TTATGCTCAGTGAGTG	TTATGCTCAGTGAGTG	LLU_A	tumor	0.8	1
LLU_p80_r01	LLU_A__CTAGTGACATGCGCAC	CTAGTGACATGCGCAC	LLU_A	tumor	0.8	1
LLU_p80_r01	LLU_A__AACTCAGGTTTCGCTC	AACTCAGGTTTCGCTC	LLU_A	tumor	0.8	1
LLU_p80_r01	LLU_A__TGTTCCGAGCAGACTG	TGTTCCGAGCAGACTG	LLU_A	tumor	0.8	1
LLU_p80_r01	LLU_A__TTATGCTGTTTGACTG	TTATGCTGTTTGACTG	LLU_A	tumor	0.8	1
LLU_p80_r01	LLU_A__GAAATGACAGCGTAAG	GAAATGACAGCGTAAG	LLU_A	tumor	0.8	1
LLU_p80_r01	LLU_A__GGACGTCTCGTTGACA	GGACGTCTCGTTGACA	LLU_A	tumor	0.8	1
LLU_p80_r01	LLU_A__GGACGTCTCGCCTGTT	GGACGTCTCGCCTGTT	LLU_A	tumor	0.8	1
LLU_p80_r01	LLU_A__TGTCCCAAGGCAATTA	TGTCCCAAGGCAATTA	LLU_A	tumor	0.8	1
LLU_p80_r01	LLU_A__CAACCTCTCTCGGACG	CAACCTCTCTCGGACG	LLU_A	tumor	0.8	1
LLU_p80_r01	LLU_A__TGCGCAGCATTTGCCC	TGCGCAGCATTTGCCC	LLU_A	tumor	0.8	1
LLU_p80_r01	LLU_A__GAACATCCAATAAGCA	GAACATCCAATAAGCA	LLU_A	tumor	0.8	1
LLU_p80_r01	LLU_A__TGGTTAGTCAGTTTGG	TGGTTAGTCAGTTTGG	LLU_A	tumor	0.8	1
LLU_p80_r01	LLU_A__GTCACAAAGGGCACTA	GTCACAAAGGGCACTA	LLU_A	tumor	0.8	1
LLU_p80_r01	LLU_A__CCGTTCATCTTCGAGA	CCGTTCATCTTCGAGA	LLU_A	tumor	0.8	1
LLU_p80_r01	LLU_A__TTCGGTCCATCAGTAC	TTCGGTCCATCAGTAC	LLU_A	tumor	0.8	1
LLU_p80_r01	LLU_A__TTGCCGTGTCGAGATG	TTGCCGTGTCGAGATG	LLU_A	tumor	0.8	1
LLU_p80_r01	LLU_A__ATCATCTCAGGCGATA	ATCATCTCAGGCGATA	LLU_A	tumor	0.8	1
LLU_p80_r01	LLU_A__GTCGGGTGTTGGACCC	GTCGGGTGTTGGACCC	LLU_A	tumor	0.8	1
LLU_p80_r01	LLU_A__AATCCAGCATCATCCC	AATCCAGCATCATCCC	LLU_A	tumor	0.8	1
LLU_p80_r01	LLU_A__CTAGAGTCAGGTGCCT	CTAGAGTCAGGTGCCT	LLU_A	tumor	0.8	1
LLU_p80_r01	LLU_A__GACAGAGTCAGTTTGG	GACAGAGTCAGTTTGG	LLU_A	tumor	0.8	1
LLU_p80_r01	LLU_A__TAAGTGCAGATGTCGG	TAAGTGCAGATGTCGG	LLU_A	tumor	0.8	1
LLU_p80_r01	LLU_A__CGAACATGTGAAGGCT	CGAACATGTGAAGGCT	LLU_A	tumor	0.8	1
LLU_p80_r01	LLU_A__GATCGCGAGAGTACAT	GATCGCGAGAGTACAT	LLU_A	tumor	0.8	1
LLU_p80_r01	LLU_A__TTTGTCATCACGAAGG	TTTGTCATCACGAAGG	LLU_A	tumor	0.8	1
LLU_p80_r01	LLU_A__CTAGAGTGTGGCGAAT	CTAGAGTGTGGCGAAT	LLU_A	tumor	0.8	1
LLU_p80_r01	LLU_A__AGGCCACTCTGGGCCA	AGGCCACTCTGGGCCA	LLU_A	tumor	0.8	1
LLU_p80_r01	LLU_A__CTCCTAGCAATAGCAA	CTCCTAGCAATAGCAA	LLU_A	tumor	0.8	1
LLU_p80_r01	LLU_A__ACTGCTCCAGCCACCA	ACTGCTCCAGCCACCA	LLU_A	tumor	0.8	1
LLU_p80_r01	LLU_A__CAGCCGAGTCAAACTC	CAGCCGAGTCAAACTC	LLU_A	tumor	0.8	1
LLU_p80_r01	LLU_A__CGCGTTTGTCCAACTA	CGCGTTTGTCCAACTA	LLU_A	tumor	0.8	1
LLU_p80_r01	LLU_A__GACGTTAGTTCTGTTT	GACGTTAGTTCTGTTT	LLU_A	tumor	0.8	1
LLU_p80_r01	LLU_A__GATGAAAAGAATGTTG	GATGAAAAGAATGTTG	LLU_A	tumor	0.8	1
LLU_p80_r01	LLU_A__ATAACGCGTCATCGGC	ATAACGCGTCATCGGC	LLU_A	tumor	0.8	1
LLU_p80_r01	LLU_A__AGCTTGATCTGCAAGT	AGCTTGATCTGCAAGT	LLU_A	tumor	0.8	1
LLU_p80_r01	LLU_A__AATCCAGGTCTAGTCA	AATCCAGGTCTAGTCA	LLU_A	tumor	0.8	1
LLU_p80_r01	LLU_A__CGACTTCTCCCTCAGT	CGACTTCTCCCTCAGT	LLU_A	tumor	0.8	1
LLU_p80_r01	LLU_A__TTAGGACCACTTAAGC	TTAGGACCACTTAAGC	LLU_A	tumor	0.8	1
LLU_p80_r01	LLU_A__GGGACCTAGACTTTCG	GGGACCTAGACTTTCG	LLU_A	tumor	0.8	1
LLU_p80_r01	LLU_A__GCACATATCCTTGACC	GCACATATCCTTGACC	LLU_A	tumor	0.8	1
LLU_p80_r01	LLU_A__GTCGTAATCACCCGAG	GTCGTAATCACCCGAG	LLU_A	tumor	0.8	1
LLU_p80_r01	LLU_A__TCAGATGTCTGTTTGT	TCAGATGTCTGTTTGT	LLU_A	tumor	0.8	1
LLU_p80_r01	LLU_A__AGTCTTTAGAACAACT	AGTCTTTAGAACAACT	LLU_A	tumor	0.8	1
LLU_p80_r01	LLU_A__CATATGGTCGGACAAG	CATATGGTCGGACAAG	LLU_A	tumor	0.8	1
LLU_p80_r01	LLU_A__CCTCAGTTCCTCATTA	CCTCAGTTCCTCATTA	LLU_A	tumor	0.8	1
LLU_p80_r01	LLU_A__CATCGAACACAGATTC	CATCGAACACAGATTC	LLU_A	tumor	0.8	1
LLU_p80_r01	LLU_A__TCGCGTTGTTGAGGTG	TCGCGTTGTTGAGGTG	LLU_A	tumor	0.8	1
LLU_p80_r01	LLU_A__CGGAGTCGTTTGGCGC	CGGAGTCGTTTGGCGC	LLU_A	tumor	0.8	1
LLU_p80_r01	LLU_A__GTACGTAGTAGTACCT	GTACGTAGTAGTACCT	LLU_A	tumor	0.8	1
LLU_p80_r01	LLU_A__GCATGTACATGGAATA	GCATGTACATGGAATA	LLU_A	tumor	0.8	1
LLU_p80_r01	LLU_A__GGATGTTGTCATGCAT	GGATGTTGTCATGCAT	LLU_A	tumor	0.8	1
LLU_p80_r01	LLU_A__GGGAATGAGCCAGTAG	GGGAATGAGCCAGTAG	LLU_A	tumor	0.8	1
LLU_p80_r01	LLU_A__ACCAGTAAGCTGCGAA	ACCAGTAAGCTGCGAA	LLU_A	tumor	0.8	1
LLU_p80_r01	LLU_A__GTATTCTCAGGACGTA	GTATTCTCAGGACGTA	LLU_A	tumor	0.8	1
LLU_p80_r01	LLU_A__AAAGCAAAGCTTTGGT	AAAGCAAAGCTTTGGT	LLU_A	tumor	0.8	1
LLU_p80_r01	LLU_A__GGGCATCCAGGACGTA	GGGCATCCAGGACGTA	LLU_A	tumor	0.8	1
LLU_p80_r01	LLU_A__CCACGGACACATGACT	CCACGGACACATGACT	LLU_A	tumor	0.8	1
LLU_p80_r01	LLU_A__GTACTCCTCTCCTATA	GTACTCCTCTCCTATA	LLU_A	tumor	0.8	1
LLU_p80_r01	LLU_A__CATTCGCTCTTAACCT	CATTCGCTCTTAACCT	LLU_A	tumor	0.8	1
LLU_p80_r01	LLU_A__CTAGTGAGTCGCGGTT	CTAGTGAGTCGCGGTT	LLU_A	tumor	0.8	1
LLU_p80_r01	LLU_A__AGTGTCAGTTGAGGTG	AGTGTCAGTTGAGGTG	LLU_A	tumor	0.8	1
LLU_p80_r01	LLU_A__CATATTCGTTAAAGAC	CATATTCGTTAAAGAC	LLU_A	tumor	0.8	1
LLU_p80_r01	LLU_A__CCACGGACAAGGACAC	CCACGGACAAGGACAC	LLU_A	tumor	0.8	1
LLU_p80_r01	LLU_A__GTGTTAGCATGCATGT	GTGTTAGCATGCATGT	LLU_A	tumor	0.8	1
LLU_p80_r01	LLU_A__AGATCTGTCACGATGT	AGATCTGTCACGATGT	LLU_A	tumor	0.8	1
LLU_p80_r01	LLU_A__CTAGTGAGTCTTGTCC	CTAGTGAGTCTTGTCC	LLU_A	tumor	0.8	1
LLU_p80_r01	LLU_A__GATGAAATCCCTAATT	GATGAAATCCCTAATT	LLU_A	tumor	0.8	1
LLU_p80_r01	LLU_A__TAAGAGAGTGCGATAG	TAAGAGAGTGCGATAG	LLU_A	tumor	0.8	1
LLU_p80_r01	LLU_A__TACTCATTCATATCGG	TACTCATTCATATCGG	LLU_A	tumor	0.8	1
LLU_p80_r01	LLU_A__ACGGGTCAGCGTCAAG	ACGGGTCAGCGTCAAG	LLU_A	tumor	0.8	1
LLU_p80_r01	LLU_A__ACACCGGTCGAACTGT	ACACCGGTCGAACTGT	LLU_A	tumor	0.8	1
LLU_p80_r01	LLU_A__TCAATCTGTCCTAGCG	TCAATCTGTCCTAGCG	LLU_A	tumor	0.8	1
LLU_p80_r01	LLU_A__GTACGTAGTGAGGGAG	GTACGTAGTGAGGGAG	LLU_A	tumor	0.8	1
LLU_p80_r01	LLU_A__CGATGTAGTAGCTTGT	CGATGTAGTAGCTTGT	LLU_A	tumor	0.8	1
LLU_p80_r01	LLU_A__CGACCTTGTGACGGTA	CGACCTTGTGACGGTA	LLU_A	tumor	0.8	1
LLU_p80_r01	LLU_A__ACATCAGCAAATCCGT	ACATCAGCAAATCCGT	LLU_A	tumor	0.8	1
LLU_p80_r01	LLU_A__GTAACTGTCTCCAACC	GTAACTGTCTCCAACC	LLU_A	tumor	0.8	1
LLU_p80_r01	LLU_A__TTGTAGGCAAGTCATC	TTGTAGGCAAGTCATC	LLU_A	tumor	0.8	1
LLU_p80_r01	LLU_A__CCTCTGAGTTGTGGAG	CCTCTGAGTTGTGGAG	LLU_A	tumor	0.8	1
LLU_p80_r01	LLU_A__CAGATCATCGGTTAAC	CAGATCATCGGTTAAC	LLU_A	tumor	0.8	1
LLU_p80_r01	LLU_A__ACACCGGTCTGTGCAA	ACACCGGTCTGTGCAA	LLU_A	tumor	0.8	1
LLU_p80_r01	LLU_A__TTTACTGAGGGCTTCC	TTTACTGAGGGCTTCC	LLU_A	tumor	0.8	1
LLU_p80_r01	LLU_A__TGCTACCAGTGTTGAA	TGCTACCAGTGTTGAA	LLU_A	tumor	0.8	1
LLU_p80_r01	LLU_A__GCATGATCAAGCCGCT	GCATGATCAAGCCGCT	LLU_A	tumor	0.8	1
LLU_p80_r01	LLU_A__CCACCTAGTCCTAGCG	CCACCTAGTCCTAGCG	LLU_A	tumor	0.8	1
LLU_p80_r01	LLU_A__CCTAAAGAGGTGTTAA	CCTAAAGAGGTGTTAA	LLU_A	tumor	0.8	1
LLU_p80_r01	LLU_A__CACAAACGTCACCTAA	CACAAACGTCACCTAA	LLU_A	tumor	0.8	1
LLU_p80_r01	LLU_A__TACTCATAGGCAATTA	TACTCATAGGCAATTA	LLU_A	tumor	0.8	1
LLU_p80_r01	LLU_A__CGCGGTAGTGTGGCTC	CGCGGTAGTGTGGCTC	LLU_A	tumor	0.8	1
LLU_p80_r01	LLU_A__GTTACAGCAGCCTTTC	GTTACAGCAGCCTTTC	LLU_A	tumor	0.8	1
LLU_p80_r01	LLU_A__GTAACGTCATTCACTT	GTAACGTCATTCACTT	LLU_A	tumor	0.8	1
LLU_p80_r01	LLU_A__ACGAGCCTCTCATTCA	ACGAGCCTCTCATTCA	LLU_A	tumor	0.8	1
LLU_p80_r01	LLU_A__CTCATTATCCTCGCAT	CTCATTATCCTCGCAT	LLU_A	tumor	0.8	1
LLU_p80_r01	LLU_A__TTGAACGGTTTACTCT	TTGAACGGTTTACTCT	LLU_A	tumor	0.8	1
LLU_p80_r01	LLU_A__CTCGGGACAAGCCGTC	CTCGGGACAAGCCGTC	LLU_A	tumor	0.8	1
LLU_p80_r01	LLU_A__AATCGGTTCCCAAGTA	AATCGGTTCCCAAGTA	LLU_A	tumor	0.8	1
LLU_p80_r01	LLU_A__TACGGGCGTTCAACCA	TACGGGCGTTCAACCA	LLU_A	tumor	0.8	1
LLU_p80_r01	LLU_A__CAGGTGCAGCGTAGTG	CAGGTGCAGCGTAGTG	LLU_A	tumor	0.8	1
LLU_p80_r01	LLU_A__CACCACTTCCATGAGT	CACCACTTCCATGAGT	LLU_A	tumor	0.8	1
LLU_p80_r01	LLU_A__GGAATAATCGCAAACT	GGAATAATCGCAAACT	LLU_A	tumor	0.8	1
LLU_p80_r01	LLU_A__TACTTGTAGCGTTTAC	TACTTGTAGCGTTTAC	LLU_A	tumor	0.8	1
LLU_p80_r01	LLU_A__GGGAGATAGGGTTTCT	GGGAGATAGGGTTTCT	LLU_A	tumor	0.8	1
LLU_p80_r01	LLU_A__TTCGGTCGTTCCACAA	TTCGGTCGTTCCACAA	LLU_A	tumor	0.8	1
LLU_p80_r01	LLU_A__GGGCACTTCGAGAACG	GGGCACTTCGAGAACG	LLU_A	tumor	0.8	1
LLU_p80_r01	LLU_A__AAGCCGCGTGATGTGG	AAGCCGCGTGATGTGG	LLU_A	tumor	0.8	1
LLU_p80_r01	LLU_A__CACACTCCAGCATACT	CACACTCCAGCATACT	LLU_A	tumor	0.8	1
LLU_p80_r01	LLU_A__CCACGGAGTGTGGCTC	CCACGGAGTGTGGCTC	LLU_A	tumor	0.8	1
LLU_p80_r01	LLU_A__GACGCGTAGTATTGGA	GACGCGTAGTATTGGA	LLU_A	tumor	0.8	1
LLU_p80_r01	LLU_A__CAGCTAAGTTGGTGGA	CAGCTAAGTTGGTGGA	LLU_A	tumor	0.8	1
LLU_p80_r01	LLU_A__CGCTTCAGTCCATGAT	CGCTTCAGTCCATGAT	LLU_A	tumor	0.8	1
LLU_p80_r01	LLU_A__TATCAGGAGGACGAAA	TATCAGGAGGACGAAA	LLU_A	tumor	0.8	1
LLU_p80_r01	LLU_A__GTAGGCCTCAGCTTAG	GTAGGCCTCAGCTTAG	LLU_A	tumor	0.8	1
LLU_p80_r01	LLU_A__TGGACGCGTAAACGCG	TGGACGCGTAAACGCG	LLU_A	tumor	0.8	1
LLU_p80_r01	LLU_A__CTCTAATAGGATGGTC	CTCTAATAGGATGGTC	LLU_A	tumor	0.8	1
LLU_p80_r01	LLU_A__AGCATACAGGCCCGTT	AGCATACAGGCCCGTT	LLU_A	tumor	0.8	1
LLU_p80_r01	LLU_A__ATGAGGGAGTGCGATG	ATGAGGGAGTGCGATG	LLU_A	tumor	0.8	1
LLU_p80_r01	LLU_A__TCAGATGTCATTTGGG	TCAGATGTCATTTGGG	LLU_A	tumor	0.8	1
LLU_p80_r01	LLU_A__CTTAGGAAGACACGAC	CTTAGGAAGACACGAC	LLU_A	tumor	0.8	1
LLU_p80_r01	LLU_A__ACACCCTTCTGACCTC	ACACCCTTCTGACCTC	LLU_A	tumor	0.8	1
LLU_p80_r01	LLU_A__AAGGTTCGTGAGTATA	AAGGTTCGTGAGTATA	LLU_A	tumor	0.8	1
LLU_p80_r01	LLU_A__TTTACTGAGAATGTGT	TTTACTGAGAATGTGT	LLU_A	tumor	0.8	1
LLU_p80_r01	LLU_A__GTGCAGCGTCAACTGT	GTGCAGCGTCAACTGT	LLU_A	tumor	0.8	1
LLU_p80_r01	LLU_A__GGCGTGTCATTACGAC	GGCGTGTCATTACGAC	LLU_A	tumor	0.8	1
LLU_p80_r01	LLU_A__CACACCTTCTTCAACT	CACACCTTCTTCAACT	LLU_A	tumor	0.8	1
LLU_p80_r01	LLU_A__TACAGTGGTTCAGCGC	TACAGTGGTTCAGCGC	LLU_A	tumor	0.8	1
LLU_p80_r01	LLU_A__CTTCTCTTCGGACAAG	CTTCTCTTCGGACAAG	LLU_A	tumor	0.8	1
LLU_p80_r01	LLU_A__TGGACGCAGCTAGGCA	TGGACGCAGCTAGGCA	LLU_A	tumor	0.8	1
LLU_p80_r01	LLU_A__CCGTTCAAGTCTCGGC	CCGTTCAAGTCTCGGC	LLU_A	tumor	0.8	1
LLU_p80_r01	LLU_A__GTTTCTAGTACGCTGC	GTTTCTAGTACGCTGC	LLU_A	tumor	0.8	1
LLU_p80_r01	LLU_A__ACAGCTAAGACAGACC	ACAGCTAAGACAGACC	LLU_A	tumor	0.8	1
LLU_p80_r01	LLU_A__GACTACATCTCTAAGG	GACTACATCTCTAAGG	LLU_A	tumor	0.8	1
LLU_p80_r01	LLU_A__CGAGCCAGTTAAAGTG	CGAGCCAGTTAAAGTG	LLU_A	tumor	0.8	1
LLU_p80_r01	LLU_A__GTTCTCGCAGCCTATA	GTTCTCGCAGCCTATA	LLU_A	tumor	0.8	1
LLU_p80_r01	LLU_A__GAAACTCGTATCAGTC	GAAACTCGTATCAGTC	LLU_A	tumor	0.8	1
LLU_p80_r01	LLU_A__TACACGAAGGCTCAGA	TACACGAAGGCTCAGA	LLU_A	tumor	0.8	1
LLU_p80_r01	LLU_A__TGGACGCTCCGTCAAA	TGGACGCTCCGTCAAA	LLU_A	tumor	0.8	1
LLU_p80_r01	LLU_A__GCACATATCTCCGGTT	GCACATATCTCCGGTT	LLU_A	tumor	0.8	1
LLU_p80_r01	LLU_A__CAAGGCCCATCTCGCT	CAAGGCCCATCTCGCT	LLU_A	tumor	0.8	1
LLU_p80_r01	LLU_A__TCGGTAAAGGTCATCT	TCGGTAAAGGTCATCT	LLU_A	tumor	0.8	1
LLU_p80_r01	LLU_A__GACAGAGAGTGTCCAT	GACAGAGAGTGTCCAT	LLU_A	tumor	0.8	1
LLU_p80_r01	LLU_A__TTGAACGAGGCAATTA	TTGAACGAGGCAATTA	LLU_A	tumor	0.8	1
LLU_p80_r01	LLU_A__CTAGAGTGTCAAACTC	CTAGAGTGTCAAACTC	LLU_A	tumor	0.8	1
LLU_p80_r01	LLU_A__TTTATGCAGAGGGATA	TTTATGCAGAGGGATA	LLU_A	tumor	0.8	1
LLU_p80_r01	LLU_A__GTGGGTCAGAAGAAGC	GTGGGTCAGAAGAAGC	LLU_A	tumor	0.8	1
LLU_p80_r01	LLU_A__GTTCTCGGTTCGAATC	GTTCTCGGTTCGAATC	LLU_A	tumor	0.8	1
LLU_p80_r01	LLU_A__GTCATTTGTTGGACCC	GTCATTTGTTGGACCC	LLU_A	tumor	0.8	1
LLU_p80_r01	LLU_A__TCTTCGGCAAGACACG	TCTTCGGCAAGACACG	LLU_A	tumor	0.8	1
LLU_p80_r01	LLU_A__CGCCAAGAGCGTGTCC	CGCCAAGAGCGTGTCC	LLU_A	tumor	0.8	1
LLU_p80_r01	LLU_A__GCATGCGGTTGTACAC	GCATGCGGTTGTACAC	LLU_A	tumor	0.8	1
LLU_p80_r01	LLU_A__CGTGAGCCAGTGAGTG	CGTGAGCCAGTGAGTG	LLU_A	tumor	0.8	1
LLU_p80_r01	LLU_A__ATTGGACTCATCTGCC	ATTGGACTCATCTGCC	LLU_A	tumor	0.8	1
LLU_p80_r01	LLU_A__GTAACTGTCACCAGGC	GTAACTGTCACCAGGC	LLU_A	tumor	0.8	1
LLU_p80_r01	LLU_A__TCGCGAGGTTAAAGTG	TCGCGAGGTTAAAGTG	LLU_A	tumor	0.8	1
LLU_p80_r01	LLU_A__ATCCGAAGTAACGTTC	ATCCGAAGTAACGTTC	LLU_A	tumor	0.8	1
LLU_p80_r01	LLU_A__GCTTCCATCTCTAAGG	GCTTCCATCTCTAAGG	LLU_A	tumor	0.8	1
LLU_p80_r01	LLU_A__GCATACAAGGAGTAGA	GCATACAAGGAGTAGA	LLU_A	tumor	0.8	1
LLU_p80_r01	LLU_A__GCGCCAAGTACATGTC	GCGCCAAGTACATGTC	LLU_A	tumor	0.8	1
LLU_p80_r01	LLU_A__TTAACTCCACAGAGGT	TTAACTCCACAGAGGT	LLU_A	tumor	0.8	1
LLU_p80_r01	LLU_A__AGGGATGAGACACTAA	AGGGATGAGACACTAA	LLU_A	tumor	0.8	1
LLU_p80_r01	LLU_A__GAGTCCGCATGTTGAC	GAGTCCGCATGTTGAC	LLU_A	tumor	0.8	1
LLU_p80_r01	LLU_A__ACGGGCTCATGCCACG	ACGGGCTCATGCCACG	LLU_A	tumor	0.8	1
LLU_p80_r01	LLU_A__TGGCTGGCACATGTGT	TGGCTGGCACATGTGT	LLU_A	tumor	0.8	1
LLU_p80_r01	LLU_A__CGCTGGACAAGGGTCA	CGCTGGACAAGGGTCA	LLU_A	tumor	0.8	1
LLU_p80_r01	LLU_A__CTGATAGAGATGGCGT	CTGATAGAGATGGCGT	LLU_A	tumor	0.8	1
LLU_p80_r01	LLU_A__CTGTTTATCTTAGAGC	CTGTTTATCTTAGAGC	LLU_A	tumor	0.8	1
LLU_p80_r01	LLU_A__AGCAGCCCACAACGTT	AGCAGCCCACAACGTT	LLU_A	tumor	0.8	1
LLU_p80_r01	LLU_A__ACGGAGAGTTAAGATG	ACGGAGAGTTAAGATG	LLU_A	tumor	0.8	1
LLU_p80_r01	LLU_A__TGGACGCTCTACGAGT	TGGACGCTCTACGAGT	LLU_A	tumor	0.8	1
LLU_p80_r01	LLU_A__TGCTGCTAGGGCTCTC	TGCTGCTAGGGCTCTC	LLU_A	tumor	0.8	1
LLU_p80_r01	LLU_A__GTGTGCGCACCGCTAG	GTGTGCGCACCGCTAG	LLU_A	tumor	0.8	1
LLU_p80_r01	LLU_A__GTGTTAGAGTGTCCAT	GTGTTAGAGTGTCCAT	LLU_A	tumor	0.8	1
LLU_p80_r01	LLU_A__GAGCAGATCCCTTGCA	GAGCAGATCCCTTGCA	LLU_A	tumor	0.8	1
LLU_p80_r01	LLU_A__GTCCTCAAGCCGCCTA	GTCCTCAAGCCGCCTA	LLU_A	tumor	0.8	1
LLU_p80_r01	LLU_A__AGCATACAGAAGGACA	AGCATACAGAAGGACA	LLU_A	tumor	0.8	1
LLU_p80_r01	LLU_A__GAGCAGACATGTCCTC	GAGCAGACATGTCCTC	LLU_A	tumor	0.8	1
LLU_p80_r01	LLU_A__GTAGGCCTCACAAACC	GTAGGCCTCACAAACC	LLU_A	tumor	0.8	1
LLU_p80_r01	LLU_A__CCAGCGATCCGTCAAA	CCAGCGATCCGTCAAA	LLU_A	tumor	0.8	1
LLU_p80_r01	LLU_A__TAGCCGGTCGCCCTTA	TAGCCGGTCGCCCTTA	LLU_A	tumor	0.8	1
LLU_p80_r01	LLU_A__AACTCCCCACATTAGC	AACTCCCCACATTAGC	LLU_A	tumor	0.8	1
LLU_p80_r01	LLU_A__ACTGTCCCACAGCCCA	ACTGTCCCACAGCCCA	LLU_A	tumor	0.8	1
LLU_p80_r01	LLU_A__CTCGGAGAGGTAGCCA	CTCGGAGAGGTAGCCA	LLU_A	tumor	0.8	1
LLU_p80_r01	LLU_A__GTTCTCGAGAAGGTTT	GTTCTCGAGAAGGTTT	LLU_A	tumor	0.8	1
LLU_p80_r01	LLU_A__CGTTCTGCAGCCTATA	CGTTCTGCAGCCTATA	LLU_A	tumor	0.8	1
LLU_p80_r01	LLU_A__ATTCTACGTCCTGCTT	ATTCTACGTCCTGCTT	LLU_A	tumor	0.8	1
LLU_p80_r01	LLU_A__CAACCTCGTCTCTTAT	CAACCTCGTCTCTTAT	LLU_A	tumor	0.8	1
LLU_p80_r01	LLU_A__TTCTCAAAGCGCCTTG	TTCTCAAAGCGCCTTG	LLU_A	tumor	0.8	1
LLU_p80_r01	LLU_A__CCTACACTCAGTTTGG	CCTACACTCAGTTTGG	LLU_A	tumor	0.8	1
LLU_p80_r01	LLU_A__TACTTACTCGTACCGG	TACTTACTCGTACCGG	LLU_A	tumor	0.8	1
LLU_p80_r01	LLU_A__GACTACAGTCAGAAGC	GACTACAGTCAGAAGC	LLU_A	tumor	0.8	1
LLU_p80_r01	LLU_A__CAACCAATCAACTCTT	CAACCAATCAACTCTT	LLU_A	tumor	0.8	1
LLU_p80_r01	LLU_A__AGTGAGGCAAACGTGG	AGTGAGGCAAACGTGG	LLU_A	tumor	0.8	1
LLU_p80_r01	LLU_A__CTTGGCTCAGGTCTCG	CTTGGCTCAGGTCTCG	LLU_A	tumor	0.8	1
LLU_p80_r01	LLU_A__TGAGAGGAGATGGCGT	TGAGAGGAGATGGCGT	LLU_A	tumor	0.8	1
LLU_p80_r01	LLU_A__CTGATAGTCGTTACGA	CTGATAGTCGTTACGA	LLU_A	tumor	0.8	1
LLU_p80_r01	LLU_A__CTCCTAGCATGCTGGC	CTCCTAGCATGCTGGC	LLU_A	tumor	0.8	1
LLU_p80_r01	LLU_A__GACGTGCAGTGTTAGA	GACGTGCAGTGTTAGA	LLU_A	tumor	0.8	1
LLU_p80_r01	LLU_A__GGCTCGAGTACGCTGC	GGCTCGAGTACGCTGC	LLU_A	tumor	0.8	1
LLU_p80_r01	LLU_A__TCGTACCGTCGCATCG	TCGTACCGTCGCATCG	LLU_A	tumor	0.8	1
LLU_p80_r01	LLU_A__TGCTGCTCAGTATAAG	TGCTGCTCAGTATAAG	LLU_A	tumor	0.8	1
LLU_p80_r01	LLU_A__CATCAGATCCTGTAGA	CATCAGATCCTGTAGA	LLU_A	tumor	0.8	1
LLU_p80_r01	LLU_A__AAAGTAGAGCTGCGAA	AAAGTAGAGCTGCGAA	LLU_A	tumor	0.8	1
LLU_p80_r01	LLU_A__TGCCCATGTTTGGGCC	TGCCCATGTTTGGGCC	LLU_A	tumor	0.8	1
LLU_p80_r01	LLU_A__GCACATACAGCCTATA	GCACATACAGCCTATA	LLU_A	tumor	0.8	1
LLU_p80_r01	LLU_A__AACTTTCCAAGAGGCT	AACTTTCCAAGAGGCT	LLU_A	tumor	0.8	1
LLU_p80_r01	LLU_A__GTTCGGGGTAAACGCG	GTTCGGGGTAAACGCG	LLU_A	tumor	0.8	1
LLU_p80_r01	LLU_A__GGCGTGTTCCTACAGA	GGCGTGTTCCTACAGA	LLU_A	tumor	0.8	1
LLU_p80_r01	LLU_A__AAGGAGCTCTCGTATT	AAGGAGCTCTCGTATT	LLU_A	tumor	0.8	1
LLU_p80_r01	LLU_A__CCTTACGAGAAGGGTA	CCTTACGAGAAGGGTA	LLU_A	tumor	0.8	1
LLU_p80_r01	LLU_A__CGTCACTCACACCGAC	CGTCACTCACACCGAC	LLU_A	tumor	0.8	1
LLU_p80_r01	LLU_A__GACGCGTAGCGCCTTG	GACGCGTAGCGCCTTG	LLU_A	tumor	0.8	1
LLU_p80_r01	LLU_A__GGCAATTCATTTCACT	GGCAATTCATTTCACT	LLU_A	tumor	0.8	1
LLU_p80_r01	LLU_A__ATGCGATGTGAGGCTA	ATGCGATGTGAGGCTA	LLU_A	tumor	0.8	1
LLU_p80_r01	LLU_A__ACGATACTCTAACTCT	ACGATACTCTAACTCT	LLU_A	tumor	0.8	1
LLU_p80_r01	LLU_A__CCACGGAGTACGCACC	CCACGGAGTACGCACC	LLU_A	tumor	0.8	1
LLU_p80_r01	LLU_A__CAGCGACTCTGCAGTA	CAGCGACTCTGCAGTA	LLU_A	tumor	0.8	1
LLU_p80_r01	LLU_A__CGATGTAGTCAAACTC	CGATGTAGTCAAACTC	LLU_A	tumor	0.8	1
LLU_p80_r01	LLU_A__GTGAAGGCACATTTCT	GTGAAGGCACATTTCT	LLU_A	tumor	0.8	1
LLU_p80_r01	LLU_A__AGGGATGCAGCCTGTG	AGGGATGCAGCCTGTG	LLU_A	tumor	0.8	1
LLU_p80_r01	LLU_A__GTACGTATCTACCTGC	GTACGTATCTACCTGC	LLU_A	tumor	0.8	1
LLU_p80_r01	LLU_A__ATAGACCGTGTAATGA	ATAGACCGTGTAATGA	LLU_A	tumor	0.8	1
LLU_p80_r01	LLU_A__TCACGAAAGTGAACAT	TCACGAAAGTGAACAT	LLU_A	tumor	0.8	1
LLU_p80_r01	LLU_A__CATGACAAGCACCGTC	CATGACAAGCACCGTC	LLU_A	tumor	0.8	1
LLU_p80_r01	LLU_A__CCCAGTTCACCAGGCT	CCCAGTTCACCAGGCT	LLU_A	tumor	0.8	1
LLU_p80_r01	LLU_A__GCGACCACAGCTGTTA	GCGACCACAGCTGTTA	LLU_A	tumor	0.8	1
LLU_p80_r01	LLU_A__GTTACAGCACGGCTAC	GTTACAGCACGGCTAC	LLU_A	tumor	0.8	1
LLU_p80_r01	LLU_A__GCGCGATAGGGTCGAT	GCGCGATAGGGTCGAT	LLU_A	tumor	0.8	1
LLU_p80_r01	LLU_A__TTATGCTTCGGACAAG	TTATGCTTCGGACAAG	LLU_A	tumor	0.8	1
LLU_p80_r01	LLU_A__ATGTGTGCAGGCGATA	ATGTGTGCAGGCGATA	LLU_A	tumor	0.8	1
LLU_p80_r01	LLU_A__GTAACTGAGCTTCGCG	GTAACTGAGCTTCGCG	LLU_A	tumor	0.8	1
LLU_p80_r01	LLU_A__CATTATCTCCAAACTG	CATTATCTCCAAACTG	LLU_A	tumor	0.8	1
LLU_p80_r01	LLU_A__TTTATGCAGGTCGGAT	TTTATGCAGGTCGGAT	LLU_A	tumor	0.8	1
LLU_p80_r01	LLU_A__AGCGGTCCAAGTTAAG	AGCGGTCCAAGTTAAG	LLU_A	tumor	0.8	1
LLU_p80_r01	LLU_A__CGATTGACATGCAACT	CGATTGACATGCAACT	LLU_A	tumor	0.8	1
LLU_p80_r01	LLU_A__CGTAGCGGTGCGGTAA	CGTAGCGGTGCGGTAA	LLU_A	tumor	0.8	1
LLU_p80_r01	LLU_A__GCAGTTAGTTGGTGGA	GCAGTTAGTTGGTGGA	LLU_A	tumor	0.8	1
LLU_p80_r01	LLU_A__CTCATTATCTGCTTGC	CTCATTATCTGCTTGC	LLU_A	tumor	0.8	1
LLU_p80_r01	LLU_A__GGAACTTGTAAATACG	GGAACTTGTAAATACG	LLU_A	tumor	0.8	1
LLU_p80_r01	LLU_A__CTTAGGACATCCCATC	CTTAGGACATCCCATC	LLU_A	tumor	0.8	1
LLU_p80_r01	LLU_A__CGTAGGCCATGTTCCC	CGTAGGCCATGTTCCC	LLU_A	tumor	0.8	1
LLU_p80_r01	LLU_A__TAGTTGGGTCAAAGAT	TAGTTGGGTCAAAGAT	LLU_A	tumor	0.8	1
LLU_p80_r01	LLU_A__TACCTTACAAGCCGCT	TACCTTACAAGCCGCT	LLU_A	tumor	0.8	1
LLU_p80_r01	LLU_A__TGCCAAAAGCCAGAAC	TGCCAAAAGCCAGAAC	LLU_A	tumor	0.8	1
LLU_p80_r01	LLU_A__CGATCGGAGCGTCAAG	CGATCGGAGCGTCAAG	LLU_A	tumor	0.8	1
LLU_p80_r01	LLU_A__TGGCGCACATACGCCG	TGGCGCACATACGCCG	LLU_A	tumor	0.8	1
LLU_p80_r01	LLU_A__GTGTGCGAGGTGCTTT	GTGTGCGAGGTGCTTT	LLU_A	tumor	0.8	1
LLU_p80_r01	LLU_A__ACGATACAGACTAGGC	ACGATACAGACTAGGC	LLU_A	tumor	0.8	1
LLU_p80_r01	LLU_A__GTGTTAGAGTGTACCT	GTGTTAGAGTGTACCT	LLU_A	tumor	0.8	1
LLU_p80_r01	LLU_A__ATGAGGGAGCTAACTC	ATGAGGGAGCTAACTC	LLU_A	tumor	0.8	1
LLU_p80_r01	LLU_A__GCGACCACATTGCGGC	GCGACCACATTGCGGC	LLU_A	tumor	0.8	1
LLU_p80_r01	LLU_A__CTCGGGACAGCTTAAC	CTCGGGACAGCTTAAC	LLU_A	tumor	0.8	1
LLU_p80_r01	LLU_A__TGACGGCAGCGTGTCC	TGACGGCAGCGTGTCC	LLU_A	tumor	0.8	1
LLU_p80_r01	LLU_A__GCGCCAACACAAGTAA	GCGCCAACACAAGTAA	LLU_A	tumor	0.8	1
LLU_p80_r01	LLU_A__AGATCTGTCGTTTATC	AGATCTGTCGTTTATC	LLU_A	tumor	0.8	1
LLU_p80_r01	LLU_A__AAACCTGCAATAACGA	AAACCTGCAATAACGA	LLU_A	tumor	0.8	1
LLU_p80_r01	LLU_A__GTACTCCTCGTACCGG	GTACTCCTCGTACCGG	LLU_A	tumor	0.8	1
LLU_p80_r01	LLU_A__ATGTGTGAGCGTTTAC	ATGTGTGAGCGTTTAC	LLU_A	tumor	0.8	1
LLU_p80_r01	LLU_A__CGCTTCAGTACCGGCT	CGCTTCAGTACCGGCT	LLU_A	tumor	0.8	1
LLU_p80_r01	LLU_A__GTCGGGTAGCGTGTCC	GTCGGGTAGCGTGTCC	LLU_A	tumor	0.8	1
LLU_p80_r01	LLU_A__TACAGTGTCTGTACGA	TACAGTGTCTGTACGA	LLU_A	tumor	0.8	1
LLU_p80_r01	LLU_A__TGTATTCCACCTCGGA	TGTATTCCACCTCGGA	LLU_A	tumor	0.8	1
LLU_p80_r01	LLU_A__CAGCAGCAGTGACATA	CAGCAGCAGTGACATA	LLU_A	tumor	0.8	1
LLU_p80_r01	LLU_A__TGACTTTTCTCGTTTA	TGACTTTTCTCGTTTA	LLU_A	tumor	0.8	1
LLU_p80_r01	LLU_A__GTGCAGCCACGTTGGC	GTGCAGCCACGTTGGC	LLU_A	tumor	0.8	1
LLU_p80_r01	LLU_A__GCATACATCGAATGGG	GCATACATCGAATGGG	LLU_A	tumor	0.8	1
LLU_p80_r01	LLU_A__TGACTTTTCGGTGTCG	TGACTTTTCGGTGTCG	LLU_A	tumor	0.8	1
LLU_p80_r01	LLU_A__TGAGGGACACAACTGT	TGAGGGACACAACTGT	LLU_A	tumor	0.8	1
LLU_p80_r01	LLU_A__GTCTTCGGTTCAGGCC	GTCTTCGGTTCAGGCC	LLU_A	tumor	0.8	1
LLU_p80_r01	LLU_A__GCATGATTCGGCGGTT	GCATGATTCGGCGGTT	LLU_A	tumor	0.8	1
LLU_p80_r01	LLU_A__CGTGAGCAGCGTCAAG	CGTGAGCAGCGTCAAG	LLU_A	tumor	0.8	1
LLU_p80_r01	LLU_A__TGCGCAGCAATAACGA	TGCGCAGCAATAACGA	LLU_A	tumor	0.8	1
LLU_p80_r01	LLU_A__TACACGAAGAGTACCG	TACACGAAGAGTACCG	LLU_A	tumor	0.8	1
LLU_p80_r01	LLU_A__CGTCACTGTGCCTGTG	CGTCACTGTGCCTGTG	LLU_A	tumor	0.8	1
LLU_p80_r01	LLU_A__CCGGGATCAGGCTCAC	CCGGGATCAGGCTCAC	LLU_A	tumor	0.8	1
LLU_p80_r01	LLU_A__TTGGCAAAGAAGGCCT	TTGGCAAAGAAGGCCT	LLU_A	tumor	0.8	1
LLU_p80_r01	LLU_A__GGCTGGTAGGCATGGT	GGCTGGTAGGCATGGT	LLU_A	tumor	0.8	1
LLU_p80_r01	LLU_A__ACTTTCAGTCCAGTGC	ACTTTCAGTCCAGTGC	LLU_A	tumor	0.8	1
LLU_p80_r01	LLU_A__TGTATTCAGCCCAGCT	TGTATTCAGCCCAGCT	LLU_A	tumor	0.8	1
LLU_p80_r01	LLU_A__GGACGTCCACGCCAGT	GGACGTCCACGCCAGT	LLU_A	tumor	0.8	1
LLU_p80_r01	LLU_A__TCGCGTTAGCGTTTAC	TCGCGTTAGCGTTTAC	LLU_A	tumor	0.8	1
LLU_p80_r01	LLU_A__TGTCCCATCATCATTC	TGTCCCATCATCATTC	LLU_A	tumor	0.8	1
LLU_p80_r01	LLU_A__GGGCACTGTGGCAAAC	GGGCACTGTGGCAAAC	LLU_A	tumor	0.8	1
LLU_p80_r01	LLU_A__TCCACACCAATGTAAG	TCCACACCAATGTAAG	LLU_A	tumor	0.8	1
LLU_p80_r01	LLU_A__CTTACCGTCGGTTCGG	CTTACCGTCGGTTCGG	LLU_A	tumor	0.8	1
LLU_p80_r01	LLU_A__AAGGTTCAGGGTCGAT	AAGGTTCAGGGTCGAT	LLU_A	tumor	0.8	1
LLU_p80_r01	LLU_A__CTCGGAGTCACATAGC	CTCGGAGTCACATAGC	LLU_A	tumor	0.8	1
LLU_p80_r01	LLU_A__GGAATAAAGTTGTAGA	GGAATAAAGTTGTAGA	LLU_A	tumor	0.8	1
LLU_p80_r01	LLU_A__AAGACCTCAGTGACAG	AAGACCTCAGTGACAG	LLU_A	tumor	0.8	1
LLU_p80_r01	LLU_A__CAACTAGAGCTCCTTC	CAACTAGAGCTCCTTC	LLU_A	tumor	0.8	1
LLU_p80_r01	LLU_A__CACAGGCGTACCCAAT	CACAGGCGTACCCAAT	LLU_A	tumor	0.8	1
LLU_p80_r01	LLU_A__GAGTCCGGTCGAAAGC	GAGTCCGGTCGAAAGC	LLU_A	tumor	0.8	1
LLU_p80_r01	LLU_A__GCACTCTGTCATGCCG	GCACTCTGTCATGCCG	LLU_A	tumor	0.8	1
LLU_p80_r01	LLU_A__TAGTTGGAGGCAAAGA	TAGTTGGAGGCAAAGA	LLU_A	tumor	0.8	1
LLU_p80_r01	LLU_A__GACTAACCAGGAATCG	GACTAACCAGGAATCG	LLU_A	tumor	0.8	1
LLU_p80_r01	LLU_A__ATTACTCCACTGTGTA	ATTACTCCACTGTGTA	LLU_A	tumor	0.8	1
LLU_p80_r01	LLU_A__ATTATCCTCTGTTGAG	ATTATCCTCTGTTGAG	LLU_A	tumor	0.8	1
LLU_p80_r01	LLU_A__GCATGTAGTTTGTTTC	GCATGTAGTTTGTTTC	LLU_A	tumor	0.8	1
LLU_p80_r01	LLU_A__AGCTCCTAGAACAATC	AGCTCCTAGAACAATC	LLU_A	tumor	0.8	1
LLU_p80_r01	LLU_A__CTCGTCATCTGACCTC	CTCGTCATCTGACCTC	LLU_A	tumor	0.8	1
LLU_p80_r01	LLU_A__TGCCAAATCACAGTAC	TGCCAAATCACAGTAC	LLU_A	tumor	0.8	1
LLU_p80_r01	LLU_A__TGCCCTATCCTTGACC	TGCCCTATCCTTGACC	LLU_A	tumor	0.8	1
LLU_p80_r01	LLU_A__CTTAGGACAGGACCCT	CTTAGGACAGGACCCT	LLU_A	tumor	0.8	1
LLU_p80_r01	LLU_A__AAGTCTGCACGGCCAT	AAGTCTGCACGGCCAT	LLU_A	tumor	0.8	1
LLU_p80_r01	LLU_A__ATTGGACGTTATCGGT	ATTGGACGTTATCGGT	LLU_A	tumor	0.8	1
LLU_p80_r01	LLU_A__GATGCTAAGAGCTGCA	GATGCTAAGAGCTGCA	LLU_A	tumor	0.8	1
LLU_p80_r01	LLU_A__GCAGCCAGTGCCTGTG	GCAGCCAGTGCCTGTG	LLU_A	tumor	0.8	1
LLU_p80_r01	LLU_A__CAGCCGATCATTTGGG	CAGCCGATCATTTGGG	LLU_A	tumor	0.8	1
LLU_p80_r01	LLU_A__AGATCTGGTACCGGCT	AGATCTGGTACCGGCT	LLU_A	tumor	0.8	1
LLU_p80_r01	LLU_A__CCAGCGACAAAGCGGT	CCAGCGACAAAGCGGT	LLU_A	tumor	0.8	1
LLU_p80_r01	LLU_A__CACCACTCACCATCCT	CACCACTCACCATCCT	LLU_A	tumor	0.8	1
LLU_p80_r01	LLU_A__CCCAATCCAGCATGAG	CCCAATCCAGCATGAG	LLU_A	tumor	0.8	1
LLU_p80_r01	LLU_A__TCGTACCAGGAATGGA	TCGTACCAGGAATGGA	LLU_A	tumor	0.8	1
LLU_p80_r01	LLU_A__TCAGATGTCTAACGGT	TCAGATGTCTAACGGT	LLU_A	tumor	0.8	1
LLU_p80_r01	LLU_A__GGGACCTAGATCCCAT	GGGACCTAGATCCCAT	LLU_A	tumor	0.8	1
LLU_p80_r01	LLU_A__TAGGCATCAAGTTGTC	TAGGCATCAAGTTGTC	LLU_A	tumor	0.8	1
LLU_p80_r01	LLU_A__CATCAAGGTCCAAGTT	CATCAAGGTCCAAGTT	LLU_A	tumor	0.8	1
LLU_p80_r01	LLU_A__GCAGCCAAGTAGCGGT	GCAGCCAAGTAGCGGT	LLU_A	tumor	0.8	1
LLU_p80_r01	LLU_A__CAGCATATCCATGCTC	CAGCATATCCATGCTC	LLU_A	tumor	0.8	1
LLU_p80_r01	LLU_A__ACATACGTCCGAATGT	ACATACGTCCGAATGT	LLU_A	tumor	0.8	1
LLU_p80_r01	LLU_A__ACGATGTTCCGATATG	ACGATGTTCCGATATG	LLU_A	tumor	0.8	1
LLU_p80_r01	LLU_A__TTATGCTCACTTACGA	TTATGCTCACTTACGA	LLU_A	tumor	0.8	1
LLU_p80_r01	LLU_A__GCGAGAACAGGTCTCG	GCGAGAACAGGTCTCG	LLU_A	tumor	0.8	1
LLU_p80_r01	LLU_A__TCGCGAGAGGGATACC	TCGCGAGAGGGATACC	LLU_A	tumor	0.8	1
LLU_p80_r01	LLU_A__ATCCGAATCTCGTATT	ATCCGAATCTCGTATT	LLU_A	tumor	0.8	1
LLU_p80_r01	LLU_A__GTGTGCGAGAAACCTA	GTGTGCGAGAAACCTA	LLU_A	tumor	0.8	1
LLU_p80_r01	LLU_A__ATGCGATTCATGCTCC	ATGCGATTCATGCTCC	LLU_A	tumor	0.8	1
LLU_p80_r01	LLU_A__GTTAAGCGTTCTGAAC	GTTAAGCGTTCTGAAC	LLU_A	tumor	0.8	1
LLU_p80_r01	LLU_A__TAAACCGCAAACGTGG	TAAACCGCAAACGTGG	LLU_A	tumor	0.8	1
LLU_p80_r01	LLU_A__GATGAAAAGGGCACTA	GATGAAAAGGGCACTA	LLU_A	tumor	0.8	1
LLU_p80_r01	LLU_A__CGAATGTAGACCCACC	CGAATGTAGACCCACC	LLU_A	tumor	0.8	1
LLU_p80_r01	LLU_A__TGTGGTACATTCCTCG	TGTGGTACATTCCTCG	LLU_A	tumor	0.8	1
LLU_p80_r01	LLU_A__GCTGCGAAGGCATGGT	GCTGCGAAGGCATGGT	LLU_A	tumor	0.8	1
LLU_p80_r01	LLU_A__TTGAACGTCTTGTATC	TTGAACGTCTTGTATC	LLU_A	tumor	0.8	1
LLU_p80_r01	LLU_A__ACGGCCACAAGTTCTG	ACGGCCACAAGTTCTG	LLU_A	tumor	0.8	1
LLU_p80_r01	LLU_A__CGTGTAATCATACGGT	CGTGTAATCATACGGT	LLU_A	tumor	0.8	1
LLU_p80_r01	LLU_A__AAAGCAATCCAGGGCT	AAAGCAATCCAGGGCT	LLU_A	tumor	0.8	1
LLU_p80_r01	LLU_A__CTAAGACCATGGTAGG	CTAAGACCATGGTAGG	LLU_A	tumor	0.8	1
LLU_p80_r01	LLU_A__ATCATGGTCCCTCAGT	ATCATGGTCCCTCAGT	LLU_A	tumor	0.8	1
LLU_p80_r01	LLU_A__CGTGAGCGTTTGACAC	CGTGAGCGTTTGACAC	LLU_A	tumor	0.8	1
LLU_p80_r01	LLU_A__TTGCGTCTCAAGGCTT	TTGCGTCTCAAGGCTT	LLU_A	tumor	0.8	1
LLU_p80_r01	LLU_A__CTCTAATCATCCTAGA	CTCTAATCATCCTAGA	LLU_A	tumor	0.8	1
LLU_p80_r01	LLU_A__CGTCAGGAGTTGAGTA	CGTCAGGAGTTGAGTA	LLU_A	tumor	0.8	1
LLU_p80_r01	LLU_A__TCGGTAATCCGCGCAA	TCGGTAATCCGCGCAA	LLU_A	tumor	0.8	1
LLU_p80_r01	LLU_A__CACATTTCAGTTCCCT	CACATTTCAGTTCCCT	LLU_A	tumor	0.8	1
LLU_p80_r01	LLU_A__CGACTTCTCATCACCC	CGACTTCTCATCACCC	LLU_A	tumor	0.8	1
LLU_p80_r01	LLU_A__ACCTTTAGTCACCCAG	ACCTTTAGTCACCCAG	LLU_A	tumor	0.8	1
LLU_p80_r01	LLU_A__TTCTACACAAGCGCTC	TTCTACACAAGCGCTC	LLU_A	tumor	0.8	1
LLU_p80_r01	LLU_A__CCGTACTCAGGGATTG	CCGTACTCAGGGATTG	LLU_A	tumor	0.8	1
LLU_p80_r01	LLU_A__CATCAGAAGCGTAGTG	CATCAGAAGCGTAGTG	LLU_A	tumor	0.8	1
LLU_p80_r01	LLU_A__GCATGATTCATAAAGG	GCATGATTCATAAAGG	LLU_A	tumor	0.8	1
LLU_p80_r01	LLU_A__GGGAGATCATCTCCCA	GGGAGATCATCTCCCA	LLU_A	tumor	0.8	1
LLU_p80_r01	LLU_A__AGACGTTAGTGAACGC	AGACGTTAGTGAACGC	LLU_A	tumor	0.8	1
LLU_p80_r01	LLU_A__CTACACCCATCAGTAC	CTACACCCATCAGTAC	LLU_A	tumor	0.8	1
LLU_p80_r01	LLU_A__CTTCTCTAGCGTTGCC	CTTCTCTAGCGTTGCC	LLU_A	tumor	0.8	1
LLU_p80_r01	LLU_A__TCAATCTAGTGGGTTG	TCAATCTAGTGGGTTG	LLU_A	tumor	0.8	1
LLU_p80_r01	LLU_A__CCTTTCTTCCGATATG	CCTTTCTTCCGATATG	LLU_A	tumor	0.8	1
LLU_p80_r01	LLU_A__CCCAGTTGTCCTAGCG	CCCAGTTGTCCTAGCG	LLU_A	tumor	0.8	1
LLU_p80_r01	LLU_A__TATCTCAGTGGTCCGT	TATCTCAGTGGTCCGT	LLU_A	tumor	0.8	1
LLU_p80_r01	LLU_A__TTTGGTTTCACCCGAG	TTTGGTTTCACCCGAG	LLU_A	tumor	0.8	1
LLU_p80_r01	LLU_A__ACGGGTCAGAAACGAG	ACGGGTCAGAAACGAG	LLU_A	tumor	0.8	1
LLU_p80_r01	LLU_A__TTGGAACAGGACTGGT	TTGGAACAGGACTGGT	LLU_A	tumor	0.8	1
LLU_p80_r01	LLU_A__GGACATTTCCATGCTC	GGACATTTCCATGCTC	LLU_A	tumor	0.8	1
LLU_p80_r01	LLU_A__GGCTGGTAGTGAAGAG	GGCTGGTAGTGAAGAG	LLU_A	tumor	0.8	1
LLU_p80_r01	LLU_A__CCACCTAAGTGGTAAT	CCACCTAAGTGGTAAT	LLU_A	tumor	0.8	1
LLU_p80_r01	LLU_A__TAAGTGCTCATACGGT	TAAGTGCTCATACGGT	LLU_A	tumor	0.8	1
LLU_p80_r01	LLU_A__CTGATAGAGGTCATCT	CTGATAGAGGTCATCT	LLU_A	tumor	0.8	1
LLU_p80_r01	LLU_A__TTGAACGAGCGATGAC	TTGAACGAGCGATGAC	LLU_A	tumor	0.8	1
LLU_p80_r01	LLU_A__TTGAACGCATTAGGCT	TTGAACGCATTAGGCT	LLU_A	tumor	0.8	1
LLU_p80_r01	LLU_A__GCATACAAGCTAGCCC	GCATACAAGCTAGCCC	LLU_A	tumor	0.8	1
LLU_p80_r01	LLU_A__ACGAGGAAGGCTAGCA	ACGAGGAAGGCTAGCA	LLU_A	tumor	0.8	1
LLU_p80_r01	LLU_A__GGATTACCACAGATTC	GGATTACCACAGATTC	LLU_A	tumor	0.8	1
LLU_p80_r01	LLU_A__ATTCTACCATCACCCT	ATTCTACCATCACCCT	LLU_A	tumor	0.8	1
LLU_p80_r01	LLU_A__TGCGGGTAGTGGTAGC	TGCGGGTAGTGGTAGC	LLU_A	tumor	0.8	1
LLU_p80_r01	LLU_A__GCGGGTTAGCGATCCC	GCGGGTTAGCGATCCC	LLU_A	tumor	0.8	1
LLU_p80_r01	LLU_A__CGTCCATTCACTTATC	CGTCCATTCACTTATC	LLU_A	tumor	0.8	1
LLU_p80_r01	LLU_A__CGTGAGCCAGGGCATA	CGTGAGCCAGGGCATA	LLU_A	tumor	0.8	1
LLU_p80_r01	LLU_A__TACTCGCCAAGTTCTG	TACTCGCCAAGTTCTG	LLU_A	tumor	0.8	1
LLU_p80_r01	LLU_A__CCTTACGCACCATCCT	CCTTACGCACCATCCT	LLU_A	tumor	0.8	1
LLU_p80_r01	LLU_A__CAGAATCAGGGCTTGA	CAGAATCAGGGCTTGA	LLU_A	tumor	0.8	1
LLU_p80_r01	LLU_A__TCGGGACAGTGAATTG	TCGGGACAGTGAATTG	LLU_A	tumor	0.8	1
LLU_p80_r01	LLU_A__CAACTAGAGATGCCAG	CAACTAGAGATGCCAG	LLU_A	tumor	0.8	1
LLU_p80_r01	LLU_A__GTCAAGTAGAGGGCTT	GTCAAGTAGAGGGCTT	LLU_A	tumor	0.8	1
LLU_p80_r01	LLU_A__TACGGGCCAGTATGCT	TACGGGCCAGTATGCT	LLU_A	tumor	0.8	1
LLU_p80_r01	LLU_A__AACACGTGTACATCCA	AACACGTGTACATCCA	LLU_A	tumor	0.8	1
LLU_p80_r01	LLU_A__TACTCATTCGTATCAG	TACTCATTCGTATCAG	LLU_A	tumor	0.8	1
LLU_p80_r01	LLU_A__TTAGGCATCCTGTACC	TTAGGCATCCTGTACC	LLU_A	tumor	0.8	1
LLU_p80_r01	LLU_A__GCATGCGAGTACGCGA	GCATGCGAGTACGCGA	LLU_A	tumor	0.8	1
LLU_p80_r01	LLU_A__CGGAGCTGTAAGAGGA	CGGAGCTGTAAGAGGA	LLU_A	tumor	0.8	1
LLU_p80_r01	LLU_A__TCGGTAATCTGAGTGT	TCGGTAATCTGAGTGT	LLU_A	tumor	0.8	1
LLU_p80_r01	LLU_A__ATCTGCCTCTGCAAGT	ATCTGCCTCTGCAAGT	LLU_A	tumor	0.8	1
LLU_p80_r01	LLU_A__GGAATAAAGATCGATA	GGAATAAAGATCGATA	LLU_A	tumor	0.8	1
LLU_p80_r01	LLU_A__TGACGGCGTGGACGAT	TGACGGCGTGGACGAT	LLU_A	tumor	0.8	1
LLU_p80_r01	LLU_A__CGTCCATTCCAAGTAC	CGTCCATTCCAAGTAC	LLU_A	tumor	0.8	1
LLU_p80_r01	LLU_A__GCATGATGTCCGTTAA	GCATGATGTCCGTTAA	LLU_A	tumor	0.8	1
LLU_p80_r01	LLU_A__CCCAGTTCAGGTCTCG	CCCAGTTCAGGTCTCG	LLU_A	tumor	0.8	1
LLU_p80_r01	LLU_A__CCATTCGGTCTTCAAG	CCATTCGGTCTTCAAG	LLU_A	tumor	0.8	1
LLU_p80_r01	LLU_A__GTCACAAGTCTGATTG	GTCACAAGTCTGATTG	LLU_A	tumor	0.8	1
LLU_p80_r01	LLU_A__GCATGCGGTATTCTCT	GCATGCGGTATTCTCT	LLU_A	tumor	0.8	1
LLU_p80_r01	LLU_A__CACACTCGTAAGTGGC	CACACTCGTAAGTGGC	LLU_A	tumor	0.8	1
LLU_p80_r01	LLU_A__ACACCGGTCTGGTATG	ACACCGGTCTGGTATG	LLU_A	tumor	0.8	1
LLU_p80_r01	LLU_A__AGAATAGCAGCGTTCG	AGAATAGCAGCGTTCG	LLU_A	tumor	0.8	1
LLU_p80_r01	LLU_A__GTGAAGGAGAGGTAGA	GTGAAGGAGAGGTAGA	LLU_A	tumor	0.8	1
LLU_p80_r01	LLU_A__AGTTGGTAGGGCTTCC	AGTTGGTAGGGCTTCC	LLU_A	tumor	0.8	1
LLU_p80_r01	LLU_A__CTCGGAGCAGAGTGTG	CTCGGAGCAGAGTGTG	LLU_A	tumor	0.8	1
LLU_p80_r01	LLU_A__AGTAGTCGTCTTCAAG	AGTAGTCGTCTTCAAG	LLU_A	tumor	0.8	1
LLU_p80_r01	LLU_A__CTCATTATCGTAGGAG	CTCATTATCGTAGGAG	LLU_A	tumor	0.8	1
LLU_p80_r01	LLU_A__CGATGGCTCTTGTTTG	CGATGGCTCTTGTTTG	LLU_A	tumor	0.8	1
LLU_p80_r01	LLU_A__CGTCACTGTAATCGTC	CGTCACTGTAATCGTC	LLU_A	tumor	0.8	1
LLU_p80_r01	LLU_A__TACTCGCGTAGGACAC	TACTCGCGTAGGACAC	LLU_A	tumor	0.8	1
LLU_p80_r01	LLU_A__ATCGAGTCACTTAAGC	ATCGAGTCACTTAAGC	LLU_A	tumor	0.8	1
LLU_p80_r01	LLU_A__CACTCCACAGGTGGAT	CACTCCACAGGTGGAT	LLU_A	tumor	0.8	1
LLU_p80_r01	LLU_A__AACTCCCGTGACTCAT	AACTCCCGTGACTCAT	LLU_A	tumor	0.8	1
LLU_p80_r01	LLU_A__TCCACACGTCGACTGC	TCCACACGTCGACTGC	LLU_A	tumor	0.8	1
LLU_p80_r01	LLU_A__TCTTCGGGTCGCGTGT	TCTTCGGGTCGCGTGT	LLU_A	tumor	0.8	1
LLU_p80_r01	LLU_A__GATTCAGGTCTCACCT	GATTCAGGTCTCACCT	LLU_A	tumor	0.8	1
LLU_p80_r01	LLU_A__TTGGCAACATGCAACT	TTGGCAACATGCAACT	LLU_A	tumor	0.8	1
LLU_p80_r01	LLU_A__TGACTAGAGTACTTGC	TGACTAGAGTACTTGC	LLU_A	tumor	0.8	1
LLU_p80_r01	LLU_A__CAGATCAGTATAGTAG	CAGATCAGTATAGTAG	LLU_A	tumor	0.8	1
LLU_p80_r01	LLU_A__TCAGCTCTCCCAACGG	TCAGCTCTCCCAACGG	LLU_A	tumor	0.8	1
LLU_p80_r01	LLU_A__TGCACCTGTCTCTTAT	TGCACCTGTCTCTTAT	LLU_A	tumor	0.8	1
LLU_p80_r01	LLU_A__TGGACGCGTCTCCATC	TGGACGCGTCTCCATC	LLU_A	tumor	0.8	1
LLU_p80_r01	LLU_A__CTACACCGTCGAACAG	CTACACCGTCGAACAG	LLU_A	tumor	0.8	1
LLU_p80_r01	LLU_A__AACTTTCAGCAGATCG	AACTTTCAGCAGATCG	LLU_A	tumor	0.8	1
LLU_p80_r01	LLU_A__CACCAGGCATTCTCAT	CACCAGGCATTCTCAT	LLU_A	tumor	0.8	1
LLU_p80_r01	LLU_A__CTCGAGGCATTATCTC	CTCGAGGCATTATCTC	LLU_A	tumor	0.8	1
LLU_p80_r01	LLU_A__TGGCTGGCAGTTAACC	TGGCTGGCAGTTAACC	LLU_A	tumor	0.8	1
LLU_p80_r01	LLU_A__GGATTACTCGCAAGCC	GGATTACTCGCAAGCC	LLU_A	tumor	0.8	1
LLU_p80_r01	LLU_A__TACTCATAGTCGATAA	TACTCATAGTCGATAA	LLU_A	tumor	0.8	1
LLU_p80_r01	LLU_A__CCAATCCCAACTTGAC	CCAATCCCAACTTGAC	LLU_A	tumor	0.8	1
LLU_p80_r01	LLU_A__CTTGGCTTCACGATGT	CTTGGCTTCACGATGT	LLU_A	tumor	0.8	1
LLU_p80_r01	LLU_A__CGGACTGGTACTTAGC	CGGACTGGTACTTAGC	LLU_A	tumor	0.8	1
LLU_p80_r01	LLU_A__CTCACACCACTTCGAA	CTCACACCACTTCGAA	LLU_A	tumor	0.8	1
LLU_p80_r01	LLU_A__TTCGGTCCAGGAACGT	TTCGGTCCAGGAACGT	LLU_A	tumor	0.8	1
LLU_p80_r01	LLU_A__CTAGCCTAGATACACA	CTAGCCTAGATACACA	LLU_A	tumor	0.8	1
LLU_p80_r01	LLU_A__AAAGATGGTCTCTTAT	AAAGATGGTCTCTTAT	LLU_A	tumor	0.8	1
LLU_p80_r01	LLU_A__TGGCCAGTCTCTAAGG	TGGCCAGTCTCTAAGG	LLU_A	tumor	0.8	1
LLU_p80_r01	LLU_A__GTTAAGCTCTGAAAGA	GTTAAGCTCTGAAAGA	LLU_A	tumor	0.8	1
LLU_p80_r01	LLU_A__GTCACAATCAAACAAG	GTCACAATCAAACAAG	LLU_A	tumor	0.8	1
LLU_p80_r01	LLU_A__AATCCAGAGAGTAAGG	AATCCAGAGAGTAAGG	LLU_A	tumor	0.8	1
LLU_p80_r01	LLU_A__CGAACATAGACTCGGA	CGAACATAGACTCGGA	LLU_A	tumor	0.8	1
LLU_p80_r01	LLU_A__GGATGTTTCAACCAAC	GGATGTTTCAACCAAC	LLU_A	tumor	0.8	1
LLU_p80_r01	LLU_A__AAGGAGCCAACACGCC	AAGGAGCCAACACGCC	LLU_A	tumor	0.8	1
LLU_p80_r01	LLU_A__ATCACGAGTTCCTCCA	ATCACGAGTTCCTCCA	LLU_A	tumor	0.8	1
LLU_p80_r01	LLU_A__GAACATCCAGCTGCAC	GAACATCCAGCTGCAC	LLU_A	tumor	0.8	1
LLU_p80_r01	LLU_A__TACGGTAGTCGAATCT	TACGGTAGTCGAATCT	LLU_A	tumor	0.8	1
LLU_p80_r01	LLU_A__GATCTAGTCAGGCCCA	GATCTAGTCAGGCCCA	LLU_A	tumor	0.8	1
LLU_p80_r01	LLU_A__CTAATGGGTTCGTTGA	CTAATGGGTTCGTTGA	LLU_A	tumor	0.8	1
LLU_p80_r01	LLU_A__ATAAGAGCAGACAAGC	ATAAGAGCAGACAAGC	LLU_A	tumor	0.8	1
LLU_p80_r01	LLU_A__AAGGTTCTCCCAACGG	AAGGTTCTCCCAACGG	LLU_A	tumor	0.8	1
LLU_p80_r01	LLU_A__TTTACTGCAGTCAGCC	TTTACTGCAGTCAGCC	LLU_A	tumor	0.8	1
LLU_p80_r01	LLU_A__CGGAGTCAGAATTCCC	CGGAGTCAGAATTCCC	LLU_A	tumor	0.8	1
LLU_p80_r01	LLU_A__CTACCCAAGCCACGCT	CTACCCAAGCCACGCT	LLU_A	tumor	0.8	1
LLU_p80_r01	LLU_A__GATCAGTCACTGTGTA	GATCAGTCACTGTGTA	LLU_A	tumor	0.8	1
LLU_p80_r01	LLU_A__CCGGTAGCACCAGGCT	CCGGTAGCACCAGGCT	LLU_A	tumor	0.8	1
LLU_p80_r01	LLU_A__GAGCAGATCTTTCCTC	GAGCAGATCTTTCCTC	LLU_A	tumor	0.8	1
LLU_p80_r01	LLU_A__CCCAATCGTCATTAGC	CCCAATCGTCATTAGC	LLU_A	tumor	0.8	1
LLU_p80_r01	LLU_A__CTTGGCTAGGAACTGC	CTTGGCTAGGAACTGC	LLU_A	tumor	0.8	1
LLU_p80_r01	LLU_A__GAAGCAGAGCCTCGTG	GAAGCAGAGCCTCGTG	LLU_A	tumor	0.8	1
LLU_p80_r01	LLU_A__TTCTCCTGTTCACGGC	TTCTCCTGTTCACGGC	LLU_A	tumor	0.8	1
LLU_p80_r01	LLU_A__ACACCAACAAACGCGA	ACACCAACAAACGCGA	LLU_A	tumor	0.8	1
LLU_p80_r01	LLU_A__CCTTCCCCATGCCACG	CCTTCCCCATGCCACG	LLU_A	tumor	0.8	1
LLU_p80_r01	LLU_A__AATCGGTTCAACCAAC	AATCGGTTCAACCAAC	LLU_A	tumor	0.8	1
LLU_p80_r01	LLU_A__GGGAGATTCTTTAGGG	GGGAGATTCTTTAGGG	LLU_A	tumor	0.8	1
LLU_p80_r01	LLU_A__CTTGGCTGTCATGCAT	CTTGGCTGTCATGCAT	LLU_A	tumor	0.8	1
LLU_p80_r01	LLU_A__TCAGCTCTCAACCATG	TCAGCTCTCAACCATG	LLU_A	tumor	0.8	1
LLU_p80_r01	LLU_A__AGAATAGCAGGGCATA	AGAATAGCAGGGCATA	LLU_A	tumor	0.8	1
LLU_p80_r01	LLU_A__TTCGAAGCATGGAATA	TTCGAAGCATGGAATA	LLU_A	tumor	0.8	1
LLU_p80_r01	LLU_A__TAAGTGCCAGACGTAG	TAAGTGCCAGACGTAG	LLU_A	tumor	0.8	1
LLU_p80_r01	LLU_A__AAGGAGCTCGCCAGCA	AAGGAGCTCGCCAGCA	LLU_A	tumor	0.8	1
LLU_p80_r01	LLU_A__TGGTTCCGTAAGTAGT	TGGTTCCGTAAGTAGT	LLU_A	tumor	0.8	1
LLU_p80_r01	LLU_A__CGTCAGGTCGGAAATA	CGTCAGGTCGGAAATA	LLU_A	tumor	0.8	1
LLU_p80_r01	LLU_A__AGCGGTCAGACTGGGT	AGCGGTCAGACTGGGT	LLU_A	tumor	0.8	1
LLU_p80_r01	LLU_A__AATCCAGAGTTGTAGA	AATCCAGAGTTGTAGA	LLU_A	tumor	0.8	1
LLU_p80_r01	LLU_A__CGGTTAAAGACTTTCG	CGGTTAAAGACTTTCG	LLU_A	tumor	0.8	1
LLU_p80_r01	LLU_A__CGGGTCAGTAGAGCTG	CGGGTCAGTAGAGCTG	LLU_A	tumor	0.8	1
LLU_p80_r01	LLU_A__CGATCGGGTGCACCAC	CGATCGGGTGCACCAC	LLU_A	tumor	0.8	1
LLU_p80_r01	LLU_A__CAGCTGGGTTCGAATC	CAGCTGGGTTCGAATC	LLU_A	tumor	0.8	1
LLU_p80_r01	LLU_A__ACATCAGTCGGCTTGG	ACATCAGTCGGCTTGG	LLU_A	tumor	0.8	1
LLU_p80_r01	LLU_A__AGCAGCCGTATGGTTC	AGCAGCCGTATGGTTC	LLU_A	tumor	0.8	1
LLU_p80_r01	LLU_A__AGGCCGTGTAGTGAAT	AGGCCGTGTAGTGAAT	LLU_A	tumor	0.8	1
LLU_p80_r01	LLU_A__TCTGAGAAGTATCGAA	TCTGAGAAGTATCGAA	LLU_A	tumor	0.8	1
LLU_p80_r01	LLU_A__CAGCTGGGTCAAAGCG	CAGCTGGGTCAAAGCG	LLU_A	tumor	0.8	1
LLU_p80_r01	LLU_A__AGAGCGAGTGTCTGAT	AGAGCGAGTGTCTGAT	LLU_A	tumor	0.8	1
LLU_p80_r01	LLU_A__AAAGTAGTCTGAGTGT	AAAGTAGTCTGAGTGT	LLU_A	tumor	0.8	1
LLU_p80_r01	LLU_A__AACTTTCCACATCCAA	AACTTTCCACATCCAA	LLU_A	tumor	0.8	1
LLU_p80_r01	LLU_A__CGATTGACAAGGTTCT	CGATTGACAAGGTTCT	LLU_A	tumor	0.8	1
LLU_p80_r01	LLU_A__TCCACACAGTCAAGGC	TCCACACAGTCAAGGC	LLU_A	tumor	0.8	1
LLU_p80_r01	LLU_A__AACTCCCGTAAGAGAG	AACTCCCGTAAGAGAG	LLU_A	tumor	0.8	1
LLU_p80_r01	LLU_A__CGTGTAAGTCGGGTCT	CGTGTAAGTCGGGTCT	LLU_A	tumor	0.8	1
LLU_p80_r01	LLU_A__GTACTCCCAAACCCAT	GTACTCCCAAACCCAT	LLU_A	tumor	0.8	1
LLU_p80_r01	LLU_A__ATCTACTGTGACTCAT	ATCTACTGTGACTCAT	LLU_A	tumor	0.8	1
LLU_p80_r01	LLU_A__AACTGGTGTAGGGTAC	AACTGGTGTAGGGTAC	LLU_A	tumor	0.8	1
LLU_p80_r01	LLU_A__TGAGAGGAGACTTGAA	TGAGAGGAGACTTGAA	LLU_A	tumor	0.8	1
LLU_p80_r01	LLU_A__CACAGTATCTTGGGTA	CACAGTATCTTGGGTA	LLU_A	tumor	0.8	1
LLU_p80_r01	LLU_A__CAACTAGCATGACGGA	CAACTAGCATGACGGA	LLU_A	tumor	0.8	1
LLU_p80_r01	LLU_A__CGCTTCATCATCGATG	CGCTTCATCATCGATG	LLU_A	tumor	0.8	1
LLU_p80_r01	LLU_A__GCCAAATCAGCTTCGG	GCCAAATCAGCTTCGG	LLU_A	tumor	0.8	1
LLU_p80_r01	LLU_A__TCGCGTTCATGATCCA	TCGCGTTCATGATCCA	LLU_A	tumor	0.8	1
LLU_p80_r01	LLU_A__CCTAAAGCATGAAGTA	CCTAAAGCATGAAGTA	LLU_A	tumor	0.8	1
LLU_p80_r01	LLU_A__AGCGTATTCCTGTACC	AGCGTATTCCTGTACC	LLU_A	tumor	0.8	1
LLU_p80_r01	LLU_A__CATGACACAGATCGGA	CATGACACAGATCGGA	LLU_A	tumor	0.8	1
LLU_p80_r01	LLU_A__GACGTGCGTCCTAGCG	GACGTGCGTCCTAGCG	LLU_A	tumor	0.8	1
LLU_p80_r01	LLU_A__GTAACGTAGGAGCGTT	GTAACGTAGGAGCGTT	LLU_A	tumor	0.8	1
LLU_p80_r01	LLU_A__ACTGCTCTCTTTACAC	ACTGCTCTCTTTACAC	LLU_A	tumor	0.8	1
LLU_p80_r01	LLU_A__ACTTTCAGTCGGGTCT	ACTTTCAGTCGGGTCT	LLU_A	tumor	0.8	1
LLU_p80_r01	LLU_A__CTGATAGGTCCGAATT	CTGATAGGTCCGAATT	LLU_A	tumor	0.8	1
LLU_p80_r01	LLU_A__AAAGATGAGTGGTAGC	AAAGATGAGTGGTAGC	LLU_A	tumor	0.8	1
LLU_p80_r01	LLU_A__CATCAGATCTTTACAC	CATCAGATCTTTACAC	LLU_A	tumor	0.8	1
LLU_p80_r01	LLU_A__GGAACTTCAAAGGAAG	GGAACTTCAAAGGAAG	LLU_A	tumor	0.8	1
LLU_p80_r01	LLU_A__GCGACCAGTGGTGTAG	GCGACCAGTGGTGTAG	LLU_A	tumor	0.8	1
LLU_p80_r01	LLU_A__AGTCTTTAGCGTTCCG	AGTCTTTAGCGTTCCG	LLU_A	tumor	0.8	1
LLU_p80_r01	LLU_A__AAGTCTGGTTCGTCTC	AAGTCTGGTTCGTCTC	LLU_A	tumor	0.8	1
LLU_p80_r01	LLU_A__TGCGCAGTCGGAGCAA	TGCGCAGTCGGAGCAA	LLU_A	tumor	0.8	1
LLU_p80_r01	LLU_A__CGTGTCTCAATGGATA	CGTGTCTCAATGGATA	LLU_A	tumor	0.8	1
LLU_p80_r01	LLU_A__GCTGCAGCACCCTATC	GCTGCAGCACCCTATC	LLU_A	tumor	0.8	1
LLU_p80_r01	LLU_A__TCTTTCCAGGATGGAA	TCTTTCCAGGATGGAA	LLU_A	tumor	0.8	1
LLU_p80_r01	LLU_A__CGTCTACGTCACACGC	CGTCTACGTCACACGC	LLU_A	tumor	0.8	1
LLU_p80_r01	LLU_A__TCGGGACTCATAGCAC	TCGGGACTCATAGCAC	LLU_A	tumor	0.8	1
LLU_p80_r01	LLU_A__AAGGTTCAGTCTCCTC	AAGGTTCAGTCTCCTC	LLU_A	tumor	0.8	1
LLU_p80_r01	LLU_A__TTTGTCACAGCGTCCA	TTTGTCACAGCGTCCA	LLU_A	tumor	0.8	1
LLU_p80_r01	LLU_A__CACCTTGGTTAAGACA	CACCTTGGTTAAGACA	LLU_A	tumor	0.8	1
LLU_p80_r01	LLU_A__AGTCTTTCACGGCGTT	AGTCTTTCACGGCGTT	LLU_A	tumor	0.8	1
LLU_p80_r01	LLU_A__GAATAAGCAAGTTCTG	GAATAAGCAAGTTCTG	LLU_A	tumor	0.8	1
LLU_p80_r01	LLU_A__GACGCGTGTATGAAAC	GACGCGTGTATGAAAC	LLU_A	tumor	0.8	1
LLU_p80_r01	LLU_A__GCTGCGAAGCCACTAT	GCTGCGAAGCCACTAT	LLU_A	tumor	0.8	1
LLU_p80_r01	LLU_A__AGAGTGGGTTACAGAA	AGAGTGGGTTACAGAA	LLU_A	tumor	0.8	1
LLU_p80_r01	LLU_A__AGGGAGTTCTCTGCTG	AGGGAGTTCTCTGCTG	LLU_A	tumor	0.8	1
LLU_p80_r01	LLU_A__GAACCTACATCCTTGC	GAACCTACATCCTTGC	LLU_A	tumor	0.8	1
LLU_p80_r01	LLU_A__CATCAGACAGCCTATA	CATCAGACAGCCTATA	LLU_A	tumor	0.8	1
LLU_p80_r01	LLU_A__ATAACGCCACCTATCC	ATAACGCCACCTATCC	LLU_A	tumor	0.8	1
LLU_p80_r01	LLU_A__GTGCGGTTCGCCAAAT	GTGCGGTTCGCCAAAT	LLU_A	tumor	0.8	1
LLU_p80_r01	LLU_A__TTAGGCATCATGCTCC	TTAGGCATCATGCTCC	LLU_A	tumor	0.8	1
LLU_p80_r01	LLU_A__CCATGTCAGTACCGGA	CCATGTCAGTACCGGA	LLU_A	tumor	0.8	1
LLU_p80_r01	LLU_A__GCTGCAGGTACAGTGG	GCTGCAGGTACAGTGG	LLU_A	tumor	0.8	1
LLU_p80_r01	LLU_A__CGTGAGCTCTCTTGAT	CGTGAGCTCTCTTGAT	LLU_A	tumor	0.8	1
LLU_p80_r01	LLU_A__GCAGTTATCATCATTC	GCAGTTATCATCATTC	LLU_A	tumor	0.8	1
LLU_p80_r01	LLU_A__GGAACTTGTCAGTGGA	GGAACTTGTCAGTGGA	LLU_A	tumor	0.8	1
LLU_p80_r01	LLU_A__TTGACTTCAGTTAACC	TTGACTTCAGTTAACC	LLU_A	tumor	0.8	1
LLU_p80_r01	LLU_A__GCACATAGTAGCGCTC	GCACATAGTAGCGCTC	LLU_A	tumor	0.8	1
LLU_p80_r01	LLU_A__GGACATTGTCCGTGAC	GGACATTGTCCGTGAC	LLU_A	tumor	0.8	1
LLU_p80_r01	LLU_A__TAAGTGCAGCAAATCA	TAAGTGCAGCAAATCA	LLU_A	tumor	0.8	1
LLU_p80_r01	LLU_A__CTCGAAATCGGTGTTA	CTCGAAATCGGTGTTA	LLU_A	tumor	0.8	1
LLU_p80_r01	LLU_A__CGGACTGGTCTGCCAG	CGGACTGGTCTGCCAG	LLU_A	tumor	0.8	1
LLU_p80_r01	LLU_A__ACAGCCGTCACGATGT	ACAGCCGTCACGATGT	LLU_A	tumor	0.8	1
LLU_p80_r01	LLU_A__TGGGAAGGTTCCACGG	TGGGAAGGTTCCACGG	LLU_A	tumor	0.8	1
LLU_p80_r01	LLU_A__TGGTTAGCAAGAGTCG	TGGTTAGCAAGAGTCG	LLU_A	tumor	0.8	1
LLU_p80_r01	LLU_A__GCGCAACCAATCGGTT	GCGCAACCAATCGGTT	LLU_A	tumor	0.8	1
LLU_p80_r01	LLU_A__ACTGATGGTAAAGTCA	ACTGATGGTAAAGTCA	LLU_A	tumor	0.8	1
LLU_p80_r01	LLU_A__CAAGATCGTCATTAGC	CAAGATCGTCATTAGC	LLU_A	tumor	0.8	1
LLU_p80_r01	LLU_A__GCATGTACATTGGCGC	GCATGTACATTGGCGC	LLU_A	tumor	0.8	1
LLU_p80_r01	LLU_A__CTCTACGCAAGGACTG	CTCTACGCAAGGACTG	LLU_A	tumor	0.8	1
LLU_p80_r01	LLU_A__AGTTGGTTCTACTTAC	AGTTGGTTCTACTTAC	LLU_A	tumor	0.8	1
LLU_p80_r01	LLU_A__CTCGGGAAGTCTCCTC	CTCGGGAAGTCTCCTC	LLU_A	tumor	0.8	1
LLU_p80_r01	LLU_A__GCCAAATAGAAGGGTA	GCCAAATAGAAGGGTA	LLU_A	tumor	0.8	1
LLU_p80_r01	LLU_A__CATCGAAAGCTCTCGG	CATCGAAAGCTCTCGG	LLU_A	tumor	0.8	1
LLU_p80_r01	LLU_A__GATCGCGGTCGTGGCT	GATCGCGGTCGTGGCT	LLU_A	tumor	0.8	1
LLU_p80_r01	LLU_A__CACAGGCAGCTGCGAA	CACAGGCAGCTGCGAA	LLU_A	tumor	0.8	1
LLU_p80_r01	LLU_A__CTACATTAGCCTCGTG	CTACATTAGCCTCGTG	LLU_A	tumor	0.8	1
LLU_p80_r01	LLU_A__CGTCCATAGCACGCCT	CGTCCATAGCACGCCT	LLU_A	tumor	0.8	1
LLU_p80_r01	LLU_A__CGAACATGTCGCTTCT	CGAACATGTCGCTTCT	LLU_A	tumor	0.8	1
LLU_p80_r01	LLU_A__TGAGGGATCTGTTGAG	TGAGGGATCTGTTGAG	LLU_A	tumor	0.8	1
LLU_p80_r01	LLU_A__TTGGCAACACGGACAA	TTGGCAACACGGACAA	LLU_A	tumor	0.8	1
LLU_p80_r01	LLU_A__GGGTTGCAGACGCTTT	GGGTTGCAGACGCTTT	LLU_A	tumor	0.8	1
LLU_p80_r01	LLU_A__GTTTCTAGTCCTCCAT	GTTTCTAGTCCTCCAT	LLU_A	tumor	0.8	1
LLU_p80_r01	LLU_A__CAAGTTGGTGTGTGCC	CAAGTTGGTGTGTGCC	LLU_A	tumor	0.8	1
LLU_p80_r01	LLU_A__GTGAAGGAGACACGAC	GTGAAGGAGACACGAC	LLU_A	tumor	0.8	1
LLU_p80_r01	LLU_A__CCTAGCTGTAACGACG	CCTAGCTGTAACGACG	LLU_A	tumor	0.8	1
LLU_p80_r01	LLU_A__GACGGCTGTTCCATGA	GACGGCTGTTCCATGA	LLU_A	tumor	0.8	1
LLU_p80_r01	LLU_A__ACTGCTCTCTGTCTAT	ACTGCTCTCTGTCTAT	LLU_A	tumor	0.8	1
LLU_p80_r01	LLU_A__GGCGACTCAGGCTGAA	GGCGACTCAGGCTGAA	LLU_A	tumor	0.8	1
LLU_p80_r01	LLU_A__GTCATTTTCTTTAGTC	GTCATTTTCTTTAGTC	LLU_A	tumor	0.8	1
LLU_p80_r01	LLU_A__CAGATCACATCGGAAG	CAGATCACATCGGAAG	LLU_A	tumor	0.8	1
LLU_p80_r01	LLU_A__AATCGGTAGGCTACGA	AATCGGTAGGCTACGA	LLU_A	tumor	0.8	1
LLU_p80_r01	LLU_A__CCTACACCATGTCCTC	CCTACACCATGTCCTC	LLU_A	tumor	0.8	1
LLU_p80_r01	LLU_A__GAGTCCGCAGATCGGA	GAGTCCGCAGATCGGA	LLU_A	tumor	0.8	1
LLU_p80_r01	LLU_A__TTAGTTCCATTCCTCG	TTAGTTCCATTCCTCG	LLU_A	tumor	0.8	1
LLU_p80_r01	LLU_A__CTGAAACCATCCGGGT	CTGAAACCATCCGGGT	LLU_A	tumor	0.8	1
LLU_p80_r01	LLU_A__CTCGTACCAATGGATA	CTCGTACCAATGGATA	LLU_A	tumor	0.8	1
LLU_p80_r01	LLU_A__ACGATGTCAGCTGCTG	ACGATGTCAGCTGCTG	LLU_A	tumor	0.8	1
LLU_p80_r01	LLU_A__ACGCCGACAGTAAGAT	ACGCCGACAGTAAGAT	LLU_A	tumor	0.8	1
LLU_p80_r01	LLU_A__CTGAAACGTGTAACGG	CTGAAACGTGTAACGG	LLU_A	tumor	0.8	1
LLU_p80_r01	LLU_A__CTAATGGGTAGCTTGT	CTAATGGGTAGCTTGT	LLU_A	tumor	0.8	1
LLU_p80_r01	LLU_A__TCATTTGTCAGTTCGA	TCATTTGTCAGTTCGA	LLU_A	tumor	0.8	1
LLU_p80_r01	LLU_A__GTACGTAAGTGGACGT	GTACGTAAGTGGACGT	LLU_A	tumor	0.8	1
LLU_p80_r01	LLU_A__GACGTTAAGATCACGG	GACGTTAAGATCACGG	LLU_A	tumor	0.8	1
LLU_p80_r01	LLU_A__TTCTCAAGTATAGGGC	TTCTCAAGTATAGGGC	LLU_A	tumor	0.8	1
LLU_p80_r01	LLU_A__TGGACGCTCTTGTCAT	TGGACGCTCTTGTCAT	LLU_A	tumor	0.8	1
LLU_p80_r01	LLU_A__CCAATCCTCTTGCAAG	CCAATCCTCTTGCAAG	LLU_A	tumor	0.8	1
LLU_p80_r01	LLU_A__ACTGAACGTCCCGACA	ACTGAACGTCCCGACA	LLU_A	tumor	0.8	1
LLU_p80_r01	LLU_A__ACGGAGATCCTCAATT	ACGGAGATCCTCAATT	LLU_A	tumor	0.8	1
LLU_p80_r01	LLU_A__CACAGTATCCGGCACA	CACAGTATCCGGCACA	LLU_A	tumor	0.8	1
LLU_p80_r01	LLU_A__ACTTGTTTCTTGAGGT	ACTTGTTTCTTGAGGT	LLU_A	tumor	0.8	1
LLU_p80_r01	LLU_A__CGTGTCTTCCAGAAGG	CGTGTCTTCCAGAAGG	LLU_A	tumor	0.8	1
LLU_p80_r01	LLU_A__CGTCCATTCTGCTTGC	CGTCCATTCTGCTTGC	LLU_A	tumor	0.8	1
LLU_p80_r01	LLU_A__ATCATCTCAGACAGGT	ATCATCTCAGACAGGT	LLU_A	tumor	0.8	1
LLU_p80_r01	LLU_A__TTAGGCAAGCTCCTTC	TTAGGCAAGCTCCTTC	LLU_A	tumor	0.8	1
LLU_p80_r01	LLU_A__GCAAACTCAGCGATCC	GCAAACTCAGCGATCC	LLU_A	tumor	0.8	1
LLU_p80_r01	LLU_A__TCGAGGCCAGTAGAGC	TCGAGGCCAGTAGAGC	LLU_A	tumor	0.8	1
LLU_p80_r01	LLU_A__CAACCTCCAGTTCCCT	CAACCTCCAGTTCCCT	LLU_A	tumor	0.8	1
LLU_p80_r01	LLU_A__CGATTGAGTCCGAACC	CGATTGAGTCCGAACC	LLU_A	tumor	0.8	1
LLU_p80_r01	LLU_A__TGTGTTTGTTAGAACA	TGTGTTTGTTAGAACA	LLU_A	tumor	0.8	1
LLU_p80_r01	LLU_A__ACACCCTTCCTAGAAC	ACACCCTTCCTAGAAC	LLU_A	tumor	0.8	1
LLU_p80_r01	LLU_A__GCGCAACGTCTACCTC	GCGCAACGTCTACCTC	LLU_A	tumor	0.8	1
LLU_p80_r01	LLU_A__GATCGCGTCTAACTCT	GATCGCGTCTAACTCT	LLU_A	tumor	0.8	1
LLU_p80_r01	LLU_A__ACTGCTCCATGCCTTC	ACTGCTCCATGCCTTC	LLU_A	tumor	0.8	1
LLU_p80_r01	LLU_A__TGGGCGTAGACTAAGT	TGGGCGTAGACTAAGT	LLU_A	tumor	0.8	1
LLU_p80_r01	LLU_A__CCGTACTCAATACGCT	CCGTACTCAATACGCT	LLU_A	tumor	0.8	1
LLU_p80_r01	LLU_A__TCTTCGGGTCAGAATA	TCTTCGGGTCAGAATA	LLU_A	tumor	0.8	1
LLU_p80_r01	LLU_A__CTAACTTAGCGTGAGT	CTAACTTAGCGTGAGT	LLU_A	tumor	0.8	1
LLU_p80_r01	LLU_A__GCTGCGAGTATATCCG	GCTGCGAGTATATCCG	LLU_A	tumor	0.8	1
LLU_p80_r01	LLU_A__GGGTCTGGTGTGAATA	GGGTCTGGTGTGAATA	LLU_A	tumor	0.8	1
LLU_p80_r01	LLU_A__CCTATTAGTGGTCTCG	CCTATTAGTGGTCTCG	LLU_A	tumor	0.8	1
LLU_p80_r01	LLU_A__AACTTTCAGGAGTAGA	AACTTTCAGGAGTAGA	LLU_A	tumor	0.8	1
LLU_p80_r01	LLU_A__GGGTCTGAGCCGATTT	GGGTCTGAGCCGATTT	LLU_A	tumor	0.8	1
LLU_p80_r01	LLU_A__TGTATTCTCTTACCTA	TGTATTCTCTTACCTA	LLU_A	tumor	0.8	1
LLU_p80_r01	LLU_A__TTCTCCTAGTTAGCGG	TTCTCCTAGTTAGCGG	LLU_A	tumor	0.8	1
LLU_p80_r01	LLU_A__AGAATAGGTCATGCCG	AGAATAGGTCATGCCG	LLU_A	tumor	0.8	1
LLU_p80_r01	LLU_A__CGGACTGTCTCTAAGG	CGGACTGTCTCTAAGG	LLU_A	tumor	0.8	1
LLU_p80_r01	LLU_A__AGTAGTCTCAAAGACA	AGTAGTCTCAAAGACA	LLU_A	tumor	0.8	1
LLU_p80_r01	LLU_A__GACGCGTGTGAAGGCT	GACGCGTGTGAAGGCT	LLU_A	tumor	0.8	1
LLU_p80_r01	LLU_A__TGAGAGGCACATTCGA	TGAGAGGCACATTCGA	LLU_A	tumor	0.8	1
LLU_p80_r01	LLU_A__CACAAACTCTCCCTGA	CACAAACTCTCCCTGA	LLU_A	tumor	0.8	1
LLU_p80_r01	LLU_A__TTCTCAACAGACTCGC	TTCTCAACAGACTCGC	LLU_A	tumor	0.8	1
LLU_p80_r01	LLU_A__CAACCAAGTCATACTG	CAACCAAGTCATACTG	LLU_A	tumor	0.8	1
LLU_p80_r01	LLU_A__GCGGGTTTCCCACTTG	GCGGGTTTCCCACTTG	LLU_A	tumor	0.8	1
LLU_p80_r01	LLU_A__CTCTGGTCACGGTAAG	CTCTGGTCACGGTAAG	LLU_A	tumor	0.8	1
LLU_p80_r01	LLU_A__CCAGCGACAAGCTGTT	CCAGCGACAAGCTGTT	LLU_A	tumor	0.8	1
LLU_p80_r01	LLU_A__GTATTCTTCAGGCCCA	GTATTCTTCAGGCCCA	LLU_A	tumor	0.8	1
LLU_p80_r01	LLU_A__TCGCGTTCACATGTGT	TCGCGTTCACATGTGT	LLU_A	tumor	0.8	1
LLU_p80_r01	LLU_A__CAGCTAACATCCGCGA	CAGCTAACATCCGCGA	LLU_A	tumor	0.8	1
LLU_p80_r01	LLU_A__ATCTGCCAGCCACTAT	ATCTGCCAGCCACTAT	LLU_A	tumor	0.8	1
LLU_p80_r01	LLU_A__CGTAGGCTCCACGTGG	CGTAGGCTCCACGTGG	LLU_A	tumor	0.8	1
LLU_p80_r01	LLU_A__CTCTGGTTCCAAGTAC	CTCTGGTTCCAAGTAC	LLU_A	tumor	0.8	1
LLU_p80_r01	LLU_A__CGTGAGCGTGATGATA	CGTGAGCGTGATGATA	LLU_A	tumor	0.8	1
LLU_p80_r01	LLU_A__GCCAAATGTGATAAGT	GCCAAATGTGATAAGT	LLU_A	tumor	0.8	1
LLU_p80_r01	LLU_A__AGAGTGGGTGTGAAAT	AGAGTGGGTGTGAAAT	LLU_A	tumor	0.8	1
LLU_p80_r01	LLU_A__TTAGGACGTCAGCTAT	TTAGGACGTCAGCTAT	LLU_A	tumor	0.8	1
LLU_p80_r01	LLU_A__TAAGCGTGTTAGAACA	TAAGCGTGTTAGAACA	LLU_A	tumor	0.8	1
LLU_p80_r01	LLU_A__TCGTAGAAGCTCTCGG	TCGTAGAAGCTCTCGG	LLU_A	tumor	0.8	1
LLU_p80_r01	LLU_A__TCAGCTCGTCTACCTC	TCAGCTCGTCTACCTC	LLU_A	tumor	0.8	1
LLU_p80_r01	LLU_A__CAACCTCCAAGGTTTC	CAACCTCCAAGGTTTC	LLU_A	tumor	0.8	1
LLU_p80_r01	LLU_A__AAAGTAGTCGCCAGCA	AAAGTAGTCGCCAGCA	LLU_A	tumor	0.8	1
LLU_p80_r01	LLU_A__CAACCTCAGCCGCCTA	CAACCTCAGCCGCCTA	LLU_A	tumor	0.8	1
LLU_p80_r01	LLU_A__TAGTGGTCATGCCCGA	TAGTGGTCATGCCCGA	LLU_A	tumor	0.8	1
LLU_p80_r01	LLU_A__GGGTCTGTCCCTAACC	GGGTCTGTCCCTAACC	LLU_A	tumor	0.8	1
LLU_p80_r01	LLU_A__GGGTTGCTCAAACGGG	GGGTTGCTCAAACGGG	LLU_A	tumor	0.8	1
LLU_p80_r01	LLU_A__TTCGGTCAGTTTAGGA	TTCGGTCAGTTTAGGA	LLU_A	tumor	0.8	1
LLU_p80_r01	LLU_A__CGTGTCTAGGCATTGG	CGTGTCTAGGCATTGG	LLU_A	tumor	0.8	1
LLU_p80_r01	LLU_A__TTGGCAAGTGACCAAG	TTGGCAAGTGACCAAG	LLU_A	tumor	0.8	1
LLU_p80_r01	LLU_A__GAACCTAGTTCTCATT	GAACCTAGTTCTCATT	LLU_A	tumor	0.8	1
LLU_p80_r01	LLU_A__CTCGGGAAGACTTTCG	CTCGGGAAGACTTTCG	LLU_A	tumor	0.8	1
LLU_p80_r01	LLU_A__CGCGTTTCAGATCTGT	CGCGTTTCAGATCTGT	LLU_A	tumor	0.8	1
LLU_p80_r01	LLU_A__AAATGCCTCACGCGGT	AAATGCCTCACGCGGT	LLU_A	tumor	0.8	1
LLU_p80_r01	LLU_A__TGCCAAACAGCTTAAC	TGCCAAACAGCTTAAC	LLU_A	tumor	0.8	1
LLU_p80_r01	LLU_A__TCTTCGGAGTTAAGTG	TCTTCGGAGTTAAGTG	LLU_A	tumor	0.8	1
LLU_p80_r01	LLU_A__CTACATTCAAGCTGTT	CTACATTCAAGCTGTT	LLU_A	tumor	0.8	1
LLU_p80_r01	LLU_A__AGTGGGATCTTGACGA	AGTGGGATCTTGACGA	LLU_A	tumor	0.8	1
LLU_p80_r01	LLU_A__AACCATGAGATCGGGT	AACCATGAGATCGGGT	LLU_A	tumor	0.8	1
LLU_p80_r01	LLU_A__GGTGTTATCTTCATGT	GGTGTTATCTTCATGT	LLU_A	tumor	0.8	1
LLU_p80_r01	LLU_A__GCACATATCGAGAGCA	GCACATATCGAGAGCA	LLU_A	tumor	0.8	1
LLU_p80_r01	LLU_A__GAAATGATCTGTTTGT	GAAATGATCTGTTTGT	LLU_A	tumor	0.8	1
LLU_p80_r01	LLU_A__TCAATCTAGAGTTGGC	TCAATCTAGAGTTGGC	LLU_A	tumor	0.8	1
LLU_p80_r01	LLU_A__GACCAATTCGGAAACG	GACCAATTCGGAAACG	LLU_A	tumor	0.8	1
LLU_p80_r01	LLU_A__TCCACACCACAAGCCC	TCCACACCACAAGCCC	LLU_A	tumor	0.8	1
LLU_p80_r01	LLU_A__GGGACCTCACATCCGG	GGGACCTCACATCCGG	LLU_A	tumor	0.8	1
LLU_p80_r01	LLU_A__CAGTAACAGATCCTGT	CAGTAACAGATCCTGT	LLU_A	tumor	0.8	1
LLU_p80_r01	LLU_A__AGCGTATGTAAGCACG	AGCGTATGTAAGCACG	LLU_A	tumor	0.8	1
LLU_p80_r01	LLU_A__TGACAACAGCTGCGAA	TGACAACAGCTGCGAA	LLU_A	tumor	0.8	1
LLU_p80_r01	LLU_A__CGGACGTAGGGTTCCC	CGGACGTAGGGTTCCC	LLU_A	tumor	0.8	1
LLU_p80_r01	LLU_A__AGGCCACTCTTCATGT	AGGCCACTCTTCATGT	LLU_A	tumor	0.8	1
LLU_p80_r01	LLU_A__TAAACCGCAGGTCTCG	TAAACCGCAGGTCTCG	LLU_A	tumor	0.8	1
LLU_p80_r01	LLU_A__ACTGAGTGTCGAACAG	ACTGAGTGTCGAACAG	LLU_A	tumor	0.8	1
LLU_p80_r01	LLU_A__CTCACACCATCTGGTA	CTCACACCATCTGGTA	LLU_A	tumor	0.8	1
LLU_p80_r01	LLU_A__CCTACCACATCCAACA	CCTACCACATCCAACA	LLU_A	tumor	0.8	1
LLU_p80_r01	LLU_A__CGCGTTTCATGTAGTC	CGCGTTTCATGTAGTC	LLU_A	tumor	0.8	1
LLU_p80_r01	LLU_A__GCTTGAAAGTCAATAG	GCTTGAAAGTCAATAG	LLU_A	tumor	0.8	1
LLU_p80_r01	LLU_A__CATTCGCCAAACGCGA	CATTCGCCAAACGCGA	LLU_A	tumor	0.8	1
LLU_p80_r01	LLU_A__CATATTCCATGACATC	CATATTCCATGACATC	LLU_A	tumor	0.8	1
LLU_p80_r01	LLU_A__TTGCCGTTCGAGGTAG	TTGCCGTTCGAGGTAG	LLU_A	tumor	0.8	1
LLU_p80_r01	LLU_A__GTGCGGTAGTCAATAG	GTGCGGTAGTCAATAG	LLU_A	tumor	0.8	1
LLU_p80_r01	LLU_A__ATGCGATAGACGCACA	ATGCGATAGACGCACA	LLU_A	tumor	0.8	1
LLU_p80_r01	LLU_A__GGAATAACACCCATTC	GGAATAACACCCATTC	LLU_A	tumor	0.8	1
LLU_p80_r01	LLU_A__CCTCTGAGTGCGAAAC	CCTCTGAGTGCGAAAC	LLU_A	tumor	0.8	1
LLU_p80_r01	LLU_A__TTTGGTTTCTTGCCGT	TTTGGTTTCTTGCCGT	LLU_A	tumor	0.8	1
LLU_p80_r01	LLU_A__GTCAAGTAGCTTTGGT	GTCAAGTAGCTTTGGT	LLU_A	tumor	0.8	1
LLU_p80_r01	LLU_A__CTTAGGATCTGCGGCA	CTTAGGATCTGCGGCA	LLU_A	tumor	0.8	1
LLU_p80_r01	LLU_A__GGTGCGTAGAAAGTGG	GGTGCGTAGAAAGTGG	LLU_A	tumor	0.8	1
LLU_p80_r01	LLU_A__TCATTTGTCCAGAGGA	TCATTTGTCCAGAGGA	LLU_A	tumor	0.8	1
LLU_p80_r01	LLU_A__GAGGTGAAGCTTCGCG	GAGGTGAAGCTTCGCG	LLU_A	tumor	0.8	1
LLU_p80_r01	LLU_A__TCGTACCGTATTACCG	TCGTACCGTATTACCG	LLU_A	tumor	0.8	1
LLU_p80_r01	LLU_A__GACTGCGAGAACAATC	GACTGCGAGAACAATC	LLU_A	tumor	0.8	1
LLU_p80_r01	LLU_A__TTCTACAAGTCCATAC	TTCTACAAGTCCATAC	LLU_A	tumor	0.8	1
LLU_p80_r01	LLU_A__GTTTCTAAGTTACGGG	GTTTCTAAGTTACGGG	LLU_A	tumor	0.8	1
LLU_p80_r01	LLU_A__TGGTTCCAGTCCGTAT	TGGTTCCAGTCCGTAT	LLU_A	tumor	0.8	1
LLU_p80_r01	LLU_A__TCGAGGCCAGCCACCA	TCGAGGCCAGCCACCA	LLU_A	tumor	0.8	1
LLU_p80_r01	LLU_A__ACCAGTAGTGCCTGTG	ACCAGTAGTGCCTGTG	LLU_A	tumor	0.8	1
LLU_p80_r01	LLU_A__AACACGTCATAACCTG	AACACGTCATAACCTG	LLU_A	tumor	0.8	1
LLU_p80_r01	LLU_A__GCTGCAGCACGCCAGT	GCTGCAGCACGCCAGT	LLU_A	tumor	0.8	1
LLU_p80_r01	LLU_A__GAAGCAGGTATAGGTA	GAAGCAGGTATAGGTA	LLU_A	tumor	0.8	1
LLU_p80_r01	LLU_A__CCGGGATAGTTCGATC	CCGGGATAGTTCGATC	LLU_A	tumor	0.8	1
LLU_p80_r01	LLU_A__TCGGGACGTATCTGCA	TCGGGACGTATCTGCA	LLU_A	tumor	0.8	1
LLU_p80_r01	LLU_A__GTCACGGGTACCGTTA	GTCACGGGTACCGTTA	LLU_A	tumor	0.8	1
LLU_p80_r01	LLU_A__TCATTTGAGGCTACGA	TCATTTGAGGCTACGA	LLU_A	tumor	0.8	1
LLU_p80_r01	LLU_A__TCTTCGGCATTGCGGC	TCTTCGGCATTGCGGC	LLU_A	tumor	0.8	1
LLU_p80_r01	LLU_A__ACACCAAAGAAGGTGA	ACACCAAAGAAGGTGA	LLU_A	tumor	0.8	1
LLU_p80_r01	LLU_A__CAGTCCTGTTCCGGCA	CAGTCCTGTTCCGGCA	LLU_A	tumor	0.8	1
LLU_p80_r01	LLU_A__GTCGGGTCAAACCCAT	GTCGGGTCAAACCCAT	LLU_A	tumor	0.8	1
LLU_p80_r01	LLU_A__GGAACTTGTACCGTAT	GGAACTTGTACCGTAT	LLU_A	tumor	0.8	1
LLU_p80_r01	LLU_A__ATAGACCGTCACCTAA	ATAGACCGTCACCTAA	LLU_A	tumor	0.8	1
LLU_p80_r01	LLU_A__TCCCGATCAATGTTGC	TCCCGATCAATGTTGC	LLU_A	tumor	0.8	1
LLU_p80_r01	LLU_A__GTGTGCGAGGGATGGG	GTGTGCGAGGGATGGG	LLU_A	tumor	0.8	1
LLU_p80_r01	LLU_A__CGTTCTGGTGAGTATA	CGTTCTGGTGAGTATA	LLU_A	tumor	0.8	1
LLU_p80_r01	LLU_A__CCACGGATCGAGAGCA	CCACGGATCGAGAGCA	LLU_A	tumor	0.8	1
LLU_p80_r01	LLU_A__AGAGTGGCACGACTCG	AGAGTGGCACGACTCG	LLU_A	tumor	0.8	1
LLU_p80_r01	LLU_A__AAGCCGCGTTCTGAAC	AAGCCGCGTTCTGAAC	LLU_A	tumor	0.8	1
LLU_p80_r01	LLU_A__AAAGTAGAGGACAGCT	AAAGTAGAGGACAGCT	LLU_A	tumor	0.8	1
LLU_p80_r01	LLU_A__CACATTTCATCTCCCA	CACATTTCATCTCCCA	LLU_A	tumor	0.8	1
LLU_p80_r01	LLU_A__TAAACCGAGCCTTGAT	TAAACCGAGCCTTGAT	LLU_A	tumor	0.8	1
LLU_p80_r01	LLU_A__CACTCCATCATGCATG	CACTCCATCATGCATG	LLU_A	tumor	0.8	1
LLU_p80_r01	LLU_A__TGAGCCGGTCGGCTCA	TGAGCCGGTCGGCTCA	LLU_A	tumor	0.8	1
LLU_p80_r01	LLU_A__CCTTACGAGGGATGGG	CCTTACGAGGGATGGG	LLU_A	tumor	0.8	1
LLU_p80_r01	LLU_A__GCAGTTAAGAGTCGGT	GCAGTTAAGAGTCGGT	LLU_A	tumor	0.8	1
LLU_p80_r01	LLU_A__AGTGAGGGTACAGTGG	AGTGAGGGTACAGTGG	LLU_A	tumor	0.8	1
LLU_p80_r01	LLU_A__CGTCTACTCTGGTGTA	CGTCTACTCTGGTGTA	LLU_A	tumor	0.8	1
LLU_p80_r01	LLU_A__CCCAGTTAGTTGAGAT	CCCAGTTAGTTGAGAT	LLU_A	tumor	0.8	1
LLU_p80_r01	LLU_A__CTAATGGTCGCGGATC	CTAATGGTCGCGGATC	LLU_A	tumor	0.8	1
LLU_p80_r01	LLU_A__TGCGGGTCACGAAAGC	TGCGGGTCACGAAAGC	LLU_A	tumor	0.8	1
LLU_p80_r01	LLU_A__CAAGAAATCTTGAGGT	CAAGAAATCTTGAGGT	LLU_A	tumor	0.8	1
LLU_p80_r01	LLU_A__GGACATTCAGACGCTC	GGACATTCAGACGCTC	LLU_A	tumor	0.8	1
LLU_p80_r01	LLU_A__ACAGCTATCAAAGACA	ACAGCTATCAAAGACA	LLU_A	tumor	0.8	1
LLU_p80_r01	LLU_A__GCTCTGTTCACCACCT	GCTCTGTTCACCACCT	LLU_A	tumor	0.8	1
LLU_p80_r01	LLU_A__TATTACCTCTCAAGTG	TATTACCTCTCAAGTG	LLU_A	tumor	0.8	1
LLU_p80_r01	LLU_A__CATGACATCACAACGT	CATGACATCACAACGT	LLU_A	tumor	0.8	1
LLU_p80_r01	LLU_A__AGTTGGTTCGGAAATA	AGTTGGTTCGGAAATA	LLU_A	tumor	0.8	1
LLU_p80_r01	LLU_A__CAGCTAAAGTGTGAAT	CAGCTAAAGTGTGAAT	LLU_A	tumor	0.8	1
LLU_p80_r01	LLU_A__GTGCTTCTCGAACGGA	GTGCTTCTCGAACGGA	LLU_A	tumor	0.8	1
LLU_p80_r01	LLU_A__GATCTAGAGACGCACA	GATCTAGAGACGCACA	LLU_A	tumor	0.8	1
LLU_p80_r01	LLU_A__GCCAAATTCTGAAAGA	GCCAAATTCTGAAAGA	LLU_A	tumor	0.8	1
LLU_p80_r01	LLU_A__CCGTGGAAGCGTCTAT	CCGTGGAAGCGTCTAT	LLU_A	tumor	0.8	1
LLU_p80_r01	LLU_A__TGCCCTAGTTGTCGCG	TGCCCTAGTTGTCGCG	LLU_A	tumor	0.8	1
LLU_p80_r01	LLU_A__CGTTAGAGTCGGCATC	CGTTAGAGTCGGCATC	LLU_A	tumor	0.8	1
LLU_p80_r01	LLU_A__CGCTTCAAGTCTCGGC	CGCTTCAAGTCTCGGC	LLU_A	tumor	0.8	1
LLU_p80_r01	LLU_A__GGACATTGTCACACGC	GGACATTGTCACACGC	LLU_A	tumor	0.8	1
LLU_p80_r01	LLU_A__TTGTAGGCACCCATTC	TTGTAGGCACCCATTC	LLU_A	tumor	0.8	1
LLU_p80_r01	LLU_A__TCATTACGTTGATTGC	TCATTACGTTGATTGC	LLU_A	tumor	0.8	1
LLU_p80_r01	LLU_A__CTAGAGTTCCCAACGG	CTAGAGTTCCCAACGG	LLU_A	tumor	0.8	1
LLU_p80_r01	LLU_A__TATTACCTCCTGCAGG	TATTACCTCCTGCAGG	LLU_A	tumor	0.8	1
LLU_p80_r01	LLU_A__CCTTTCTTCACTCTTA	CCTTTCTTCACTCTTA	LLU_A	tumor	0.8	1
LLU_p80_r01	LLU_A__GTTCGGGGTTGTGGCC	GTTCGGGGTTGTGGCC	LLU_A	tumor	0.8	1
LLU_p80_r01	LLU_A__AGCTCTCTCCCTTGCA	AGCTCTCTCCCTTGCA	LLU_A	tumor	0.8	1
LLU_p80_r01	LLU_A__AGTCTTTCAGTGGAGT	AGTCTTTCAGTGGAGT	LLU_A	tumor	0.8	1
LLU_p80_r01	LLU_A__ACAGCTATCACGACTA	ACAGCTATCACGACTA	LLU_A	tumor	0.8	1
LLU_p80_r01	LLU_A__AGGTCATTCCCGGATG	AGGTCATTCCCGGATG	LLU_A	tumor	0.8	1
LLU_p80_r01	LLU_A__GGGTTGCAGTGGTCCC	GGGTTGCAGTGGTCCC	LLU_A	tumor	0.8	1
LLU_p80_r01	LLU_A__CGGCTAGTCATCGATG	CGGCTAGTCATCGATG	LLU_A	tumor	0.8	1
LLU_p80_r01	LLU_A__GGTGAAGCAACTTGAC	GGTGAAGCAACTTGAC	LLU_A	tumor	0.8	1
LLU_p80_r01	LLU_A__AACGTTGCAGGGAGAG	AACGTTGCAGGGAGAG	LLU_A	tumor	0.8	1
LLU_p80_r01	LLU_A__CTCGGGAAGGTGACCA	CTCGGGAAGGTGACCA	LLU_A	tumor	0.8	1
LLU_p80_r01	LLU_A__GAACCTAGTTCCCTTG	GAACCTAGTTCCCTTG	LLU_A	tumor	0.8	1
LLU_p80_r01	LLU_A__CTGGTCTAGCTCTCGG	CTGGTCTAGCTCTCGG	LLU_A	tumor	0.8	1
LLU_p80_r01	LLU_A__GTACTCCTCACGATGT	GTACTCCTCACGATGT	LLU_A	tumor	0.8	1
LLU_p80_r01	LLU_A__GACTAACGTCTAGCGC	GACTAACGTCTAGCGC	LLU_A	tumor	0.8	1
LLU_p80_r01	LLU_A__TTTGCGCTCCAAGCCG	TTTGCGCTCCAAGCCG	LLU_A	tumor	0.8	1
LLU_p80_r01	LLU_A__GGGAGATCAGCATGAG	GGGAGATCAGCATGAG	LLU_A	tumor	0.8	1
LLU_p80_r01	LLU_A__CTGCGGATCCCTGACT	CTGCGGATCCCTGACT	LLU_A	tumor	0.8	1
LLU_p80_r01	LLU_A__TAGTTGGAGCTAGGCA	TAGTTGGAGCTAGGCA	LLU_A	tumor	0.8	1
LLU_p80_r01	LLU_A__TTCCCAGAGCGCTCCA	TTCCCAGAGCGCTCCA	LLU_A	tumor	0.8	1
LLU_p80_r01	LLU_A__AGTGGGATCCGCGCAA	AGTGGGATCCGCGCAA	LLU_A	tumor	0.8	1
LLU_p80_r01	LLU_A__GAATGAAAGGCCATAG	GAATGAAAGGCCATAG	LLU_A	tumor	0.8	1
LLU_p80_r01	LLU_A__CTGCCTACAAACCCAT	CTGCCTACAAACCCAT	LLU_A	tumor	0.8	1
LLU_p80_r01	LLU_A__CATGACAAGTTCGCAT	CATGACAAGTTCGCAT	LLU_A	tumor	0.8	1
LLU_p80_r01	LLU_A__ACTGTCCCATTCGACA	ACTGTCCCATTCGACA	LLU_A	tumor	0.8	1
LLU_p80_r01	LLU_A__TTTGTCAAGGCAGGTT	TTTGTCAAGGCAGGTT	LLU_A	tumor	0.8	1
LLU_p80_r01	LLU_A__GGCGTGTGTTCGCTAA	GGCGTGTGTTCGCTAA	LLU_A	tumor	0.8	1
LLU_p80_r01	LLU_A__CTGAAGTGTACAAGTA	CTGAAGTGTACAAGTA	LLU_A	tumor	0.8	1
LLU_p80_r01	LLU_A__ACTATCTAGAAGCCCA	ACTATCTAGAAGCCCA	LLU_A	tumor	0.8	1
LLU_p80_r01	LLU_A__AACTTTCTCCATGAGT	AACTTTCTCCATGAGT	LLU_A	tumor	0.8	1
LLU_p80_r01	LLU_A__ACACTGACATCCAACA	ACACTGACATCCAACA	LLU_A	tumor	0.8	1
LLU_p80_r01	LLU_A__TTCTCAAAGGCAATTA	TTCTCAAAGGCAATTA	LLU_A	tumor	0.8	1
LLU_p80_r01	LLU_A__TCGCGAGTCATAACCG	TCGCGAGTCATAACCG	LLU_A	tumor	0.8	1
LLU_p80_r01	LLU_A__AGTAGTCTCAGTGTTG	AGTAGTCTCAGTGTTG	LLU_A	tumor	0.8	1
LLU_p80_r01	LLU_A__GTTAAGCCACAAGTAA	GTTAAGCCACAAGTAA	LLU_A	tumor	0.8	1
LLU_p80_r01	LLU_A__CGTCTACTCAGTTGAC	CGTCTACTCAGTTGAC	LLU_A	tumor	0.8	1
LLU_p80_r01	LLU_A__TCGGTAAGTCCCTTGT	TCGGTAAGTCCCTTGT	LLU_A	tumor	0.8	1
LLU_p80_r01	LLU_A__CTCTGGTAGCTCCTCT	CTCTGGTAGCTCCTCT	LLU_A	tumor	0.8	1
LLU_p80_r01	LLU_A__ACTGAACAGGCATGTG	ACTGAACAGGCATGTG	LLU_A	tumor	0.8	1
LLU_p80_r01	LLU_A__ACCGTAAGTCGATTGT	ACCGTAAGTCGATTGT	LLU_A	tumor	0.8	1
LLU_p80_r01	LLU_A__ACTGAGTCACAAGACG	ACTGAGTCACAAGACG	LLU_A	tumor	0.8	1
LLU_p80_r01	LLU_A__GCGAGAACATTTGCTT	GCGAGAACATTTGCTT	LLU_A	tumor	0.8	1
LLU_p80_r01	LLU_A__TGAGAGGTCCTCAATT	TGAGAGGTCCTCAATT	LLU_A	tumor	0.8	1
LLU_p80_r01	LLU_A__GCATGCGGTATCACCA	GCATGCGGTATCACCA	LLU_A	tumor	0.8	1
LLU_p80_r01	LLU_A__CACCACTTCCGCTGTT	CACCACTTCCGCTGTT	LLU_A	tumor	0.8	1
LLU_p80_r01	LLU_A__ATCATCTTCACGATGT	ATCATCTTCACGATGT	LLU_A	tumor	0.8	1
LLU_p80_r01	LLU_A__CTCGTCAAGCCCTAAT	CTCGTCAAGCCCTAAT	LLU_A	tumor	0.8	1
LLU_p80_r01	LLU_A__GGCTCGACATTAGGCT	GGCTCGACATTAGGCT	LLU_A	tumor	0.8	1
LLU_p80_r01	LLU_A__AGTAGTCAGGACAGAA	AGTAGTCAGGACAGAA	LLU_A	tumor	0.8	1
LLU_p80_r01	LLU_A__CACACAAAGAGCTGGT	CACACAAAGAGCTGGT	LLU_A	tumor	0.8	1
LLU_p80_r01	LLU_A__TCATTTGGTTGGACCC	TCATTTGGTTGGACCC	LLU_A	tumor	0.8	1
LLU_p80_r01	LLU_A__TCATTTGCAAGGACTG	TCATTTGCAAGGACTG	LLU_A	tumor	0.8	1
LLU_p80_r01	LLU_A__ACGCCGACACATGACT	ACGCCGACACATGACT	LLU_A	tumor	0.8	1
LLU_p80_r01	LLU_A__GGACAAGGTGCACCAC	GGACAAGGTGCACCAC	LLU_A	tumor	0.8	1
LLU_p80_r01	LLU_A__GAGCAGAAGCCATCGC	GAGCAGAAGCCATCGC	LLU_A	tumor	0.8	1
LLU_p80_r01	LLU_A__GAAGCAGAGGACAGAA	GAAGCAGAGGACAGAA	LLU_A	tumor	0.8	1
LLU_p80_r01	LLU_A__AGGTCATGTTTAAGCC	AGGTCATGTTTAAGCC	LLU_A	tumor	0.8	1
LLU_p80_r01	LLU_A__GGGACCTTCTTGTCAT	GGGACCTTCTTGTCAT	LLU_A	tumor	0.8	1
LLU_p80_r01	LLU_A__GGGCACTGTGTAAGTA	GGGCACTGTGTAAGTA	LLU_A	tumor	0.8	1
LLU_p80_r01	LLU_A__TAGCCGGTCATTGCCC	TAGCCGGTCATTGCCC	LLU_A	tumor	0.8	1
LLU_p80_r01	LLU_A__GGGCATCTCCTCTAGC	GGGCATCTCCTCTAGC	LLU_A	tumor	0.8	1
LLU_p80_r01	LLU_A__GTAGGCCAGGTGCACA	GTAGGCCAGGTGCACA	LLU_A	tumor	0.8	1
LLU_p80_r01	LLU_A__CAGCCGACACGTTGGC	CAGCCGACACGTTGGC	LLU_A	tumor	0.8	1
LLU_p80_r01	LLU_A__TGACTAGGTCATATCG	TGACTAGGTCATATCG	LLU_A	tumor	0.8	1
LLU_p80_r01	LLU_A__GAACATCAGAGGTTGC	GAACATCAGAGGTTGC	LLU_A	tumor	0.8	1
LLU_p80_r01	LLU_A__TGAGCATAGGCCCTTG	TGAGCATAGGCCCTTG	LLU_A	tumor	0.8	1
LLU_p80_r01	LLU_A__CAGATCACATCACGTA	CAGATCACATCACGTA	LLU_A	tumor	0.8	1
LLU_p80_r01	LLU_A__GTACTCCAGGCGATAC	GTACTCCAGGCGATAC	LLU_A	tumor	0.8	1
LLU_p80_r01	LLU_A__CGGACTGAGTATTGGA	CGGACTGAGTATTGGA	LLU_A	tumor	0.8	1
LLU_p80_r01	LLU_A__GTACTTTAGGCTAGGT	GTACTTTAGGCTAGGT	LLU_A	tumor	0.8	1
LLU_p80_r01	LLU_A__TACGGTATCCGTAGGC	TACGGTATCCGTAGGC	LLU_A	tumor	0.8	1
LLU_p80_r01	LLU_A__CGCTATCAGCCCTAAT	CGCTATCAGCCCTAAT	LLU_A	tumor	0.8	1
LLU_p80_r01	LLU_A__CCTTCCCTCAATAAGG	CCTTCCCTCAATAAGG	LLU_A	tumor	0.8	1
LLU_p80_r01	LLU_A__TACACGAAGACTAAGT	TACACGAAGACTAAGT	LLU_A	tumor	0.8	1
LLU_p80_r01	LLU_A__CTACGTCCATGAACCT	CTACGTCCATGAACCT	LLU_A	tumor	0.8	1
LLU_p80_r01	LLU_A__GATGCTACAGGGTTAG	GATGCTACAGGGTTAG	LLU_A	tumor	0.8	1
LLU_p80_r01	LLU_A__CATTATCTCTACTTAC	CATTATCTCTACTTAC	LLU_A	tumor	0.8	1
LLU_p80_r01	LLU_A__ATCTACTGTGATAAAC	ATCTACTGTGATAAAC	LLU_A	tumor	0.8	1
LLU_p80_r01	LLU_A__TGAAAGACAAACTGTC	TGAAAGACAAACTGTC	LLU_A	tumor	0.8	1
LLU_p80_r01	LLU_A__CACACCTCACTGTGTA	CACACCTCACTGTGTA	LLU_A	tumor	0.8	1
LLU_p80_r01	LLU_A__TCGGGACTCTTCTGGC	TCGGGACTCTTCTGGC	LLU_A	tumor	0.8	1
LLU_p80_r01	LLU_A__TAGCCGGCAAGGTGTG	TAGCCGGCAAGGTGTG	LLU_A	tumor	0.8	1
LLU_p80_r01	LLU_A__TGCACCTCAATGGAGC	TGCACCTCAATGGAGC	LLU_A	tumor	0.8	1
LLU_p80_r01	LLU_A__TGAGCCGCAACTGCGC	TGAGCCGCAACTGCGC	LLU_A	tumor	0.8	1
LLU_p80_r01	LLU_A__TGCCCATCAAAGGTGC	TGCCCATCAAAGGTGC	LLU_A	tumor	0.8	1
LLU_p80_r01	LLU_A__CGATGTATCCGAAGAG	CGATGTATCCGAAGAG	LLU_A	tumor	0.8	1
LLU_p80_r01	LLU_A__GCTGCGAAGACAGACC	GCTGCGAAGACAGACC	LLU_A	tumor	0.8	1
LLU_p80_r01	LLU_A__ATTTCTGAGCACCGCT	ATTTCTGAGCACCGCT	LLU_A	tumor	0.8	1
LLU_p80_r01	LLU_A__TCGCGTTTCATCTGCC	TCGCGTTTCATCTGCC	LLU_A	tumor	0.8	1
LLU_p80_r01	LLU_A__AAACCTGGTGCAGTAG	AAACCTGGTGCAGTAG	LLU_A	tumor	0.8	1
LLU_p80_r01	LLU_A__TGAGCCGAGAAGGGTA	TGAGCCGAGAAGGGTA	LLU_A	tumor	0.8	1
LLU_p80_r01	LLU_A__ACTATCTTCCTGCAGG	ACTATCTTCCTGCAGG	LLU_A	tumor	0.8	1
LLU_p80_r01	LLU_A__GAACCTACATACTCTT	GAACCTACATACTCTT	LLU_A	tumor	0.8	1
LLU_p80_r01	LLU_A__TTAGTTCAGCCCTAAT	TTAGTTCAGCCCTAAT	LLU_A	tumor	0.8	1
LLU_p80_r01	LLU_A__CGGGTCACAATACGCT	CGGGTCACAATACGCT	LLU_A	tumor	0.8	1
LLU_p80_r01	LLU_A__GGACAAGTCTACTCAT	GGACAAGTCTACTCAT	LLU_A	tumor	0.8	1
LLU_p80_r01	LLU_A__TCGGGACCATAAGACA	TCGGGACCATAAGACA	LLU_A	tumor	0.8	1
LLU_p80_r01	LLU_A__AACTCAGCAAGGGTCA	AACTCAGCAAGGGTCA	LLU_A	tumor	0.8	1
LLU_p80_r01	LLU_A__ACCTTTAAGGAATCGC	ACCTTTAAGGAATCGC	LLU_A	tumor	0.8	1
LLU_p80_r01	LLU_A__CACATTTGTCATATGC	CACATTTGTCATATGC	LLU_A	tumor	0.8	1
LLU_p80_r01	LLU_A__CACTCCACATCTATGG	CACTCCACATCTATGG	LLU_A	tumor	0.8	1
LLU_p80_r01	LLU_A__TGTTCCGCAAGCGATG	TGTTCCGCAAGCGATG	LLU_A	tumor	0.8	1
LLU_p80_r01	LLU_A__ATCCACCCATAACCTG	ATCCACCCATAACCTG	LLU_A	tumor	0.8	1
LLU_p80_r01	LLU_A__AACACGTCATGGTAGG	AACACGTCATGGTAGG	LLU_A	tumor	0.8	1
LLU_p80_r01	LLU_A__AGGGATGGTGCATCTA	AGGGATGGTGCATCTA	LLU_A	tumor	0.8	1
LLU_p80_r01	LLU_A__TCAGGTAAGAATAGGG	TCAGGTAAGAATAGGG	LLU_A	tumor	0.8	1
LLU_p80_r01	LLU_A__GTGTGCGTCTTGCATT	GTGTGCGTCTTGCATT	LLU_A	tumor	0.8	1
LLU_p80_r01	LLU_A__CGGGTCACAATGAATG	CGGGTCACAATGAATG	LLU_A	tumor	0.8	1
LLU_p80_r01	LLU_A__GTCTCGTGTGTTAAGA	GTCTCGTGTGTTAAGA	LLU_A	tumor	0.8	1
LLU_p80_r01	LLU_A__GGATGTTCAGATCGGA	GGATGTTCAGATCGGA	LLU_A	tumor	0.8	1
LLU_p80_r01	LLU_A__ATCTACTGTGTGGCTC	ATCTACTGTGTGGCTC	LLU_A	tumor	0.8	1
LLU_p80_r01	LLU_A__TCTATTGTCCTTCAAT	TCTATTGTCCTTCAAT	LLU_A	tumor	0.8	1
LLU_p80_r01	LLU_A__GTGGGTCTCAAAGACA	GTGGGTCTCAAAGACA	LLU_A	tumor	0.8	1
LLU_p80_r01	LLU_A__ATAAGAGGTGATAAGT	ATAAGAGGTGATAAGT	LLU_A	tumor	0.8	1
LLU_p80_r01	LLU_A__GTCATTTAGAGCTGCA	GTCATTTAGAGCTGCA	LLU_A	tumor	0.8	1
LLU_p80_r01	LLU_A__CATCGGGGTACTTAGC	CATCGGGGTACTTAGC	LLU_A	tumor	0.8	1
LLU_p80_r01	LLU_A__CAGCGACCACCAGGTC	CAGCGACCACCAGGTC	LLU_A	tumor	0.8	1
LLU_p80_r01	LLU_A__CGTCAGGAGCGTTTAC	CGTCAGGAGCGTTTAC	LLU_A	tumor	0.8	1
LLU_p80_r01	LLU_A__CTCACACTCATCGCTC	CTCACACTCATCGCTC	LLU_A	tumor	0.8	1
LLU_p80_r01	LLU_A__CACACTCAGTGTTGAA	CACACTCAGTGTTGAA	LLU_A	tumor	0.8	1
LLU_p80_r01	LLU_A__GCGGGTTTCGCCAAAT	GCGGGTTTCGCCAAAT	LLU_A	tumor	0.8	1
LLU_p80_r01	LLU_A__TCACGAAGTCATATGC	TCACGAAGTCATATGC	LLU_A	tumor	0.8	1
LLU_p80_r01	LLU_A__AGAATAGAGATGTTAG	AGAATAGAGATGTTAG	LLU_A	tumor	0.8	1
LLU_p80_r01	LLU_A__CTGCCTAGTTCGGGCT	CTGCCTAGTTCGGGCT	LLU_A	tumor	0.8	1
LLU_p80_r01	LLU_A__GCATACAAGAGATGAG	GCATACAAGAGATGAG	LLU_A	tumor	0.8	1
LLU_p80_r01	LLU_A__AACTCTTCAGACGCTC	AACTCTTCAGACGCTC	LLU_A	tumor	0.8	1
LLU_p80_r01	LLU_A__CGATTGAGTAAGCACG	CGATTGAGTAAGCACG	LLU_A	tumor	0.8	1
LLU_p80_r01	LLU_A__CTCGGGACATCGACGC	CTCGGGACATCGACGC	LLU_A	tumor	0.8	1
LLU_p80_r01	LLU_A__AGCGTATGTAAGAGGA	AGCGTATGTAAGAGGA	LLU_A	tumor	0.8	1
LLU_p80_r01	LLU_A__GGAAAGCCATACGCTA	GGAAAGCCATACGCTA	LLU_A	tumor	0.8	1
LLU_p80_r01	LLU_A__TTAGGACAGAGCTGCA	TTAGGACAGAGCTGCA	LLU_A	tumor	0.8	1
LLU_p80_r01	LLU_A__GAACGGAGTCTGATCA	GAACGGAGTCTGATCA	LLU_A	tumor	0.8	1
LLU_p80_r01	LLU_A__ATAACGCTCAGGCAAG	ATAACGCTCAGGCAAG	LLU_A	tumor	0.8	1
LLU_p80_r01	LLU_A__ACGATACCACGCATCG	ACGATACCACGCATCG	LLU_A	tumor	0.8	1
LLU_p80_r01	LLU_A__GTAACGTAGTTTGCGT	GTAACGTAGTTTGCGT	LLU_A	tumor	0.8	1
LLU_p80_r01	LLU_A__ACGGCCAAGGTGTGGT	ACGGCCAAGGTGTGGT	LLU_A	tumor	0.8	1
LLU_p80_r01	LLU_A__CTCGAAAAGAACTGTA	CTCGAAAAGAACTGTA	LLU_A	tumor	0.8	1
LLU_p80_r01	LLU_A__GGACGTCCAAGCCGCT	GGACGTCCAAGCCGCT	LLU_A	tumor	0.8	1
LLU_p80_r01	LLU_A__TATCTCACACTCGACG	TATCTCACACTCGACG	LLU_A	tumor	0.8	1
LLU_p80_r01	LLU_A__TGGTTAGGTTATTCTC	TGGTTAGGTTATTCTC	LLU_A	tumor	0.8	1
LLU_p80_r01	LLU_A__GTCCTCAGTTGCTCCT	GTCCTCAGTTGCTCCT	LLU_A	tumor	0.8	1
LLU_p80_r01	LLU_A__GCTGCAGCATGAAGTA	GCTGCAGCATGAAGTA	LLU_A	tumor	0.8	1
LLU_p80_r01	LLU_A__GTGCATACATCCGCGA	GTGCATACATCCGCGA	LLU_A	tumor	0.8	1
LLU_p80_r01	LLU_A__TCGGGACGTAATCGTC	TCGGGACGTAATCGTC	LLU_A	tumor	0.8	1
LLU_p80_r01	LLU_A__GTCTCGTTCACTTACT	GTCTCGTTCACTTACT	LLU_A	tumor	0.8	1
LLU_p80_r01	LLU_A__CAGAATCAGAGGACGG	CAGAATCAGAGGACGG	LLU_A	tumor	0.8	1
LLU_p80_r01	LLU_A__CCTCAGTCAAGACGTG	CCTCAGTCAAGACGTG	LLU_A	tumor	0.8	1
LLU_p80_r01	LLU_A__TATCAGGCATGCGCAC	TATCAGGCATGCGCAC	LLU_A	tumor	0.8	1
LLU_p80_r01	LLU_A__TCTTCGGGTCAGAGGT	TCTTCGGGTCAGAGGT	LLU_A	tumor	0.8	1
LLU_p80_r01	LLU_A__ACGCAGCAGGTGGGTT	ACGCAGCAGGTGGGTT	LLU_A	tumor	0.8	1
LLU_p80_r01	LLU_A__TTTCCTCTCGCAAACT	TTTCCTCTCGCAAACT	LLU_A	tumor	0.8	1
LLU_p80_r01	LLU_A__CCGGGATGTTTGGCGC	CCGGGATGTTTGGCGC	LLU_A	tumor	0.8	1
LLU_p80_r01	LLU_A__GAATGAAGTGATGTCT	GAATGAAGTGATGTCT	LLU_A	tumor	0.8	1
LLU_p80_r01	LLU_A__CGAACATGTCGCCATG	CGAACATGTCGCCATG	LLU_A	tumor	0.8	1
LLU_p80_r01	LLU_A__AACTCCCTCTATCCCG	AACTCCCTCTATCCCG	LLU_A	tumor	0.8	1
LLU_p80_r01	LLU_A__ATTTCTGTCGCCGTGA	ATTTCTGTCGCCGTGA	LLU_A	tumor	0.8	1
LLU_p80_r01	LLU_A__CGCCAAGAGAGTAATC	CGCCAAGAGAGTAATC	LLU_A	tumor	0.8	1
LLU_p80_r01	LLU_A__CAAGAAACACAGTCGC	CAAGAAACACAGTCGC	LLU_A	tumor	0.8	1
LLU_p80_r01	LLU_A__GACAGAGCAGCTGGCT	GACAGAGCAGCTGGCT	LLU_A	tumor	0.8	1
LLU_p80_r01	LLU_A__ATGGGAGAGGTCGGAT	ATGGGAGAGGTCGGAT	LLU_A	tumor	0.8	1
LLU_p80_r01	LLU_A__CCTATTATCACAATGC	CCTATTATCACAATGC	LLU_A	tumor	0.8	1
LLU_p80_r01	LLU_A__TTTATGCTCTCTTATG	TTTATGCTCTCTTATG	LLU_A	tumor	0.8	1
LLU_p80_r01	LLU_A__GACCTGGCAGATTGCT	GACCTGGCAGATTGCT	LLU_A	tumor	0.8	1
LLU_p80_r01	LLU_A__CCGTACTTCATTATCC	CCGTACTTCATTATCC	LLU_A	tumor	0.8	1
LLU_p80_r01	LLU_A__CGTCCATAGTATTGGA	CGTCCATAGTATTGGA	LLU_A	tumor	0.8	1
LLU_p80_r01	LLU_A__CATATGGTCGTTGCCT	CATATGGTCGTTGCCT	LLU_A	tumor	0.8	1
LLU_p80_r01	LLU_A__CGATCGGAGTAGCCGA	CGATCGGAGTAGCCGA	LLU_A	tumor	0.8	1
LLU_p80_r01	LLU_A__TTCGAAGCATCCTTGC	TTCGAAGCATCCTTGC	LLU_A	tumor	0.8	1
LLU_p80_r01	LLU_A__TGTGTTTCATGCGCAC	TGTGTTTCATGCGCAC	LLU_A	tumor	0.8	1
LLU_p80_r01	LLU_A__GTTAAGCAGTTAAGTG	GTTAAGCAGTTAAGTG	LLU_A	tumor	0.8	1
LLU_p80_r01	LLU_A__GTGCTTCTCAGTTGAC	GTGCTTCTCAGTTGAC	LLU_A	tumor	0.8	1
LLU_p80_r01	LLU_A__AGGCCGTTCTGTGCAA	AGGCCGTTCTGTGCAA	LLU_A	tumor	0.8	1
LLU_p80_r01	LLU_A__CCCATACAGAAGGTTT	CCCATACAGAAGGTTT	LLU_A	tumor	0.8	1
LLU_p80_r01	LLU_A__TGAAAGAAGCGATAGC	TGAAAGAAGCGATAGC	LLU_A	tumor	0.8	1
LLU_p80_r01	LLU_A__TGAGAGGTCTCATTCA	TGAGAGGTCTCATTCA	LLU_A	tumor	0.8	1
LLU_p80_r01	LLU_A__CGGGTCAAGTACATGA	CGGGTCAAGTACATGA	LLU_A	tumor	0.8	1
LLU_p80_r01	LLU_A__TTCTCAATCTGAAAGA	TTCTCAATCTGAAAGA	LLU_A	tumor	0.8	1
LLU_p80_r01	LLU_A__TGAAAGAAGCTGGAAC	TGAAAGAAGCTGGAAC	LLU_A	tumor	0.8	1
LLU_p80_r01	LLU_A__ACTTTCACACCATGTA	ACTTTCACACCATGTA	LLU_A	tumor	0.8	1
LLU_p80_r01	LLU_A__CTCTAATAGAAGGGTA	CTCTAATAGAAGGGTA	LLU_A	tumor	0.8	1
LLU_p80_r01	LLU_A__CGATGTACAGTATAAG	CGATGTACAGTATAAG	LLU_A	tumor	0.8	1
LLU_p80_r01	LLU_A__ACGGGTCCACGCGAAA	ACGGGTCCACGCGAAA	LLU_A	tumor	0.8	1
LLU_p80_r01	LLU_A__GGTATTGGTCTAAACC	GGTATTGGTCTAAACC	LLU_A	tumor	0.8	1
LLU_p80_r01	LLU_A__TGGGCGTTCTACCTGC	TGGGCGTTCTACCTGC	LLU_A	tumor	0.8	1
LLU_p80_r01	LLU_A__GACGGCTTCATGTCCC	GACGGCTTCATGTCCC	LLU_A	tumor	0.8	1
LLU_p80_r01	LLU_A__CTGCTGTCACGAAAGC	CTGCTGTCACGAAAGC	LLU_A	tumor	0.8	1
LLU_p80_r01	LLU_A__GCTCTGTGTCGCGGTT	GCTCTGTGTCGCGGTT	LLU_A	tumor	0.8	1
LLU_p80_r01	LLU_A__TTCTACAAGTGTCCAT	TTCTACAAGTGTCCAT	LLU_A	tumor	0.8	1
LLU_p80_r01	LLU_A__GTCACAAAGAAACCAT	GTCACAAAGAAACCAT	LLU_A	tumor	0.8	1
LLU_p80_r01	LLU_A__GATCGTAAGCAGACTG	GATCGTAAGCAGACTG	LLU_A	tumor	0.8	1
LLU_p80_r01	LLU_A__ACGTCAAGTCCATCCT	ACGTCAAGTCCATCCT	LLU_A	tumor	0.8	1
LLU_p80_r01	LLU_A__ACTGCTCTCGCATGGC	ACTGCTCTCGCATGGC	LLU_A	tumor	0.8	1
LLU_p80_r01	LLU_A__CTCGAGGAGATATGCA	CTCGAGGAGATATGCA	LLU_A	tumor	0.8	1
LLU_p80_r01	LLU_A__CACATTTGTCTCATCC	CACATTTGTCTCATCC	LLU_A	tumor	0.8	1
LLU_p80_r01	LLU_A__AAGCCGCAGGTAAACT	AAGCCGCAGGTAAACT	LLU_A	tumor	0.8	1
LLU_p80_r01	LLU_A__TTCCCAGTCTGCCCTA	TTCCCAGTCTGCCCTA	LLU_A	tumor	0.8	1
LLU_p80_r01	LLU_A__ACTTTCATCCCTAACC	ACTTTCATCCCTAACC	LLU_A	tumor	0.8	1
LLU_p80_r01	LLU_A__GTAGTCAAGTAGCCGA	GTAGTCAAGTAGCCGA	LLU_A	tumor	0.8	1
LLU_p80_r01	LLU_A__ACACCAAGTCTTGCGG	ACACCAAGTCTTGCGG	LLU_A	tumor	0.8	1
LLU_p80_r01	LLU_A__CCCTCCTGTCAAAGAT	CCCTCCTGTCAAAGAT	LLU_A	tumor	0.8	1
LLU_p80_r01	LLU_A__CGACCTTCATTTCAGG	CGACCTTCATTTCAGG	LLU_A	tumor	0.8	1
LLU_p80_r01	LLU_A__TACGGGCGTACCGCTG	TACGGGCGTACCGCTG	LLU_A	tumor	0.8	1
LLU_p80_r01	LLU_A__AGCGTATGTCTCATCC	AGCGTATGTCTCATCC	LLU_A	tumor	0.8	1
LLU_p80_r01	LLU_A__TGAGCCGGTAACGTTC	TGAGCCGGTAACGTTC	LLU_A	tumor	0.8	1
LLU_p80_r01	LLU_A__CTCACACAGCCACTAT	CTCACACAGCCACTAT	LLU_A	tumor	0.8	1
LLU_p80_r01	LLU_A__CACCTTGGTACCGGCT	CACCTTGGTACCGGCT	LLU_A	tumor	0.8	1
LLU_p80_r01	LLU_A__GCACATAGTGACAAAT	GCACATAGTGACAAAT	LLU_A	tumor	0.8	1
LLU_p80_r01	LLU_A__GATGCTAAGCGTGAAC	GATGCTAAGCGTGAAC	LLU_A	tumor	0.8	1
LLU_p80_r01	LLU_A__CGAGAAGAGGCGTACA	CGAGAAGAGGCGTACA	LLU_A	tumor	0.8	1
LLU_p80_r01	LLU_A__CCTTACGTCTTACCTA	CCTTACGTCTTACCTA	LLU_A	tumor	0.8	1
LLU_p80_r01	LLU_A__CCGTTCAGTGACGGTA	CCGTTCAGTGACGGTA	LLU_A	tumor	0.8	1
LLU_p80_r01	LLU_A__CAAGATCAGACATAAC	CAAGATCAGACATAAC	LLU_A	tumor	0.8	1
LLU_p80_r01	LLU_A__CTAGAGTGTCACAAGG	CTAGAGTGTCACAAGG	LLU_A	tumor	0.8	1
LLU_p80_r01	LLU_A__GGTGAAGAGTTGTCGT	GGTGAAGAGTTGTCGT	LLU_A	tumor	0.8	1
LLU_p80_r01	LLU_A__GTGTGCGGTGCTAGCC	GTGTGCGGTGCTAGCC	LLU_A	tumor	0.8	1
LLU_p80_r01	LLU_A__CTAGTGATCATGTCTT	CTAGTGATCATGTCTT	LLU_A	tumor	0.8	1
LLU_p80_r01	LLU_A__TCAGGATTCGCCTGAG	TCAGGATTCGCCTGAG	LLU_A	tumor	0.8	1
LLU_p80_r01	LLU_A__ACTATCTGTTGGTGGA	ACTATCTGTTGGTGGA	LLU_A	tumor	0.8	1
LLU_p80_r01	LLU_A__TACAGTGCAAACCTAC	TACAGTGCAAACCTAC	LLU_A	tumor	0.8	1
LLU_p80_r01	LLU_A__AAAGCAATCACCGGGT	AAAGCAATCACCGGGT	LLU_A	tumor	0.8	1
LLU_p80_r01	LLU_A__CGGACTGGTAGCGATG	CGGACTGGTAGCGATG	LLU_A	tumor	0.8	1
LLU_p80_r01	LLU_A__TGGTTAGCAGTAAGCG	TGGTTAGCAGTAAGCG	LLU_A	tumor	0.8	1
LLU_p80_r01	LLU_A__CTCGAAAGTTTGTGTG	CTCGAAAGTTTGTGTG	LLU_A	tumor	0.8	1
LLU_p80_r01	LLU_A__CGGACACCACCTTGTC	CGGACACCACCTTGTC	LLU_A	tumor	0.8	1
LLU_p80_r01	LLU_A__GCATGCGCAGCGAACA	GCATGCGCAGCGAACA	LLU_A	tumor	0.8	1
LLU_p80_r01	LLU_A__GTAACTGAGCGAGAAA	GTAACTGAGCGAGAAA	LLU_A	tumor	0.8	1
LLU_p80_r01	LLU_A__TCTGGAAGTTTAGGAA	TCTGGAAGTTTAGGAA	LLU_A	tumor	0.8	1
LLU_p80_r01	LLU_A__CAAGTTGTCCGCTGTT	CAAGTTGTCCGCTGTT	LLU_A	tumor	0.8	1
LLU_p80_r01	LLU_A__CGTTGGGAGCGTCTAT	CGTTGGGAGCGTCTAT	LLU_A	tumor	0.8	1
LLU_p80_r01	LLU_A__ATTGGACGTTCCCTTG	ATTGGACGTTCCCTTG	LLU_A	tumor	0.8	1
LLU_p80_r01	LLU_A__GAGCAGATCGGCGGTT	GAGCAGATCGGCGGTT	LLU_A	tumor	0.8	1
LLU_p80_r01	LLU_A__TGCACCTGTTAGTGGG	TGCACCTGTTAGTGGG	LLU_A	tumor	0.8	1
LLU_p80_r01	LLU_A__CAGTCCTCAGCCTTTC	CAGTCCTCAGCCTTTC	LLU_A	tumor	0.8	1
LLU_p80_r01	LLU_A__CTCGAAAGTCAGAAGC	CTCGAAAGTCAGAAGC	LLU_A	tumor	0.8	1
LLU_p80_r01	LLU_A__CGATGGCTCTCTAGGA	CGATGGCTCTCTAGGA	LLU_A	tumor	0.8	1
LLU_p80_r01	LLU_A__ACGCCGATCTTGACGA	ACGCCGATCTTGACGA	LLU_A	tumor	0.8	1
LLU_p80_r01	LLU_A__CCTACACTCCGCGTTT	CCTACACTCCGCGTTT	LLU_A	tumor	0.8	1
LLU_p80_r01	LLU_A__GCTCTGTAGCTACCTA	GCTCTGTAGCTACCTA	LLU_A	tumor	0.8	1
LLU_p80_r01	LLU_A__TGGTTAGAGGCATGTG	TGGTTAGAGGCATGTG	LLU_A	tumor	0.8	1
LLU_p80_r01	LLU_A__GGGACCTGTAGCAAAT	GGGACCTGTAGCAAAT	LLU_A	tumor	0.8	1
LLU_p80_r01	LLU_A__GTTACAGCAGTTAACC	GTTACAGCAGTTAACC	LLU_A	tumor	0.8	1
LLU_p80_r01	LLU_B__GTGCTTCCAATTCCTT	GTGCTTCCAATTCCTT	LLU_B	normal	0.8	1
LLU_p80_r01	LLU_B__AGCTCCTGTGAAGGCT	AGCTCCTGTGAAGGCT	LLU_B	normal	0.8	1
LLU_p80_r01	LLU_B__TGGACGCAGAAGGTTT	TGGACGCAGAAGGTTT	LLU_B	normal	0.8	1
LLU_p80_r01	LLU_B__TCACAAGGTTTCCACC	TCACAAGGTTTCCACC	LLU_B	normal	0.8	1
LLU_p80_r01	LLU_B__GAAACTCGTACTCGCG	GAAACTCGTACTCGCG	LLU_B	normal	0.8	1
LLU_p80_r01	LLU_B__TACCTATGTGCACTTA	TACCTATGTGCACTTA	LLU_B	normal	0.8	1
LLU_p80_r01	LLU_B__TCTGGAATCTCTAAGG	TCTGGAATCTCTAAGG	LLU_B	normal	0.8	1
LLU_p80_r01	LLU_B__CCCATACCAAACAACA	CCCATACCAAACAACA	LLU_B	normal	0.8	1
LLU_p80_r01	LLU_B__AACGTTGCATGGTCTA	AACGTTGCATGGTCTA	LLU_B	normal	0.8	1
LLU_p80_r01	LLU_B__GCACTCTTCATTATCC	GCACTCTTCATTATCC	LLU_B	normal	0.8	1
LLU_p80_r01	LLU_B__GGGAGATCATCCTTGC	GGGAGATCATCCTTGC	LLU_B	normal	0.8	1
LLU_p80_r01	LLU_B__CCACTACAGTTAGCGG	CCACTACAGTTAGCGG	LLU_B	normal	0.8	1
LLU_p80_r01	LLU_B__TCTTCGGTCTGCCAGG	TCTTCGGTCTGCCAGG	LLU_B	normal	0.8	1
LLU_p80_r01	LLU_B__CCAGCGAAGAGCCTAG	CCAGCGAAGAGCCTAG	LLU_B	normal	0.8	1
LLU_p80_r01	LLU_B__ACGGGTCGTCCGAAGA	ACGGGTCGTCCGAAGA	LLU_B	normal	0.8	1
LLU_p80_r01	LLU_B__GGGACCTCATTCACTT	GGGACCTCATTCACTT	LLU_B	normal	0.8	1
LLU_p80_r01	LLU_B__TCAGCTCCACTGTCGG	TCAGCTCCACTGTCGG	LLU_B	normal	0.8	1
LLU_p80_r01	LLU_B__GTGTTAGGTACGAAAT	GTGTTAGGTACGAAAT	LLU_B	normal	0.8	1
LLU_p80_r01	LLU_B__GGATTACCACAGACAG	GGATTACCACAGACAG	LLU_B	normal	0.8	1
LLU_p80_r01	LLU_B__TTCCCAGAGACAGGCT	TTCCCAGAGACAGGCT	LLU_B	normal	0.8	1
LLU_p80_r01	LLU_B__TACTTACCACAACGTT	TACTTACCACAACGTT	LLU_B	normal	0.8	1
LLU_p80_r01	LLU_B__CTGCTGTTCGGAATCT	CTGCTGTTCGGAATCT	LLU_B	normal	0.8	1
LLU_p80_r01	LLU_B__AACTCCCCAGTCTTCC	AACTCCCCAGTCTTCC	LLU_B	normal	0.8	1
LLU_p80_r01	LLU_B__GGCGACTGTGTCCTCT	GGCGACTGTGTCCTCT	LLU_B	normal	0.8	1
LLU_p80_r01	LLU_B__GTCGGGTTCCTTTCGG	GTCGGGTTCCTTTCGG	LLU_B	normal	0.8	1
LLU_p80_r01	LLU_B__TTTGCGCCATGCAACT	TTTGCGCCATGCAACT	LLU_B	normal	0.8	1
LLU_p80_r01	LLU_B__ACACCAAAGGAGTAGA	ACACCAAAGGAGTAGA	LLU_B	normal	0.8	1
LLU_p80_r01	LLU_B__TGAGAGGGTATATGAG	TGAGAGGGTATATGAG	LLU_B	normal	0.8	1
LLU_p80_r01	LLU_B__ACTTACTTCAGTTAGC	ACTTACTTCAGTTAGC	LLU_B	normal	0.8	1
LLU_p80_r01	LLU_B__AGTCTTTCATCAGTCA	AGTCTTTCATCAGTCA	LLU_B	normal	0.8	1
LLU_p80_r01	LLU_B__TGCGGGTCACCTTGTC	TGCGGGTCACCTTGTC	LLU_B	normal	0.8	1
LLU_p80_r01	LLU_B__CGGGTCAAGTCAAGGC	CGGGTCAAGTCAAGGC	LLU_B	normal	0.8	1
LLU_p80_r01	LLU_B__GATCGTACATCCGTGG	GATCGTACATCCGTGG	LLU_B	normal	0.8	1
LLU_p80_r01	LLU_B__TCGTAGACAAGGTGTG	TCGTAGACAAGGTGTG	LLU_B	normal	0.8	1
LLU_p80_r01	LLU_B__CTGGTCTCACCCATGG	CTGGTCTCACCCATGG	LLU_B	normal	0.8	1
LLU_p80_r01	LLU_B__AGAGCGACACACGCTG	AGAGCGACACACGCTG	LLU_B	normal	0.8	1
LLU_p80_r01	LLU_B__ATCTGCCCATGTAGTC	ATCTGCCCATGTAGTC	LLU_B	normal	0.8	1
LLU_p80_r01	LLU_B__CTAATGGAGCTCAACT	CTAATGGAGCTCAACT	LLU_B	normal	0.8	1
LLU_p80_r01	LLU_B__CCCATACAGGCTCATT	CCCATACAGGCTCATT	LLU_B	normal	0.8	1
LLU_p80_r01	LLU_B__GCAGCCACATGTTCCC	GCAGCCACATGTTCCC	LLU_B	normal	0.8	1
LLU_p80_r01	LLU_B__GCTGCTTAGAACAACT	GCTGCTTAGAACAACT	LLU_B	normal	0.8	1
LLU_p80_r01	LLU_B__GCTGGGTTCACCGTAA	GCTGGGTTCACCGTAA	LLU_B	normal	0.8	1
LLU_p80_r01	LLU_B__ACGCCGACATCCGGGT	ACGCCGACATCCGGGT	LLU_B	normal	0.8	1
LLU_p80_r01	LLU_B__AGGGAGTTCGTCTGCT	AGGGAGTTCGTCTGCT	LLU_B	normal	0.8	1
LLU_p80_r01	LLU_B__GCACATAAGAGAGCTC	GCACATAAGAGAGCTC	LLU_B	normal	0.8	1
LLU_p80_r01	LLU_B__GACTACAAGGCTCAGA	GACTACAAGGCTCAGA	LLU_B	normal	0.8	1
LLU_p80_r01	LLU_B__CTCGGAGAGGCAGTCA	CTCGGAGAGGCAGTCA	LLU_B	normal	0.8	1
LLU_p80_r01	LLU_B__ACCCACTAGCTATGCT	ACCCACTAGCTATGCT	LLU_B	normal	0.8	1
LLU_p80_r01	LLU_B__CAGCATACATTGTGCA	CAGCATACATTGTGCA	LLU_B	normal	0.8	1
LLU_p80_r01	LLU_B__CGCGGTATCCAAATGC	CGCGGTATCCAAATGC	LLU_B	normal	0.8	1
LLU_p80_r01	LLU_B__GTAGTCATCAATAAGG	GTAGTCATCAATAAGG	LLU_B	normal	0.8	1
LLU_p80_r01	LLU_B__ATGAGGGAGAGTTGGC	ATGAGGGAGAGTTGGC	LLU_B	normal	0.8	1
LLU_p80_r01	LLU_B__AAAGCAATCTAGCACA	AAAGCAATCTAGCACA	LLU_B	normal	0.8	1
LLU_p80_r01	LLU_B__CCTCAGTCATTGCGGC	CCTCAGTCATTGCGGC	LLU_B	normal	0.8	1
LLU_p80_r01	LLU_B__CAGAGAGCATTACCTT	CAGAGAGCATTACCTT	LLU_B	normal	0.8	1
LLU_p80_r01	LLU_B__CTACCCATCTTAGAGC	CTACCCATCTTAGAGC	LLU_B	normal	0.8	1
LLU_p80_r01	LLU_B__CTCCTAGAGGCATGGT	CTCCTAGAGGCATGGT	LLU_B	normal	0.8	1
LLU_p80_r01	LLU_B__ATTCTACCAAAGAATC	ATTCTACCAAAGAATC	LLU_B	normal	0.8	1
LLU_p80_r01	LLU_B__GTTCATTCAGTGGAGT	GTTCATTCAGTGGAGT	LLU_B	normal	0.8	1
LLU_p80_r01	LLU_B__TCGGTAAAGTGTCCAT	TCGGTAAAGTGTCCAT	LLU_B	normal	0.8	1
LLU_p80_r01	LLU_B__AGTCTTTGTTGAGGTG	AGTCTTTGTTGAGGTG	LLU_B	normal	0.8	1
LLU_p80_r01	LLU_B__TCCACACTCTTGTTTG	TCCACACTCTTGTTTG	LLU_B	normal	0.8	1
LLU_p80_r01	LLU_B__TCGAGGCAGGAATCGC	TCGAGGCAGGAATCGC	LLU_B	normal	0.8	1
LLU_p80_r01	LLU_B__CATCAGAGTCGCGGTT	CATCAGAGTCGCGGTT	LLU_B	normal	0.8	1
LLU_p80_r01	LLU_B__GACGCGTTCATGCTCC	GACGCGTTCATGCTCC	LLU_B	normal	0.8	1
LLU_p80_r01	LLU_B__TCAGCTCCACCGGAAA	TCAGCTCCACCGGAAA	LLU_B	normal	0.8	1
LLU_p80_r01	LLU_B__AGGTCATCAGCTGCTG	AGGTCATCAGCTGCTG	LLU_B	normal	0.8	1
LLU_p80_r01	LLU_B__TAGACCAAGTAAGTAC	TAGACCAAGTAAGTAC	LLU_B	normal	0.8	1
LLU_p80_r01	LLU_B__TACGGGCAGGGATCTG	TACGGGCAGGGATCTG	LLU_B	normal	0.8	1
LLU_p80_r01	LLU_B__ACCAGTACAATTGCTG	ACCAGTACAATTGCTG	LLU_B	normal	0.8	1
LLU_p80_r01	LLU_B__GCCAAATTCGCAAGCC	GCCAAATTCGCAAGCC	LLU_B	normal	0.8	1
LLU_p80_r01	LLU_B__CTCTACGTCAGCTTAG	CTCTACGTCAGCTTAG	LLU_B	normal	0.8	1
LLU_p80_r01	LLU_B__GCATACACAGACGTAG	GCATACACAGACGTAG	LLU_B	normal	0.8	1
LLU_p80_r01	LLU_B__GCTGCGACAATCGGTT	GCTGCGACAATCGGTT	LLU_B	normal	0.8	1
LLU_p80_r01	LLU_B__AGTGGGATCTCTAAGG	AGTGGGATCTCTAAGG	LLU_B	normal	0.8	1
LLU_p80_r01	LLU_B__ACTGAGTAGCCAACAG	ACTGAGTAGCCAACAG	LLU_B	normal	0.8	1
LLU_p80_r01	LLU_B__GGAATAATCGAATGGG	GGAATAATCGAATGGG	LLU_B	normal	0.8	1
LLU_p80_r01	LLU_B__GGAATAAGTGACGGTA	GGAATAAGTGACGGTA	LLU_B	normal	0.8	1
LLU_p80_r01	LLU_B__GTGCATACACCGAAAG	GTGCATACACCGAAAG	LLU_B	normal	0.8	1
LLU_p80_r01	LLU_B__ACGTCAATCGGAGCAA	ACGTCAATCGGAGCAA	LLU_B	normal	0.8	1
LLU_p80_r01	LLU_B__TGTGTTTTCACTCTTA	TGTGTTTTCACTCTTA	LLU_B	normal	0.8	1
LLU_p80_r01	LLU_B__GATCGCGTCCATGAGT	GATCGCGTCCATGAGT	LLU_B	normal	0.8	1
LLU_p80_r01	LLU_B__GGCTGGTCACGAAAGC	GGCTGGTCACGAAAGC	LLU_B	normal	0.8	1
LLU_p80_r01	LLU_B__ATCTACTCAAGCGATG	ATCTACTCAAGCGATG	LLU_B	normal	0.8	1
LLU_p80_r01	LLU_B__CCTATTAAGTACGACG	CCTATTAAGTACGACG	LLU_B	normal	0.8	1
LLU_p80_r01	LLU_B__AGAGCGATCACCCGAG	AGAGCGATCACCCGAG	LLU_B	normal	0.8	1
LLU_p80_r01	LLU_B__TGGACGCGTTCAGTAC	TGGACGCGTTCAGTAC	LLU_B	normal	0.8	1
LLU_p80_r01	LLU_B__CACACAATCTGCTGTC	CACACAATCTGCTGTC	LLU_B	normal	0.8	1
LLU_p80_r01	LLU_B__GCTGGGTAGCATCATC	GCTGGGTAGCATCATC	LLU_B	normal	0.8	1
LLU_p80_r01	LLU_B__TTCGAAGTCCTAGGGC	TTCGAAGTCCTAGGGC	LLU_B	normal	0.8	1
LLU_p80_r01	LLU_B__ACCTTTAAGTGGGATC	ACCTTTAAGTGGGATC	LLU_B	normal	0.8	1
LLU_p80_r01	LLU_B__CGCTATCGTCTACCTC	CGCTATCGTCTACCTC	LLU_B	normal	0.8	1
LLU_p80_r01	LLU_B__TTGGAACTCCGTCAAA	TTGGAACTCCGTCAAA	LLU_B	normal	0.8	1
LLU_p80_r01	LLU_B__ATTGGTGTCATCATTC	ATTGGTGTCATCATTC	LLU_B	normal	0.8	1
LLU_p80_r01	LLU_B__ACCCACTGTCTACCTC	ACCCACTGTCTACCTC	LLU_B	normal	0.8	1
LLU_p80_r01	LLU_B__CTGATAGTCTCTGCTG	CTGATAGTCTCTGCTG	LLU_B	normal	0.8	1
LLU_p80_r01	LLU_B__CGCCAAGTCCGAATGT	CGCCAAGTCCGAATGT	LLU_B	normal	0.8	1
LLU_p80_r01	LLU_B__AGCTCTCAGACTACAA	AGCTCTCAGACTACAA	LLU_B	normal	0.8	1
LLU_p80_r01	LLU_B__ACAGCCGTCATACGGT	ACAGCCGTCATACGGT	LLU_B	normal	0.8	1
LLU_p80_r01	LLU_B__ACGTCAATCACTATTC	ACGTCAATCACTATTC	LLU_B	normal	0.8	1
LLU_p80_r01	LLU_B__GCGCGATAGACATAAC	GCGCGATAGACATAAC	LLU_B	normal	0.8	1
LLU_p80_r01	LLU_B__TATCAGGCATTGTGCA	TATCAGGCATTGTGCA	LLU_B	normal	0.8	1
LLU_p80_r01	LLU_B__AAGGAGCTCTGCCAGG	AAGGAGCTCTGCCAGG	LLU_B	normal	0.8	1
LLU_p80_r01	LLU_B__TGCTACCGTAGCGCAA	TGCTACCGTAGCGCAA	LLU_B	normal	0.8	1
LLU_p80_r01	LLU_B__TGAGCATAGGGTGTGT	TGAGCATAGGGTGTGT	LLU_B	normal	0.8	1
LLU_p80_r01	LLU_B__GTTCTCGCACCCATGG	GTTCTCGCACCCATGG	LLU_B	normal	0.8	1
LLU_p80_r01	LLU_B__TCACGAACATGGTCTA	TCACGAACATGGTCTA	LLU_B	normal	0.8	1
LLU_p80_r01	LLU_B__GGGCATCTCACCATAG	GGGCATCTCACCATAG	LLU_B	normal	0.8	1
LLU_p80_r01	LLU_B__CACAAACCACATGTGT	CACAAACCACATGTGT	LLU_B	normal	0.8	1
LLU_p80_r01	LLU_B__CGGAGCTTCAAAGTAG	CGGAGCTTCAAAGTAG	LLU_B	normal	0.8	1
LLU_p80_r01	LLU_B__CAAGATCGTCGGCATC	CAAGATCGTCGGCATC	LLU_B	normal	0.8	1
LLU_p80_r01	LLU_B__ACGCAGCGTTGCGTTA	ACGCAGCGTTGCGTTA	LLU_B	normal	0.8	1
LLU_p80_r01	LLU_B__CTTGGCTGTCCTGCTT	CTTGGCTGTCCTGCTT	LLU_B	normal	0.8	1
LLU_p80_r01	LLU_B__CCTCTGAAGGATTCGG	CCTCTGAAGGATTCGG	LLU_B	normal	0.8	1
LLU_p80_r01	LLU_B__CGCTATCTCGCTGATA	CGCTATCTCGCTGATA	LLU_B	normal	0.8	1
LLU_p80_r01	LLU_B__GACAGAGCATGCCTAA	GACAGAGCATGCCTAA	LLU_B	normal	0.8	1
LLU_p80_r01	LLU_B__CCCATACAGTGAACGC	CCCATACAGTGAACGC	LLU_B	normal	0.8	1
LLU_p80_r01	LLU_B__ACAGCCGGTGCAGGTA	ACAGCCGGTGCAGGTA	LLU_B	normal	0.8	1
LLU_p80_r01	LLU_B__GTCATTTTCCTCAACC	GTCATTTTCCTCAACC	LLU_B	normal	0.8	1
LLU_p80_r01	LLU_B__GCTCCTAGTGCGATAG	GCTCCTAGTGCGATAG	LLU_B	normal	0.8	1
LLU_p80_r01	LLU_B__ACCCACTCACCCAGTG	ACCCACTCACCCAGTG	LLU_B	normal	0.8	1
LLU_p80_r01	LLU_B__GCTTCCAGTACCGAGA	GCTTCCAGTACCGAGA	LLU_B	normal	0.8	1
LLU_p80_r01	LLU_B__TCAACGAAGCTAGTGG	TCAACGAAGCTAGTGG	LLU_B	normal	0.8	1
LLU_p80_r01	LLU_B__CTTTGCGCACCCTATC	CTTTGCGCACCCTATC	LLU_B	normal	0.8	1
LLU_p80_r01	LLU_B__GGGACCTAGCAACGGT	GGGACCTAGCAACGGT	LLU_B	normal	0.8	1
LLU_p80_r01	LLU_B__CACACAAAGTACGACG	CACACAAAGTACGACG	LLU_B	normal	0.8	1
LLU_p80_r01	LLU_B__TGCCCTAAGACGACGT	TGCCCTAAGACGACGT	LLU_B	normal	0.8	1
LLU_p80_r01	LLU_B__CTCTGGTCAGATGGGT	CTCTGGTCAGATGGGT	LLU_B	normal	0.8	1
LLU_p80_r01	LLU_B__AAGACCTGTAGGCATG	AAGACCTGTAGGCATG	LLU_B	normal	0.8	1
LLU_p80_r01	LLU_B__ATTGGTGAGAACAACT	ATTGGTGAGAACAACT	LLU_B	normal	0.8	1
LLU_p80_r01	LLU_B__AACTCTTAGTTCGCAT	AACTCTTAGTTCGCAT	LLU_B	normal	0.8	1
LLU_p80_r01	LLU_B__CCATTCGAGCTACCGC	CCATTCGAGCTACCGC	LLU_B	normal	0.8	1
LLU_p80_r01	LLU_B__CCCATACCAAGTCATC	CCCATACCAAGTCATC	LLU_B	normal	0.8	1
LLU_p80_r01	LLU_B__GTTCGGGCACTGTGTA	GTTCGGGCACTGTGTA	LLU_B	normal	0.8	1
LLU_p80_r01	LLU_B__CATTCGCAGTCCAGGA	CATTCGCAGTCCAGGA	LLU_B	normal	0.8	1
LLU_p80_r01	LLU_B__AGAGCGATCTCCAACC	AGAGCGATCTCCAACC	LLU_B	normal	0.8	1
LLU_p80_r01	LLU_B__TGCCCTATCCCGACTT	TGCCCTATCCCGACTT	LLU_B	normal	0.8	1
LLU_p80_r01	LLU_B__TTAGGCAAGATATGGT	TTAGGCAAGATATGGT	LLU_B	normal	0.8	1
LLU_p80_r01	LLU_B__CACCTTGCATTTCAGG	CACCTTGCATTTCAGG	LLU_B	normal	0.8	1
LLU_p80_r01	LLU_B__CAGAGAGCATAGAAAC	CAGAGAGCATAGAAAC	LLU_B	normal	0.8	1
LLU_p80_r01	LLU_B__AGAGTGGTCATGTAGC	AGAGTGGTCATGTAGC	LLU_B	normal	0.8	1
LLU_p80_r01	LLU_B__CTGCTGTAGCTCCTTC	CTGCTGTAGCTCCTTC	LLU_B	normal	0.8	1
LLU_p80_r01	LLU_B__CCTTACGAGTGGGTTG	CCTTACGAGTGGGTTG	LLU_B	normal	0.8	1
LLU_p80_r01	LLU_B__TGACGGCAGTTGTAGA	TGACGGCAGTTGTAGA	LLU_B	normal	0.8	1
LLU_p80_r01	LLU_B__CGGACGTCACCAGTTA	CGGACGTCACCAGTTA	LLU_B	normal	0.8	1
LLU_p80_r01	LLU_B__GAACATCCAGGCTCAC	GAACATCCAGGCTCAC	LLU_B	normal	0.8	1
LLU_p80_r01	LLU_B__TCGCGTTCACTCTGTC	TCGCGTTCACTCTGTC	LLU_B	normal	0.8	1
LLU_p80_r01	LLU_B__TGAGCCGCACAACGTT	TGAGCCGCACAACGTT	LLU_B	normal	0.8	1
LLU_p80_r01	LLU_B__CTTCTCTTCAGCGACC	CTTCTCTTCAGCGACC	LLU_B	normal	0.8	1
LLU_p80_r01	LLU_B__GGACAGATCTCTGAGA	GGACAGATCTCTGAGA	LLU_B	normal	0.8	1
LLU_p80_r01	LLU_B__ATCACGATCGCTGATA	ATCACGATCGCTGATA	LLU_B	normal	0.8	1
LLU_p80_r01	LLU_B__TCAGCTCCATTACGAC	TCAGCTCCATTACGAC	LLU_B	normal	0.8	1
LLU_p80_r01	LLU_B__CCACCTATCGGCGCTA	CCACCTATCGGCGCTA	LLU_B	normal	0.8	1
LLU_p80_r01	LLU_B__GAAGCAGTCGCAAACT	GAAGCAGTCGCAAACT	LLU_B	normal	0.8	1
LLU_p80_r01	LLU_B__CACCAGGTCCCTAATT	CACCAGGTCCCTAATT	LLU_B	normal	0.8	1
LLU_p80_r01	LLU_B__CTACCCACAAACCTAC	CTACCCACAAACCTAC	LLU_B	normal	0.8	1
LLU_p80_r01	LLU_B__GACTACACAATGGATA	GACTACACAATGGATA	LLU_B	normal	0.8	1
LLU_p80_r01	LLU_B__AACTGGTTCTTCAACT	AACTGGTTCTTCAACT	LLU_B	normal	0.8	1
LLU_p80_r01	LLU_B__GCGCAGTTCGGAGGTA	GCGCAGTTCGGAGGTA	LLU_B	normal	0.8	1
LLU_p80_r01	LLU_B__TCAACGAGTCGCTTCT	TCAACGAGTCGCTTCT	LLU_B	normal	0.8	1
LLU_p80_r01	LLU_B__ACTTACTGTTCGCTAA	ACTTACTGTTCGCTAA	LLU_B	normal	0.8	1
LLU_p80_r01	LLU_B__CGGAGTCTCTGCTGTC	CGGAGTCTCTGCTGTC	LLU_B	normal	0.8	1
LLU_p80_r01	LLU_B__CATGACAAGGCTACGA	CATGACAAGGCTACGA	LLU_B	normal	0.8	1
LLU_p80_r01	LLU_B__TCAGATGAGTGCAAGC	TCAGATGAGTGCAAGC	LLU_B	normal	0.8	1
LLU_p80_r01	LLU_B__TGTGGTACACCCATGG	TGTGGTACACCCATGG	LLU_B	normal	0.8	1
LLU_p80_r01	LLU_B__CAACCTCGTTCTCATT	CAACCTCGTTCTCATT	LLU_B	normal	0.8	1
LLU_p80_r01	LLU_B__ATTGGTGCATGCATGT	ATTGGTGCATGCATGT	LLU_B	normal	0.8	1
LLU_p80_r01	LLU_B__GGTGCGTTCTTCATGT	GGTGCGTTCTTCATGT	LLU_B	normal	0.8	1
LLU_p80_r01	LLU_B__GTTCTCGAGAATTGTG	GTTCTCGAGAATTGTG	LLU_B	normal	0.8	1
LLU_p80_r01	LLU_B__ATTATCCCACGAGAGT	ATTATCCCACGAGAGT	LLU_B	normal	0.8	1
LLU_p80_r01	LLU_B__TTCTACACATCGGGTC	TTCTACACATCGGGTC	LLU_B	normal	0.8	1
LLU_p80_r01	LLU_B__GCAGTTACACCCATGG	GCAGTTACACCCATGG	LLU_B	normal	0.8	1
LLU_p80_r01	LLU_B__TACTCATGTAGCCTAT	TACTCATGTAGCCTAT	LLU_B	normal	0.8	1
LLU_p80_r01	LLU_B__GAAATGAGTATTCTCT	GAAATGAGTATTCTCT	LLU_B	normal	0.8	1
LLU_p80_r01	LLU_B__GGGATGACATGATCCA	GGGATGACATGATCCA	LLU_B	normal	0.8	1
LLU_p80_r01	LLU_B__CACACAAAGACACGAC	CACACAAAGACACGAC	LLU_B	normal	0.8	1
LLU_p80_r01	LLU_B__GCACTCTGTATATGAG	GCACTCTGTATATGAG	LLU_B	normal	0.8	1
LLU_p80_r01	LLU_B__TATTACCTCAGTGCAT	TATTACCTCAGTGCAT	LLU_B	normal	0.8	1
LLU_p80_r01	LLU_B__GGTATTGCAATCGGTT	GGTATTGCAATCGGTT	LLU_B	normal	0.8	1
LLU_p80_r01	LLU_B__CGAATGTAGCAATCTC	CGAATGTAGCAATCTC	LLU_B	normal	0.8	1
LLU_p80_r01	LLU_B__TAAGCGTCAGATCGGA	TAAGCGTCAGATCGGA	LLU_B	normal	0.8	1
LLU_p80_r01	LLU_B__AGCTCCTTCACAATGC	AGCTCCTTCACAATGC	LLU_B	normal	0.8	1
LLU_p80_r01	LLU_B__AGAGCTTTCTCTGAGA	AGAGCTTTCTCTGAGA	LLU_B	normal	0.8	1
LLU_p80_r01	LLU_B__TACACGATCGTTTAGG	TACACGATCGTTTAGG	LLU_B	normal	0.8	1
LLU_p80_r01	LLU_B__ATCTGCCGTCAGATAA	ATCTGCCGTCAGATAA	LLU_B	normal	0.8	1
LLU_p80_r01	LLU_B__GGAGCAACATTCACTT	GGAGCAACATTCACTT	LLU_B	normal	0.8	1
LLU_p80_r01	LLU_B__TGGGCGTAGAAACGAG	TGGGCGTAGAAACGAG	LLU_B	normal	0.8	1
LLU_p80_r01	LLU_B__CACCTTGTCGGATGTT	CACCTTGTCGGATGTT	LLU_B	normal	0.8	1
LLU_p80_r01	LLU_B__CCCATACCATACGCCG	CCCATACCATACGCCG	LLU_B	normal	0.8	1
LLU_p80_r01	LLU_B__GGCAATTCAACGATCT	GGCAATTCAACGATCT	LLU_B	normal	0.8	1
LLU_p80_r01	LLU_B__GGTATTGCATGTCCTC	GGTATTGCATGTCCTC	LLU_B	normal	0.8	1
LLU_p80_r01	LLU_B__TTGGAACGTAGGCATG	TTGGAACGTAGGCATG	LLU_B	normal	0.8	1
LLU_p80_r01	LLU_B__TGACAACAGACAGAGA	TGACAACAGACAGAGA	LLU_B	normal	0.8	1
LLU_p80_r01	LLU_B__AAGGAGCGTCCCTTGT	AAGGAGCGTCCCTTGT	LLU_B	normal	0.8	1
LLU_p80_r01	LLU_B__CTCGAAACACCACCAG	CTCGAAACACCACCAG	LLU_B	normal	0.8	1
LLU_p80_r01	LLU_B__CGTCAGGCAATCAGAA	CGTCAGGCAATCAGAA	LLU_B	normal	0.8	1
LLU_p80_r01	LLU_B__TGCCCATGTTCTGAAC	TGCCCATGTTCTGAAC	LLU_B	normal	0.8	1
LLU_p80_r01	LLU_B__CCTTCGACATGGGAAC	CCTTCGACATGGGAAC	LLU_B	normal	0.8	1
LLU_p80_r01	LLU_B__GCTTGAAAGTTAAGTG	GCTTGAAAGTTAAGTG	LLU_B	normal	0.8	1
LLU_p80_r01	LLU_B__GCATGTAGTGGCCCTA	GCATGTAGTGGCCCTA	LLU_B	normal	0.8	1
LLU_p80_r01	LLU_B__AAAGTAGCAAACCTAC	AAAGTAGCAAACCTAC	LLU_B	normal	0.8	1
LLU_p80_r01	LLU_B__ATCTGCCCACAGACTT	ATCTGCCCACAGACTT	LLU_B	normal	0.8	1
LLU_p80_r01	LLU_B__GGAAAGCTCGTTACAG	GGAAAGCTCGTTACAG	LLU_B	normal	0.8	1
LLU_p80_r01	LLU_B__CTGAAGTTCAGTACGT	CTGAAGTTCAGTACGT	LLU_B	normal	0.8	1
LLU_p80_r01	LLU_B__TTGTAGGTCGGATGTT	TTGTAGGTCGGATGTT	LLU_B	normal	0.8	1
LLU_p80_r01	LLU_B__CCTAAAGGTGGTCTCG	CCTAAAGGTGGTCTCG	LLU_B	normal	0.8	1
LLU_p80_r01	LLU_B__CTAGTGACACAGATTC	CTAGTGACACAGATTC	LLU_B	normal	0.8	1
LLU_p80_r01	LLU_B__AGATCTGTCTGGTATG	AGATCTGTCTGGTATG	LLU_B	normal	0.8	1
LLU_p80_r01	LLU_B__AGAGCGAGTATAGGGC	AGAGCGAGTATAGGGC	LLU_B	normal	0.8	1
LLU_p80_r01	LLU_B__TGCGCAGTCGTAGATC	TGCGCAGTCGTAGATC	LLU_B	normal	0.8	1
LLU_p80_r01	LLU_B__CAACCAATCTTGAGAC	CAACCAATCTTGAGAC	LLU_B	normal	0.8	1
LLU_p80_r01	LLU_B__CTAATGGGTCGAGATG	CTAATGGGTCGAGATG	LLU_B	normal	0.8	1
LLU_p80_r01	LLU_B__GCTCTGTTCAGCTGGC	GCTCTGTTCAGCTGGC	LLU_B	normal	0.8	1
LLU_p80_r01	LLU_B__TAGTTGGAGTCTCAAC	TAGTTGGAGTCTCAAC	LLU_B	normal	0.8	1
LLU_p80_r01	LLU_B__GCTGCAGTCGCACTCT	GCTGCAGTCGCACTCT	LLU_B	normal	0.8	1
LLU_p80_r01	LLU_B__GGAGCAAGTGTGACGA	GGAGCAAGTGTGACGA	LLU_B	normal	0.8	1
LLU_p80_r01	LLU_B__TTCTCAAGTGGTCTCG	TTCTCAAGTGGTCTCG	LLU_B	normal	0.8	1
LLU_p80_r01	LLU_B__CAACCTCCATGGTCAT	CAACCTCCATGGTCAT	LLU_B	normal	0.8	1
LLU_p80_r01	LLU_B__GGTGAAGCATCTACGA	GGTGAAGCATCTACGA	LLU_B	normal	0.8	1
LLU_p80_r01	LLU_B__GGCGTGTGTCAAAGCG	GGCGTGTGTCAAAGCG	LLU_B	normal	0.8	1
LLU_p80_r01	LLU_B__TATTACCCAATCTACG	TATTACCCAATCTACG	LLU_B	normal	0.8	1
LLU_p80_r01	LLU_B__CACAAACCAGATGGGT	CACAAACCAGATGGGT	LLU_B	normal	0.8	1
LLU_p80_r01	LLU_B__CACCTTGGTACCGAGA	CACCTTGGTACCGAGA	LLU_B	normal	0.8	1
LLU_p80_r01	LLU_B__CACAAACCAAGCCATT	CACAAACCAAGCCATT	LLU_B	normal	0.8	1
LLU_p80_r01	LLU_B__GTGCTTCGTACCGTTA	GTGCTTCGTACCGTTA	LLU_B	normal	0.8	1
LLU_p80_r01	LLU_B__GTCACAAAGAAGGGTA	GTCACAAAGAAGGGTA	LLU_B	normal	0.8	1
LLU_p80_r01	LLU_B__CTCATTATCGCCATAA	CTCATTATCGCCATAA	LLU_B	normal	0.8	1
LLU_p80_r01	LLU_B__CTCTACGAGAGACGAA	CTCTACGAGAGACGAA	LLU_B	normal	0.8	1
LLU_p80_r01	LLU_B__CGTCCATTCTTAGAGC	CGTCCATTCTTAGAGC	LLU_B	normal	0.8	1
LLU_p80_r01	LLU_B__TCCACACTCACGAAGG	TCCACACTCACGAAGG	LLU_B	normal	0.8	1
LLU_p80_r01	LLU_B__GGATGTTGTTATGCGT	GGATGTTGTTATGCGT	LLU_B	normal	0.8	1
LLU_p80_r01	LLU_B__ACTGATGGTTACGTCA	ACTGATGGTTACGTCA	LLU_B	normal	0.8	1
LLU_p80_r01	LLU_B__GCAGCCATCCTAGAAC	GCAGCCATCCTAGAAC	LLU_B	normal	0.8	1
LLU_p80_r01	LLU_B__ACGGGCTAGTGGACGT	ACGGGCTAGTGGACGT	LLU_B	normal	0.8	1
LLU_p80_r01	LLU_B__CATCCACGTAGCGTAG	CATCCACGTAGCGTAG	LLU_B	normal	0.8	1
LLU_p80_r01	LLU_B__CTACATTGTCAACATC	CTACATTGTCAACATC	LLU_B	normal	0.8	1
LLU_p80_r01	LLU_B__CTCTACGGTCAAAGAT	CTCTACGGTCAAAGAT	LLU_B	normal	0.8	1
LLU_p80_r01	LLU_B__GTAACGTCAATGGACG	GTAACGTCAATGGACG	LLU_B	normal	0.8	1
LLU_p80_r01	LLU_B__CTCACACGTTCGCTAA	CTCACACGTTCGCTAA	LLU_B	normal	0.8	1
LLU_p80_r01	LLU_B__CACACCTGTATGAATG	CACACCTGTATGAATG	LLU_B	normal	0.8	1
LLU_p80_r01	LLU_B__AACTCTTCATTCTCAT	AACTCTTCATTCTCAT	LLU_B	normal	0.8	1
LLU_p80_r01	LLU_B__CAAGTTGCATCACAAC	CAAGTTGCATCACAAC	LLU_B	normal	0.8	1
LLU_p80_r01	LLU_B__ACGGGTCCAAGCCGTC	ACGGGTCCAAGCCGTC	LLU_B	normal	0.8	1
LLU_p80_r01	LLU_B__AGGCCACCACTTCTGC	AGGCCACCACTTCTGC	LLU_B	normal	0.8	1
LLU_p80_r01	LLU_B__GTTCTCGTCATAGCAC	GTTCTCGTCATAGCAC	LLU_B	normal	0.8	1
LLU_p80_r01	LLU_B__TAGGCATGTCTGGAGA	TAGGCATGTCTGGAGA	LLU_B	normal	0.8	1
LLU_p80_r01	LLU_B__TCGCGTTTCACATGCA	TCGCGTTTCACATGCA	LLU_B	normal	0.8	1
LLU_p80_r01	LLU_B__GCTCTGTGTTATGCGT	GCTCTGTGTTATGCGT	LLU_B	normal	0.8	1
LLU_p80_r01	LLU_B__GTAACGTCATGTCCTC	GTAACGTCATGTCCTC	LLU_B	normal	0.8	1
LLU_p80_r01	LLU_B__CGGTTAAAGCTCTCGG	CGGTTAAAGCTCTCGG	LLU_B	normal	0.8	1
LLU_p80_r01	LLU_B__ACGCCAGGTGACGGTA	ACGCCAGGTGACGGTA	LLU_B	normal	0.8	1
LLU_p80_r01	LLU_B__GCTGCGATCCAACCAA	GCTGCGATCCAACCAA	LLU_B	normal	0.8	1
LLU_p80_r01	LLU_B__ACGAGCCTCAGGCGAA	ACGAGCCTCAGGCGAA	LLU_B	normal	0.8	1
LLU_p80_r01	LLU_B__GGAACTTAGAGGGCTT	GGAACTTAGAGGGCTT	LLU_B	normal	0.8	1
LLU_p80_r01	LLU_B__CCTTCCCGTACAGACG	CCTTCCCGTACAGACG	LLU_B	normal	0.8	1
LLU_p80_r01	LLU_B__GGCTCGACATAGAAAC	GGCTCGACATAGAAAC	LLU_B	normal	0.8	1
LLU_p80_r01	LLU_B__CAGGTGCTCTATCCTA	CAGGTGCTCTATCCTA	LLU_B	normal	0.8	1
LLU_p80_r01	LLU_B__AGGGAGTTCCTCATTA	AGGGAGTTCCTCATTA	LLU_B	normal	0.8	1
LLU_p80_r01	LLU_B__CATATGGAGGCGTACA	CATATGGAGGCGTACA	LLU_B	normal	0.8	1
LLU_p80_r01	LLU_B__CGGAGTCGTTCCACAA	CGGAGTCGTTCCACAA	LLU_B	normal	0.8	1
LLU_p80_r01	LLU_B__TAGTTGGGTTATCACG	TAGTTGGGTTATCACG	LLU_B	normal	0.8	1
LLU_p80_r01	LLU_B__CACACCTTCGTAGATC	CACACCTTCGTAGATC	LLU_B	normal	0.8	1
LLU_p80_r01	LLU_B__CGTCCATTCCGTACAA	CGTCCATTCCGTACAA	LLU_B	normal	0.8	1
LLU_p80_r01	LLU_B__TATTACCGTTGCCTCT	TATTACCGTTGCCTCT	LLU_B	normal	0.8	1
LLU_p80_r01	LLU_B__TCAGCAATCTTCGAGA	TCAGCAATCTTCGAGA	LLU_B	normal	0.8	1
LLU_p80_r01	LLU_B__CTACGTCAGGAGTTTA	CTACGTCAGGAGTTTA	LLU_B	normal	0.8	1
LLU_p80_r01	LLU_B__GAAACTCCAGGTGCCT	GAAACTCCAGGTGCCT	LLU_B	normal	0.8	1
LLU_p80_r01	LLU_B__GCTGCGATCGGAGGTA	GCTGCGATCGGAGGTA	LLU_B	normal	0.8	1
LLU_p80_r01	LLU_B__TGCCCATGTTGCTCCT	TGCCCATGTTGCTCCT	LLU_B	normal	0.8	1
LLU_p80_r01	LLU_B__CTGATAGAGCGTCTAT	CTGATAGAGCGTCTAT	LLU_B	normal	0.8	1
LLU_p80_r01	LLU_B__CCGTGGATCACAGTAC	CCGTGGATCACAGTAC	LLU_B	normal	0.8	1
LLU_p80_r01	LLU_B__CATATGGTCGAGCCCA	CATATGGTCGAGCCCA	LLU_B	normal	0.8	1
LLU_p80_r01	LLU_B__GAACGGAGTGCATCTA	GAACGGAGTGCATCTA	LLU_B	normal	0.8	1
LLU_p80_r01	LLU_B__ATTTCTGGTTGTGGAG	ATTTCTGGTTGTGGAG	LLU_B	normal	0.8	1
LLU_p80_r01	LLU_B__GATCGATTCTGTCAAG	GATCGATTCTGTCAAG	LLU_B	normal	0.8	1
LLU_p80_r01	LLU_B__ACTTGTTGTGCACTTA	ACTTGTTGTGCACTTA	LLU_B	normal	0.8	1
LLU_p80_r01	LLU_B__CAGCGACCAGGAATGC	CAGCGACCAGGAATGC	LLU_B	normal	0.8	1
LLU_p80_r01	LLU_B__TGCGCAGTCAACACTG	TGCGCAGTCAACACTG	LLU_B	normal	0.8	1
LLU_p80_r01	LLU_B__CGCTGGAGTAAACCTC	CGCTGGAGTAAACCTC	LLU_B	normal	0.8	1
LLU_p80_r01	LLU_B__GTGTGCGGTCTAGAGG	GTGTGCGGTCTAGAGG	LLU_B	normal	0.8	1
LLU_p80_r01	LLU_B__TTGGCAAAGCTAGTTC	TTGGCAAAGCTAGTTC	LLU_B	normal	0.8	1
LLU_p80_r01	LLU_B__AGATTGCCATGGTCTA	AGATTGCCATGGTCTA	LLU_B	normal	0.8	1
LLU_p80_r01	LLU_B__CCGTTCACAACACCCG	CCGTTCACAACACCCG	LLU_B	normal	0.8	1
LLU_p80_r01	LLU_B__CAGTAACCAGCATGAG	CAGTAACCAGCATGAG	LLU_B	normal	0.8	1
LLU_p80_r01	LLU_B__CATATTCGTCGCATCG	CATATTCGTCGCATCG	LLU_B	normal	0.8	1
LLU_p80_r01	LLU_B__CGCGTTTCAGGAACGT	CGCGTTTCAGGAACGT	LLU_B	normal	0.8	1
LLU_p80_r01	LLU_B__TATCAGGAGAATGTTG	TATCAGGAGAATGTTG	LLU_B	normal	0.8	1
LLU_p80_r01	LLU_B__CGACTTCAGACTAAGT	CGACTTCAGACTAAGT	LLU_B	normal	0.8	1
LLU_p80_r01	LLU_B__GAAGCAGGTATAAACG	GAAGCAGGTATAAACG	LLU_B	normal	0.8	1
LLU_p80_r01	LLU_B__GCGGGTTGTATAGGTA	GCGGGTTGTATAGGTA	LLU_B	normal	0.8	1
LLU_p80_r01	LLU_B__TGCTGCTAGTTTCCTT	TGCTGCTAGTTTCCTT	LLU_B	normal	0.8	1
LLU_p80_r01	LLU_B__GAGGTGATCCTCCTAG	GAGGTGATCCTCCTAG	LLU_B	normal	0.8	1
LLU_p80_r01	LLU_B__CGGACTGTCTCCAGGG	CGGACTGTCTCCAGGG	LLU_B	normal	0.8	1
LLU_p80_r01	LLU_B__TCGCGTTGTTCTGTTT	TCGCGTTGTTCTGTTT	LLU_B	normal	0.8	1
LLU_p80_r01	LLU_B__CACTCCAAGAAACCAT	CACTCCAAGAAACCAT	LLU_B	normal	0.8	1
LLU_p80_r01	LLU_B__ATTGGACAGGAGTTTA	ATTGGACAGGAGTTTA	LLU_B	normal	0.8	1
LLU_p80_r01	LLU_B__TGCCCATGTGCGCTTG	TGCCCATGTGCGCTTG	LLU_B	normal	0.8	1
LLU_p80_r01	LLU_B__CTCGAGGGTTCTCATT	CTCGAGGGTTCTCATT	LLU_B	normal	0.8	1
LLU_p80_r01	LLU_B__CGAACATAGCCAGTTT	CGAACATAGCCAGTTT	LLU_B	normal	0.8	1
LLU_p80_r01	LLU_B__ACATGGTCAATGGAGC	ACATGGTCAATGGAGC	LLU_B	normal	0.8	1
LLU_p80_r01	LLU_B__TTAGGCAGTACTCTCC	TTAGGCAGTACTCTCC	LLU_B	normal	0.8	1
LLU_p80_r01	LLU_B__GACGGCTTCCAGAGGA	GACGGCTTCCAGAGGA	LLU_B	normal	0.8	1
LLU_p80_r01	LLU_B__GACTGCGTCCTACAGA	GACTGCGTCCTACAGA	LLU_B	normal	0.8	1
LLU_p80_r01	LLU_B__TTGAACGTCAGGCGAA	TTGAACGTCAGGCGAA	LLU_B	normal	0.8	1
LLU_p80_r01	LLU_B__TGAAAGAAGCGTTCCG	TGAAAGAAGCGTTCCG	LLU_B	normal	0.8	1
LLU_p80_r01	LLU_B__TTTACTGCATGCATGT	TTTACTGCATGCATGT	LLU_B	normal	0.8	1
LLU_p80_r01	LLU_B__GAACATCAGACCGGAT	GAACATCAGACCGGAT	LLU_B	normal	0.8	1
LLU_p80_r01	LLU_B__GTATCTTGTCTTCGTC	GTATCTTGTCTTCGTC	LLU_B	normal	0.8	1
LLU_p80_r01	LLU_B__TCCCGATTCTTGTACT	TCCCGATTCTTGTACT	LLU_B	normal	0.8	1
LLU_p80_r01	LLU_B__AGATCTGGTAGGGACT	AGATCTGGTAGGGACT	LLU_B	normal	0.8	1
LLU_p80_r01	LLU_B__GGACATTAGAGACTAT	GGACATTAGAGACTAT	LLU_B	normal	0.8	1
LLU_p80_r01	LLU_B__CCCTCCTGTGTTCTTT	CCCTCCTGTGTTCTTT	LLU_B	normal	0.8	1
LLU_p80_r01	LLU_B__AGAGTGGCAAAGGCGT	AGAGTGGCAAAGGCGT	LLU_B	normal	0.8	1
LLU_p80_r01	LLU_B__ACGGCCAAGTGTACTC	ACGGCCAAGTGTACTC	LLU_B	normal	0.8	1
LLU_p80_r01	LLU_B__GTCTCGTGTCTAGAGG	GTCTCGTGTCTAGAGG	LLU_B	normal	0.8	1
LLU_p80_r01	LLU_B__TAGTGGTGTCACCCAG	TAGTGGTGTCACCCAG	LLU_B	normal	0.8	1
LLU_p80_r01	LLU_B__GTAACGTCATTTCACT	GTAACGTCATTTCACT	LLU_B	normal	0.8	1
LLU_p80_r01	LLU_B__TGCGCAGTCGTCCAGG	TGCGCAGTCGTCCAGG	LLU_B	normal	0.8	1
LLU_p80_r01	LLU_B__TCAATCTGTTATGCGT	TCAATCTGTTATGCGT	LLU_B	normal	0.8	1
LLU_p80_r01	LLU_B__TGAGCATTCAGCTCGG	TGAGCATTCAGCTCGG	LLU_B	normal	0.8	1
LLU_p80_r01	LLU_B__TGATTTCGTCTGATCA	TGATTTCGTCTGATCA	LLU_B	normal	0.8	1
LLU_p80_r01	LLU_B__TGTCCCAAGACAGACC	TGTCCCAAGACAGACC	LLU_B	normal	0.8	1
LLU_p80_r01	LLU_B__TGTGTTTAGAGTAAGG	TGTGTTTAGAGTAAGG	LLU_B	normal	0.8	1
LLU_p80_r01	LLU_B__TAGGCATAGATATACG	TAGGCATAGATATACG	LLU_B	normal	0.8	1
LLU_p80_r01	LLU_B__TGGGCGTCATAAAGGT	TGGGCGTCATAAAGGT	LLU_B	normal	0.8	1
LLU_p80_r01	LLU_B__ACGGAGAGTCCCTACT	ACGGAGAGTCCCTACT	LLU_B	normal	0.8	1
LLU_p80_r01	LLU_B__GGCTGGTAGCGGCTTC	GGCTGGTAGCGGCTTC	LLU_B	normal	0.8	1
LLU_p80_r01	LLU_B__AGAATAGCAGGCGATA	AGAATAGCAGGCGATA	LLU_B	normal	0.8	1
LLU_p80_r01	LLU_B__TAGAGCTGTTCCATGA	TAGAGCTGTTCCATGA	LLU_B	normal	0.8	1
LLU_p80_r01	LLU_B__TGCCAAATCGCCCTTA	TGCCAAATCGCCCTTA	LLU_B	normal	0.8	1
LLU_p80_r01	LLU_B__AGAGCTTCAAAGCAAT	AGAGCTTCAAAGCAAT	LLU_B	normal	0.8	1
LLU_p80_r01	LLU_B__ACATCAGTCTGAGGGA	ACATCAGTCTGAGGGA	LLU_B	normal	0.8	1
LLU_p80_r01	LLU_B__CATATGGGTTTAGGAA	CATATGGGTTTAGGAA	LLU_B	normal	0.8	1
LLU_p80_r01	LLU_B__CGGCTAGGTTTAAGCC	CGGCTAGGTTTAAGCC	LLU_B	normal	0.8	1
LLU_p80_r01	LLU_B__GTTAAGCGTCTAGCCG	GTTAAGCGTCTAGCCG	LLU_B	normal	0.8	1
LLU_p80_r01	LLU_B__AAATGCCAGAATTGTG	AAATGCCAGAATTGTG	LLU_B	normal	0.8	1
LLU_p80_r01	LLU_B__GCAGCCACAGTAAGAT	GCAGCCACAGTAAGAT	LLU_B	normal	0.8	1
LLU_p80_r01	LLU_B__TTCTCAACAAGTTGTC	TTCTCAACAAGTTGTC	LLU_B	normal	0.8	1
LLU_p80_r01	LLU_B__GCACATACAGTCAGAG	GCACATACAGTCAGAG	LLU_B	normal	0.8	1
LLU_p80_r01	LLU_B__GATCTAGAGCTCCTCT	GATCTAGAGCTCCTCT	LLU_B	normal	0.8	1
LLU_p80_r01	LLU_B__TTCGGTCCAGTGACAG	TTCGGTCCAGTGACAG	LLU_B	normal	0.8	1
LLU_p80_r01	LLU_B__TTGACTTAGTGAACAT	TTGACTTAGTGAACAT	LLU_B	normal	0.8	1
LLU_p80_r01	LLU_B__TCTCTAAGTTTCCACC	TCTCTAAGTTTCCACC	LLU_B	normal	0.8	1
LLU_p80_r01	LLU_B__TCTTCGGTCACATAGC	TCTTCGGTCACATAGC	LLU_B	normal	0.8	1
LLU_p80_r01	LLU_B__TTAGGACTCGCGTTTC	TTAGGACTCGCGTTTC	LLU_B	normal	0.8	1
LLU_p80_r01	LLU_B__GACTACACAATTGCTG	GACTACACAATTGCTG	LLU_B	normal	0.8	1
LLU_p80_r01	LLU_B__CTTGGCTTCAGGTTCA	CTTGGCTTCAGGTTCA	LLU_B	normal	0.8	1
LLU_p80_r01	LLU_B__TGGACGCAGCACACAG	TGGACGCAGCACACAG	LLU_B	normal	0.8	1
LLU_p80_r01	LLU_B__CACCAGGCACAACTGT	CACCAGGCACAACTGT	LLU_B	normal	0.8	1
LLU_p80_r01	LLU_B__CTGCTGTCACCTCGTT	CTGCTGTCACCTCGTT	LLU_B	normal	0.8	1
LLU_p80_r01	LLU_B__ATCATGGCAATACGCT	ATCATGGCAATACGCT	LLU_B	normal	0.8	1
LLU_p80_r01	LLU_B__CGCGGTAAGGAGTAGA	CGCGGTAAGGAGTAGA	LLU_B	normal	0.8	1
LLU_p80_r01	LLU_B__GAGCAGACATAGTAAG	GAGCAGACATAGTAAG	LLU_B	normal	0.8	1
LLU_p80_r01	LLU_B__TGGCTGGTCAGCCTAA	TGGCTGGTCAGCCTAA	LLU_B	normal	0.8	1
LLU_p80_r01	LLU_B__CAGCGACGTGGCCCTA	CAGCGACGTGGCCCTA	LLU_B	normal	0.8	1
LLU_p80_r01	LLU_B__CAGATCAAGGTTCCTA	CAGATCAAGGTTCCTA	LLU_B	normal	0.8	1
LLU_p80_r01	LLU_B__TCTCTAAGTCAACTGT	TCTCTAAGTCAACTGT	LLU_B	normal	0.8	1
LLU_p80_r01	LLU_B__CAGTAACTCCACGAAT	CAGTAACTCCACGAAT	LLU_B	normal	0.8	1
LLU_p80_r01	LLU_B__ACGATGTAGTCAAGGC	ACGATGTAGTCAAGGC	LLU_B	normal	0.8	1
LLU_p80_r01	LLU_B__TGTTCCGTCACAACGT	TGTTCCGTCACAACGT	LLU_B	normal	0.8	1
LLU_p80_r01	LLU_B__GAATAAGAGGCAGGTT	GAATAAGAGGCAGGTT	LLU_B	normal	0.8	1
LLU_p80_r01	LLU_B__CGCGTTTCAATCTACG	CGCGTTTCAATCTACG	LLU_B	normal	0.8	1
LLU_p80_r01	LLU_B__ATCCACCGTCTCTCGT	ATCCACCGTCTCTCGT	LLU_B	normal	0.8	1
LLU_p80_r01	LLU_B__GAGGTGAGTTCAGTAC	GAGGTGAGTTCAGTAC	LLU_B	normal	0.8	1
LLU_p80_r01	LLU_B__CATCGAATCTAACTTC	CATCGAATCTAACTTC	LLU_B	normal	0.8	1
LLU_p80_r01	LLU_B__TTCTACAGTGTTAAGA	TTCTACAGTGTTAAGA	LLU_B	normal	0.8	1
LLU_p80_r01	LLU_B__CTTAGGAAGGATGCGT	CTTAGGAAGGATGCGT	LLU_B	normal	0.8	1
LLU_p80_r01	LLU_B__TGCCAAAGTCCGTCAG	TGCCAAAGTCCGTCAG	LLU_B	normal	0.8	1
LLU_p80_r01	LLU_B__TATCTCATCAACCAAC	TATCTCATCAACCAAC	LLU_B	normal	0.8	1
LLU_p80_r01	LLU_B__TATCTCATCCCACTTG	TATCTCATCCCACTTG	LLU_B	normal	0.8	1
LLU_p80_r01	LLU_B__GGGAATGCAAGCCGCT	GGGAATGCAAGCCGCT	LLU_B	normal	0.8	1
LLU_p80_r01	LLU_B__TCTCTAAAGAATGTTG	TCTCTAAAGAATGTTG	LLU_B	normal	0.8	1
LLU_p80_r01	LLU_B__TCGGTAATCAGCATGT	TCGGTAATCAGCATGT	LLU_B	normal	0.8	1
LLU_p80_r01	LLU_B__TTGCGTCTCACGATGT	TTGCGTCTCACGATGT	LLU_B	normal	0.8	1
LLU_p80_r01	LLU_B__GTATCTTCAGCTCGCA	GTATCTTCAGCTCGCA	LLU_B	normal	0.8	1
LLU_p80_r01	LLU_B__GGACAGACATGTTGAC	GGACAGACATGTTGAC	LLU_B	normal	0.8	1
LLU_p80_r01	LLU_B__TACGGATGTTCAGTAC	TACGGATGTTCAGTAC	LLU_B	normal	0.8	1
LLU_p80_r01	LLU_B__ACCCACTGTGAGTATA	ACCCACTGTGAGTATA	LLU_B	normal	0.8	1
LLU_p80_r01	LLU_B__GTACTTTAGCTGAAAT	GTACTTTAGCTGAAAT	LLU_B	normal	0.8	1
LLU_p80_r01	LLU_B__TGACTAGAGGTACTCT	TGACTAGAGGTACTCT	LLU_B	normal	0.8	1
LLU_p80_r01	LLU_B__TGTTCCGGTCAGCTAT	TGTTCCGGTCAGCTAT	LLU_B	normal	0.8	1
LLU_p80_r01	LLU_B__ATTCTACTCTGCTTGC	ATTCTACTCTGCTTGC	LLU_B	normal	0.8	1
LLU_p80_r01	LLU_B__CTCTGGTTCCCTCTTT	CTCTGGTTCCCTCTTT	LLU_B	normal	0.8	1
LLU_p80_r01	LLU_B__AATCGGTGTTCGCGAC	AATCGGTGTTCGCGAC	LLU_B	normal	0.8	1
LLU_p80_r01	LLU_B__CGTCAGGGTGTGAAAT	CGTCAGGGTGTGAAAT	LLU_B	normal	0.8	1
LLU_p80_r01	LLU_B__CAAGGCCAGACGACGT	CAAGGCCAGACGACGT	LLU_B	normal	0.8	1
LLU_p80_r01	LLU_B__GTGGGTCTCAGAAATG	GTGGGTCTCAGAAATG	LLU_B	normal	0.8	1
LLU_p80_r01	LLU_B__CGCTTCAGTCGGGTCT	CGCTTCAGTCGGGTCT	LLU_B	normal	0.8	1
LLU_p80_r01	LLU_B__GACGTTAAGGCTATCT	GACGTTAAGGCTATCT	LLU_B	normal	0.8	1
LLU_p80_r01	LLU_B__TGACTAGGTACTTCTT	TGACTAGGTACTTCTT	LLU_B	normal	0.8	1
LLU_p80_r01	LLU_B__CCTTACGTCACTCTTA	CCTTACGTCACTCTTA	LLU_B	normal	0.8	1
LLU_p80_r01	LLU_B__GATCGTAAGCGTGAAC	GATCGTAAGCGTGAAC	LLU_B	normal	0.8	1
LLU_p80_r01	LLU_B__CGACTTCTCGAATCCA	CGACTTCTCGAATCCA	LLU_B	normal	0.8	1
LLU_p80_r01	LLU_B__ATAGACCTCAGCTGGC	ATAGACCTCAGCTGGC	LLU_B	normal	0.8	1
LLU_p80_r01	LLU_B__TATCTCATCCACGCAG	TATCTCATCCACGCAG	LLU_B	normal	0.8	1
LLU_p80_r01	LLU_B__CCTATTAAGTTCGATC	CCTATTAAGTTCGATC	LLU_B	normal	0.8	1
LLU_p80_r01	LLU_B__GTGTGCGAGTTCGCGC	GTGTGCGAGTTCGCGC	LLU_B	normal	0.8	1
LLU_p80_r01	LLU_B__ACGCCGAAGCCTCGTG	ACGCCGAAGCCTCGTG	LLU_B	normal	0.8	1
LLU_p80_r01	LLU_B__CACCACTGTCTTTCAT	CACCACTGTCTTTCAT	LLU_B	normal	0.8	1
LLU_p80_r01	LLU_B__CGTAGGCCATCTCCCA	CGTAGGCCATCTCCCA	LLU_B	normal	0.8	1
LLU_p80_r01	LLU_B__ATTGGTGTCTTAGAGC	ATTGGTGTCTTAGAGC	LLU_B	normal	0.8	1
LLU_p80_r01	LLU_B__ATCGAGTTCTCATTCA	ATCGAGTTCTCATTCA	LLU_B	normal	0.8	1
LLU_p80_r01	LLU_B__CATCGGGTCAAGGTAA	CATCGGGTCAAGGTAA	LLU_B	normal	0.8	1
LLU_p80_r01	LLU_B__GTAGGCCTCATATCGG	GTAGGCCTCATATCGG	LLU_B	normal	0.8	1
LLU_p80_r01	LLU_B__TTCGGTCTCATCGCTC	TTCGGTCTCATCGCTC	LLU_B	normal	0.8	1
LLU_p80_r01	LLU_B__AGGGATGGTGTATGGG	AGGGATGGTGTATGGG	LLU_B	normal	0.8	1
LLU_p80_r01	LLU_B__CACCACTAGTTGAGTA	CACCACTAGTTGAGTA	LLU_B	normal	0.8	1
LLU_p80_r01	LLU_B__TTGGAACGTGGACGAT	TTGGAACGTGGACGAT	LLU_B	normal	0.8	1
LLU_p80_r01	LLU_B__CATCGGGCAGCCTATA	CATCGGGCAGCCTATA	LLU_B	normal	0.8	1
LLU_p80_r01	LLU_B__GCGGGTTAGGACACCA	GCGGGTTAGGACACCA	LLU_B	normal	0.8	1
LLU_p80_r01	LLU_B__CACAGTAAGCTAACTC	CACAGTAAGCTAACTC	LLU_B	normal	0.8	1
LLU_p80_r01	LLU_B__CATATGGGTCTTGATG	CATATGGGTCTTGATG	LLU_B	normal	0.8	1
LLU_p80_r01	LLU_B__CACATAGAGAATAGGG	CACATAGAGAATAGGG	LLU_B	normal	0.8	1
LLU_p80_r01	LLU_B__GTTCTCGAGGAGCGTT	GTTCTCGAGGAGCGTT	LLU_B	normal	0.8	1
LLU_p80_r01	LLU_B__ACGCCAGCACATCCGG	ACGCCAGCACATCCGG	LLU_B	normal	0.8	1
LLU_p80_r01	LLU_B__GGAACTTGTCAACTGT	GGAACTTGTCAACTGT	LLU_B	normal	0.8	1
LLU_p80_r01	LLU_B__GACCTGGTCAGATAAG	GACCTGGTCAGATAAG	LLU_B	normal	0.8	1
LLU_p80_r01	LLU_B__CGTCTACGTCTAGTCA	CGTCTACGTCTAGTCA	LLU_B	normal	0.8	1
LLU_p80_r01	LLU_B__ATAAGAGTCTCTAAGG	ATAAGAGTCTCTAAGG	LLU_B	normal	0.8	1
LLU_p80_r01	LLU_B__GTACTCCGTGGCAAAC	GTACTCCGTGGCAAAC	LLU_B	normal	0.8	1
LLU_p80_r01	LLU_B__GATCGATCAAGTAATG	GATCGATCAAGTAATG	LLU_B	normal	0.8	1
LLU_p80_r01	LLU_B__ACTGTCCAGAGTGAGA	ACTGTCCAGAGTGAGA	LLU_B	normal	0.8	1
LLU_p80_r01	LLU_B__CTCTAATAGGTTCCTA	CTCTAATAGGTTCCTA	LLU_B	normal	0.8	1
LLU_p80_r01	LLU_B__GCTGCGAAGGCAGGTT	GCTGCGAAGGCAGGTT	LLU_B	normal	0.8	1
LLU_p80_r01	LLU_B__TCATTACGTAGCACGA	TCATTACGTAGCACGA	LLU_B	normal	0.8	1
LLU_p80_r01	LLU_B__GCGGGTTCATGGTCAT	GCGGGTTCATGGTCAT	LLU_B	normal	0.8	1
LLU_p80_r01	LLU_B__TGGCTGGTCGTACCGG	TGGCTGGTCGTACCGG	LLU_B	normal	0.8	1
LLU_p80_r01	LLU_B__GCTGCTTTCGCTAGCG	GCTGCTTTCGCTAGCG	LLU_B	normal	0.8	1
LLU_p80_r01	LLU_B__ACATGGTCACCGCTAG	ACATGGTCACCGCTAG	LLU_B	normal	0.8	1
LLU_p80_r01	LLU_B__CAAGTTGAGGGAAACA	CAAGTTGAGGGAAACA	LLU_B	normal	0.8	1
LLU_p80_r01	LLU_B__GTCACAACAAGAGTCG	GTCACAACAAGAGTCG	LLU_B	normal	0.8	1
LLU_p80_r01	LLU_B__CGTAGGCAGTTTAGGA	CGTAGGCAGTTTAGGA	LLU_B	normal	0.8	1
LLU_p80_r01	LLU_B__AACACGTAGAGTGAGA	AACACGTAGAGTGAGA	LLU_B	normal	0.8	1
LLU_p80_r01	LLU_B__ACACCCTAGGGTTCCC	ACACCCTAGGGTTCCC	LLU_B	normal	0.8	1
LLU_p80_r01	LLU_B__GGGCACTAGGTGGGTT	GGGCACTAGGTGGGTT	LLU_B	normal	0.8	1
LLU_p80_r01	LLU_B__ACTTGTTCACAAGACG	ACTTGTTCACAAGACG	LLU_B	normal	0.8	1
LLU_p80_r01	LLU_B__CCTAAAGAGGAGCGTT	CCTAAAGAGGAGCGTT	LLU_B	normal	0.8	1
LLU_p80_r01	LLU_B__TGCACCTGTCTAAAGA	TGCACCTGTCTAAAGA	LLU_B	normal	0.8	1
LLU_p80_r01	LLU_B__GTTACAGAGCCCGAAA	GTTACAGAGCCCGAAA	LLU_B	normal	0.8	1
LLU_p80_r01	LLU_B__CAAGGCCCATATGCTG	CAAGGCCCATATGCTG	LLU_B	normal	0.8	1
LLU_p80_r01	LLU_B__TGAGCATGTTCGCGAC	TGAGCATGTTCGCGAC	LLU_B	normal	0.8	1
LLU_p80_r01	LLU_B__CTTCTCTCAAAGGAAG	CTTCTCTCAAAGGAAG	LLU_B	normal	0.8	1
LLU_p80_r01	LLU_B__TACTCGCCAAACGTGG	TACTCGCCAAACGTGG	LLU_B	normal	0.8	1
LLU_p80_r01	LLU_B__GACGTTACACGGTAAG	GACGTTACACGGTAAG	LLU_B	normal	0.8	1
LLU_p80_r01	LLU_B__GGACGTCCAGCAGTTT	GGACGTCCAGCAGTTT	LLU_B	normal	0.8	1
LLU_p80_r01	LLU_B__AACCGCGTCTTGCAAG	AACCGCGTCTTGCAAG	LLU_B	normal	0.8	1
LLU_p80_r01	LLU_B__CTCGAAAGTTGTGGCC	CTCGAAAGTTGTGGCC	LLU_B	normal	0.8	1
LLU_p80_r01	LLU_B__CGTAGGCTCCCATTTA	CGTAGGCTCCCATTTA	LLU_B	normal	0.8	1
LLU_p80_r01	LLU_B__TGGCCAGAGACTACAA	TGGCCAGAGACTACAA	LLU_B	normal	0.8	1
LLU_p80_r01	LLU_B__AATCCAGGTGTATGGG	AATCCAGGTGTATGGG	LLU_B	normal	0.8	1
LLU_p80_r01	LLU_B__TAGACCAGTGTGAAAT	TAGACCAGTGTGAAAT	LLU_B	normal	0.8	1
LLU_p80_r01	LLU_B__TACTTGTTCGAATGCT	TACTTGTTCGAATGCT	LLU_B	normal	0.8	1
LLU_p80_r01	LLU_B__ACCTTTAAGCAGGTCA	ACCTTTAAGCAGGTCA	LLU_B	normal	0.8	1
LLU_p80_r01	LLU_B__CTTACCGGTGCTCTTC	CTTACCGGTGCTCTTC	LLU_B	normal	0.8	1
LLU_p80_r01	LLU_B__GAATGAATCAAACCGT	GAATGAATCAAACCGT	LLU_B	normal	0.8	1
LLU_p80_r01	LLU_B__TGACAACAGCGTGAGT	TGACAACAGCGTGAGT	LLU_B	normal	0.8	1
LLU_p80_r01	LLU_B__CGTGTAACATTATCTC	CGTGTAACATTATCTC	LLU_B	normal	0.8	1
LLU_p80_r01	LLU_B__TACACGAAGATACACA	TACACGAAGATACACA	LLU_B	normal	0.8	1
LLU_p80_r01	LLU_B__CGTCTACTCTAACTTC	CGTCTACTCTAACTTC	LLU_B	normal	0.8	1
LLU_p80_r01	LLU_B__TGAGCCGGTAGAAGGA	TGAGCCGGTAGAAGGA	LLU_B	normal	0.8	1
LLU_p80_r01	LLU_B__CGACCTTGTCTAGGTT	CGACCTTGTCTAGGTT	LLU_B	normal	0.8	1
LLU_p80_r01	LLU_B__CAACCAATCGTTTGCC	CAACCAATCGTTTGCC	LLU_B	normal	0.8	1
LLU_p80_r01	LLU_B__AACTCTTCACATAACC	AACTCTTCACATAACC	LLU_B	normal	0.8	1
LLU_p80_r01	LLU_B__GTACTTTAGCTGATAA	GTACTTTAGCTGATAA	LLU_B	normal	0.8	1
LLU_p80_r01	LLU_B__AAACGGGCAGTACACT	AAACGGGCAGTACACT	LLU_B	normal	0.8	1
LLU_p80_r01	LLU_B__ACATACGGTCCCTACT	ACATACGGTCCCTACT	LLU_B	normal	0.8	1
LLU_p80_r01	LLU_B__GACTACAAGGCATGGT	GACTACAAGGCATGGT	LLU_B	normal	0.8	1
LLU_p80_r01	LLU_B__CTGAAGTAGTCATCCA	CTGAAGTAGTCATCCA	LLU_B	normal	0.8	1
LLU_p80_r01	LLU_B__AGTTGGTTCGGCGCTA	AGTTGGTTCGGCGCTA	LLU_B	normal	0.8	1
LLU_p80_r01	LLU_B__TGCTGCTCACCAGGCT	TGCTGCTCACCAGGCT	LLU_B	normal	0.8	1
LLU_p80_r01	LLU_B__GAATAAGTCCAGTATG	GAATAAGTCCAGTATG	LLU_B	normal	0.8	1
LLU_p80_r01	LLU_B__CTGAAACCAGCTATTG	CTGAAACCAGCTATTG	LLU_B	normal	0.8	1
LLU_p80_r01	LLU_B__GACGCGTAGGGAACGG	GACGCGTAGGGAACGG	LLU_B	normal	0.8	1
LLU_p80_r01	LLU_B__CTTAACTCATGGTCAT	CTTAACTCATGGTCAT	LLU_B	normal	0.8	1
LLU_p80_r01	LLU_B__ATCATCTGTCCATGAT	ATCATCTGTCCATGAT	LLU_B	normal	0.8	1
LLU_p80_r01	LLU_B__GATTCAGCACTACAGT	GATTCAGCACTACAGT	LLU_B	normal	0.8	1
LLU_p80_r01	LLU_B__TACGGATTCTGGCGTG	TACGGATTCTGGCGTG	LLU_B	normal	0.8	1
LLU_p80_r01	LLU_B__GGGACCTCACATAACC	GGGACCTCACATAACC	LLU_B	normal	0.8	1
LLU_p80_r01	LLU_B__ATAAGAGAGGGAAACA	ATAAGAGAGGGAAACA	LLU_B	normal	0.8	1
LLU_p80_r01	LLU_B__TCGAGGCTCTGCGACG	TCGAGGCTCTGCGACG	LLU_B	normal	0.8	1
LLU_p80_r01	LLU_B__GATCGTACAGTTCATG	GATCGTACAGTTCATG	LLU_B	normal	0.8	1
LLU_p80_r01	LLU_B__TTTGGTTAGCTTATCG	TTTGGTTAGCTTATCG	LLU_B	normal	0.8	1
LLU_p80_r01	LLU_B__ACTTTCACACAAGTAA	ACTTTCACACAAGTAA	LLU_B	normal	0.8	1
LLU_p80_r01	LLU_B__GGAATAACAATCACAC	GGAATAACAATCACAC	LLU_B	normal	0.8	1
LLU_p80_r01	LLU_B__GTTTCTACAACTGCGC	GTTTCTACAACTGCGC	LLU_B	normal	0.8	1
LLU_p80_r01	LLU_B__TCTGGAAGTTCCGTCT	TCTGGAAGTTCCGTCT	LLU_B	normal	0.8	1
LLU_p80_r01	LLU_B__GCTGCAGGTGGCTCCA	GCTGCAGGTGGCTCCA	LLU_B	normal	0.8	1
LLU_p80_r01	LLU_B__CTGATCCAGGAATGGA	CTGATCCAGGAATGGA	LLU_B	normal	0.8	1
LLU_p80_r01	LLU_B__TACGGATGTGTTGGGA	TACGGATGTGTTGGGA	LLU_B	normal	0.8	1
LLU_p80_r01	LLU_B__GCAGCCAAGCCCAATT	GCAGCCAAGCCCAATT	LLU_B	normal	0.8	1
LLU_p80_r01	LLU_B__TCATTTGCACGCATCG	TCATTTGCACGCATCG	LLU_B	normal	0.8	1
LLU_p80_r01	LLU_B__CGTGTCTGTAGAGGAA	CGTGTCTGTAGAGGAA	LLU_B	normal	0.8	1
LLU_p80_r01	LLU_B__TAAGCGTGTCCAGTTA	TAAGCGTGTCCAGTTA	LLU_B	normal	0.8	1
LLU_p80_r01	LLU_B__CTAAGACCAAACGCGA	CTAAGACCAAACGCGA	LLU_B	normal	0.8	1
LLU_p80_r01	LLU_B__TTTGCGCGTAGCGATG	TTTGCGCGTAGCGATG	LLU_B	normal	0.8	1
LLU_p80_r01	LLU_B__ACCAGTAGTCCGCTGA	ACCAGTAGTCCGCTGA	LLU_B	normal	0.8	1
LLU_p80_r01	LLU_B__ACGCAGCGTGCCTTGG	ACGCAGCGTGCCTTGG	LLU_B	normal	0.8	1
LLU_p80_r01	LLU_B__AAGGAGCAGCCGCCTA	AAGGAGCAGCCGCCTA	LLU_B	normal	0.8	1
LLU_p80_r01	LLU_B__TCCACACCAAGTAGTA	TCCACACCAAGTAGTA	LLU_B	normal	0.8	1
LLU_p80_r01	LLU_B__TTCTACAAGAGGTTAT	TTCTACAAGAGGTTAT	LLU_B	normal	0.8	1
LLU_p80_r01	LLU_B__GGAATAAGTCAAAGCG	GGAATAAGTCAAAGCG	LLU_B	normal	0.8	1
LLU_p80_r01	LLU_B__CACATTTGTCCGAGTC	CACATTTGTCCGAGTC	LLU_B	normal	0.8	1
LLU_p80_r01	LLU_B__GCTCTGTAGTGGGCTA	GCTCTGTAGTGGGCTA	LLU_B	normal	0.8	1
LLU_p80_r01	LLU_B__GTTCGGGAGTGGCACA	GTTCGGGAGTGGCACA	LLU_B	normal	0.8	1
LLU_p80_r01	LLU_B__CAGCGACTCTGTCCGT	CAGCGACTCTGTCCGT	LLU_B	normal	0.8	1
LLU_p80_r01	LLU_B__TGCGCAGGTTGGACCC	TGCGCAGGTTGGACCC	LLU_B	normal	0.8	1
LLU_p80_r01	LLU_B__GGTGAAGGTTTGTGTG	GGTGAAGGTTTGTGTG	LLU_B	normal	0.8	1
LLU_p80_r01	LLU_B__AGGCCGTTCTACCTGC	AGGCCGTTCTACCTGC	LLU_B	normal	0.8	1
LLU_p80_r01	LLU_B__GCGCCAATCCTTTCGG	GCGCCAATCCTTTCGG	LLU_B	normal	0.8	1
LLU_p80_r01	LLU_B__GATCTAGTCTGTGCAA	GATCTAGTCTGTGCAA	LLU_B	normal	0.8	1
LLU_p80_r01	LLU_B__TATTACCCAGACGCAA	TATTACCCAGACGCAA	LLU_B	normal	0.8	1
LLU_p80_r01	LLU_B__AGGGATGTCGCGTTTC	AGGGATGTCGCGTTTC	LLU_B	normal	0.8	1
LLU_p80_r01	LLU_B__GTATCTTTCTCTTGAT	GTATCTTTCTCTTGAT	LLU_B	normal	0.8	1
LLU_p80_r01	LLU_B__AGTGTCAAGATAGGAG	AGTGTCAAGATAGGAG	LLU_B	normal	0.8	1
LLU_p80_r01	LLU_B__CTCGTCAAGGCATGGT	CTCGTCAAGGCATGGT	LLU_B	normal	0.8	1
LLU_p80_r01	LLU_B__TCAATCTAGATCCCGC	TCAATCTAGATCCCGC	LLU_B	normal	0.8	1
LLU_p80_r01	LLU_B__TCAGATGGTAAGGGCT	TCAGATGGTAAGGGCT	LLU_B	normal	0.8	1
LLU_p80_r01	LLU_B__CCACGGATCTCAACTT	CCACGGATCTCAACTT	LLU_B	normal	0.8	1
LLU_p80_r01	LLU_B__TGTGTTTCAGCTTAAC	TGTGTTTCAGCTTAAC	LLU_B	normal	0.8	1
LLU_p80_r01	LLU_B__CGCGTTTCATGAAGTA	CGCGTTTCATGAAGTA	LLU_B	normal	0.8	1
LLU_p80_r01	LLU_B__CTCCTAGGTTATCACG	CTCCTAGGTTATCACG	LLU_B	normal	0.8	1
LLU_p80_r01	LLU_B__GCGCGATAGGCAATTA	GCGCGATAGGCAATTA	LLU_B	normal	0.8	1
LLU_p80_r01	LLU_B__GGACATTTCGATCCCT	GGACATTTCGATCCCT	LLU_B	normal	0.8	1
LLU_p80_r01	LLU_B__CAACCAACATCCGTGG	CAACCAACATCCGTGG	LLU_B	normal	0.8	1
LLU_p80_r01	LLU_B__CAACCAATCGGAAACG	CAACCAATCGGAAACG	LLU_B	normal	0.8	1
LLU_p80_r01	LLU_B__GGACGTCTCTTGTCAT	GGACGTCTCTTGTCAT	LLU_B	normal	0.8	1
LLU_p80_r01	LLU_B__TCACGAAGTATGAAAC	TCACGAAGTATGAAAC	LLU_B	normal	0.8	1
LLU_p80_r01	LLU_B__CCACGGAGTAGCGTAG	CCACGGAGTAGCGTAG	LLU_B	normal	0.8	1
LLU_p80_r01	LLU_B__GAATGAAAGAGCTGGT	GAATGAAAGAGCTGGT	LLU_B	normal	0.8	1
LLU_p80_r01	LLU_B__GCACATAAGGCCATAG	GCACATAAGGCCATAG	LLU_B	normal	0.8	1
LLU_p80_r01	LLU_B__CTCATTACATCACGAT	CTCATTACATCACGAT	LLU_B	normal	0.8	1
LLU_p80_r01	LLU_B__AGACGTTCAGATGGGT	AGACGTTCAGATGGGT	LLU_B	normal	0.8	1
LLU_p80_r01	LLU_B__TACTTACGTATCACCA	TACTTACGTATCACCA	LLU_B	normal	0.8	1
LLU_p80_r01	LLU_B__ACGCCAGCACGAAAGC	ACGCCAGCACGAAAGC	LLU_B	normal	0.8	1
LLU_p80_r01	LLU_B__ATAAGAGAGAGGTAGA	ATAAGAGAGAGGTAGA	LLU_B	normal	0.8	1
LLU_p80_r01	LLU_B__AGGGAGTGTCAAAGCG	AGGGAGTGTCAAAGCG	LLU_B	normal	0.8	1
LLU_p80_r01	LLU_B__AAAGATGTCTTCGGTC	AAAGATGTCTTCGGTC	LLU_B	normal	0.8	1
LLU_p80_r01	LLU_B__CCATTCGAGCTGTTCA	CCATTCGAGCTGTTCA	LLU_B	normal	0.8	1
LLU_p80_r01	LLU_B__GTAACGTAGGCTCAGA	GTAACGTAGGCTCAGA	LLU_B	normal	0.8	1
LLU_p80_r01	LLU_B__CTGTTTAAGCAGCGTA	CTGTTTAAGCAGCGTA	LLU_B	normal	0.8	1
LLU_p80_r01	LLU_B__CTTTGCGGTCTACCTC	CTTTGCGGTCTACCTC	LLU_B	normal	0.8	1
LLU_p80_r01	LLU_B__CATATTCCAGATCCAT	CATATTCCAGATCCAT	LLU_B	normal	0.8	1
LLU_p80_r01	LLU_B__TGCGTGGGTCCAACTA	TGCGTGGGTCCAACTA	LLU_B	normal	0.8	1
LLU_p80_r01	LLU_B__AACCATGGTGCCTGTG	AACCATGGTGCCTGTG	LLU_B	normal	0.8	1
LLU_p80_r01	LLU_B__GTGAAGGAGGAATGGA	GTGAAGGAGGAATGGA	LLU_B	normal	0.8	1
LLU_p80_r01	LLU_B__GACGTTATCTTGAGGT	GACGTTATCTTGAGGT	LLU_B	normal	0.8	1
LLU_p80_r01	LLU_B__CTCATTAGTAAGGATT	CTCATTAGTAAGGATT	LLU_B	normal	0.8	1
LLU_p80_r01	LLU_B__AACACGTAGCATGGCA	AACACGTAGCATGGCA	LLU_B	normal	0.8	1
LLU_p80_r01	LLU_B__TTTATGCAGCTTCGCG	TTTATGCAGCTTCGCG	LLU_B	normal	0.8	1
LLU_p80_r01	LLU_B__GAGTCCGCACGAAAGC	GAGTCCGCACGAAAGC	LLU_B	normal	0.8	1
LLU_p80_r01	LLU_B__AAACGGGCAAGGTTTC	AAACGGGCAAGGTTTC	LLU_B	normal	0.8	1
LLU_p80_r01	LLU_B__GTTCTCGGTAAAGTCA	GTTCTCGGTAAAGTCA	LLU_B	normal	0.8	1
LLU_p80_r01	LLU_B__GTCGTAACACTGTCGG	GTCGTAACACTGTCGG	LLU_B	normal	0.8	1
LLU_p80_r01	LLU_B__TGGCCAGAGCCTTGAT	TGGCCAGAGCCTTGAT	LLU_B	normal	0.8	1
LLU_p80_r01	LLU_B__CACACTCCACATAACC	CACACTCCACATAACC	LLU_B	normal	0.8	1
LLU_p80_r01	LLU_B__ACGGAGAAGTGAAGTT	ACGGAGAAGTGAAGTT	LLU_B	normal	0.8	1
LLU_p80_r01	LLU_B__CATATTCAGTGTGGCA	CATATTCAGTGTGGCA	LLU_B	normal	0.8	1
LLU_p80_r01	LLU_B__AGACGTTGTAGCTGCC	AGACGTTGTAGCTGCC	LLU_B	normal	0.8	1
LLU_p80_r01	LLU_B__TTAGGACCAATCTGCA	TTAGGACCAATCTGCA	LLU_B	normal	0.8	1
LLU_p80_r01	LLU_B__GTGTGCGTCCAGTAGT	GTGTGCGTCCAGTAGT	LLU_B	normal	0.8	1
LLU_p80_r01	LLU_B__TAGCCGGCATTAGGCT	TAGCCGGCATTAGGCT	LLU_B	normal	0.8	1
LLU_p80_r01	LLU_B__TGAGCATAGATGTGTA	TGAGCATAGATGTGTA	LLU_B	normal	0.8	1
LLU_p80_r01	LLU_B__ATGCGATGTCTTCGTC	ATGCGATGTCTTCGTC	LLU_B	normal	0.8	1
LLU_p80_r01	LLU_B__CGTGAGCAGTTACCCA	CGTGAGCAGTTACCCA	LLU_B	normal	0.8	1
LLU_p80_r01	LLU_B__CCCATACAGCGATGAC	CCCATACAGCGATGAC	LLU_B	normal	0.8	1
LLU_p80_r01	LLU_B__GTGGGTCGTTCGTCTC	GTGGGTCGTTCGTCTC	LLU_B	normal	0.8	1
LLU_p80_r01	LLU_B__CCGGGATAGTACTTGC	CCGGGATAGTACTTGC	LLU_B	normal	0.8	1
LLU_p80_r01	LLU_B__CTACGTCAGATCTGAA	CTACGTCAGATCTGAA	LLU_B	normal	0.8	1
LLU_p80_r01	LLU_B__CTCGAGGGTCAAGCGA	CTCGAGGGTCAAGCGA	LLU_B	normal	0.8	1
LLU_p80_r01	LLU_B__GCTTCCATCGAACGGA	GCTTCCATCGAACGGA	LLU_B	normal	0.8	1
LLU_p80_r01	LLU_B__TGACTAGTCACTTACT	TGACTAGTCACTTACT	LLU_B	normal	0.8	1
LLU_p80_r01	LLU_B__CTACACCGTCAGAGGT	CTACACCGTCAGAGGT	LLU_B	normal	0.8	1
LLU_p80_r01	LLU_B__ATGTGTGCACCGATAT	ATGTGTGCACCGATAT	LLU_B	normal	0.8	1
LLU_p80_r01	LLU_B__CAGCTAAAGTGTGGCA	CAGCTAAAGTGTGGCA	LLU_B	normal	0.8	1
LLU_p80_r01	LLU_B__TGGTTAGGTAGTACCT	TGGTTAGGTAGTACCT	LLU_B	normal	0.8	1
LLU_p80_r01	LLU_B__CTCGAGGTCGGTGTCG	CTCGAGGTCGGTGTCG	LLU_B	normal	0.8	1
LLU_p80_r01	LLU_B__TAAGAGACATCAGTAC	TAAGAGACATCAGTAC	LLU_B	normal	0.8	1
LLU_p80_r01	LLU_B__TGACTAGAGGACACCA	TGACTAGAGGACACCA	LLU_B	normal	0.8	1
LLU_p80_r01	LLU_B__GAAGCAGGTCTGATCA	GAAGCAGGTCTGATCA	LLU_B	normal	0.8	1
LLU_p80_r01	LLU_B__ACTGAACCACAGTCGC	ACTGAACCACAGTCGC	LLU_B	normal	0.8	1
LLU_p80_r01	LLU_B__TATCAGGGTCTAGTCA	TATCAGGGTCTAGTCA	LLU_B	normal	0.8	1
LLU_p80_r01	LLU_B__CATCGAACAGATCGGA	CATCGAACAGATCGGA	LLU_B	normal	0.8	1
LLU_p80_r01	LLU_B__TGTCCCAGTCAATACC	TGTCCCAGTCAATACC	LLU_B	normal	0.8	1
LLU_p80_r01	LLU_B__TTTGTCACAACACGCC	TTTGTCACAACACGCC	LLU_B	normal	0.8	1
LLU_p80_r01	LLU_B__CTGAAACGTCCTAGCG	CTGAAACGTCCTAGCG	LLU_B	normal	0.8	1
LLU_p80_r01	LLU_B__CTTGGCTTCTATCCTA	CTTGGCTTCTATCCTA	LLU_B	normal	0.8	1
LLU_p80_r01	LLU_B__GGGATGATCCACGAAT	GGGATGATCCACGAAT	LLU_B	normal	0.8	1
LLU_p80_r01	LLU_B__AACTCAGAGAAAGTGG	AACTCAGAGAAAGTGG	LLU_B	normal	0.8	1
LLU_p80_r01	LLU_B__CGCTTCACAAACCCAT	CGCTTCACAAACCCAT	LLU_B	normal	0.8	1
LLU_p80_r01	LLU_B__TCATTACAGCGATGAC	TCATTACAGCGATGAC	LLU_B	normal	0.8	1
LLU_p80_r01	LLU_B__GTACGTAAGCAAATCA	GTACGTAAGCAAATCA	LLU_B	normal	0.8	1
LLU_p80_r01	LLU_B__CAAGGCCTCACTTATC	CAAGGCCTCACTTATC	LLU_B	normal	0.8	1
LLU_p80_r01	LLU_B__AACTTTCAGGCTAGGT	AACTTTCAGGCTAGGT	LLU_B	normal	0.8	1
LLU_p80_r01	LLU_B__TAAGCGTCAATGGACG	TAAGCGTCAATGGACG	LLU_B	normal	0.8	1
LLU_p80_r01	LLU_B__TCTCATAAGTGACATA	TCTCATAAGTGACATA	LLU_B	normal	0.8	1
LLU_p80_r01	LLU_B__ACATACGAGGGAACGG	ACATACGAGGGAACGG	LLU_B	normal	0.8	1
LLU_p80_r01	LLU_B__CTCGAGGGTGCTAGCC	CTCGAGGGTGCTAGCC	LLU_B	normal	0.8	1
LLU_p80_r01	LLU_B__GTCAAGTAGGTAGCCA	GTCAAGTAGGTAGCCA	LLU_B	normal	0.8	1
LLU_p80_r01	LLU_B__ATAAGAGAGCCACGTC	ATAAGAGAGCCACGTC	LLU_B	normal	0.8	1
LLU_p80_r01	LLU_B__GTAGGCCCAAGTCTAC	GTAGGCCCAAGTCTAC	LLU_B	normal	0.8	1
